time_s,target_velocity_mps,actual_velocity_mps,error_mps,torque_nm,brake_pct,p_term_nm,i_term_nm,d_term_nm,integral,est_mass_kg,est_drag,model_conf,steering_deg
0.010,12.000,0.000,12.000,62400.000,0.000,0.000,0.000,0.000,0.000,200000.0,3.500,0.30,0.00
0.020,12.000,0.000,12.000,62400.000,0.000,0.000,0.000,0.000,0.000,200000.0,3.500,0.30,0.00
0.030,12.000,0.010,11.990,62400.000,0.000,0.000,0.000,0.000,0.000,200000.0,3.500,0.30,0.00
0.040,12.000,0.020,11.980,62368.800,0.000,0.000,0.000,0.000,0.000,199896.0,3.500,0.30,0.00
0.050,12.000,0.020,11.980,62368.817,0.000,0.000,0.000,0.000,0.000,199896.1,3.500,0.30,0.00
0.060,12.000,0.020,11.980,62400.001,0.000,0.000,0.000,0.000,0.000,200000.0,3.500,0.30,0.00
0.070,12.000,0.060,11.940,62306.435,0.000,0.000,0.000,0.000,0.000,199688.1,3.500,0.30,0.00
0.080,12.000,0.070,11.930,62181.685,0.000,0.000,0.000,0.000,0.000,199272.3,3.500,0.30,0.00
0.090,12.000,0.070,11.930,62181.750,0.000,0.000,0.000,0.000,0.000,199272.5,3.500,0.31,0.00
0.100,12.000,0.080,11.920,62181.752,0.000,0.000,0.000,0.000,0.000,199272.5,3.500,0.31,0.00
0.110,12.000,0.110,11.890,62088.485,0.000,0.000,0.000,0.000,0.000,198961.6,3.500,0.31,0.00
0.120,12.000,0.110,11.890,62026.352,0.000,0.000,0.000,0.000,0.000,198754.5,3.500,0.31,0.00
0.130,12.000,0.130,11.870,61995.345,0.000,0.000,0.000,0.000,0.000,198651.1,3.500,0.31,0.00
0.140,12.000,0.130,11.870,61964.348,0.000,0.000,0.000,0.000,0.000,198547.8,3.500,0.31,0.00
0.150,12.000,0.150,11.850,61933.372,0.000,0.000,0.000,0.000,0.000,198444.5,3.500,0.31,0.00
0.160,12.000,0.150,11.850,61902.406,0.000,0.000,0.000,0.000,0.000,198341.3,3.500,0.31,0.00
0.170,12.000,0.180,11.820,61840.499,0.000,0.000,0.000,0.000,0.000,198134.9,3.500,0.31,0.00
0.180,12.000,0.190,11.810,61747.682,0.000,0.000,0.000,0.000,0.000,197825.5,3.500,0.32,0.00
0.190,12.000,0.190,11.810,61747.730,0.000,0.000,0.000,0.000,0.000,197825.6,3.500,0.32,0.00
0.200,12.000,0.210,11.790,61716.865,0.000,0.000,0.000,0.000,0.000,197722.7,3.500,0.32,0.00
0.210,12.000,0.220,11.780,61655.138,0.000,0.000,0.000,0.000,0.000,197517.0,3.500,0.32,0.00
0.220,12.000,0.220,11.780,61655.170,0.000,0.000,0.000,0.000,0.000,197517.1,3.500,0.32,0.00
0.230,12.000,0.250,11.750,61593.529,0.000,0.000,0.000,0.000,0.000,197311.5,3.500,0.32,0.00
0.240,12.000,0.260,11.740,61501.084,0.000,0.000,0.000,0.000,0.000,197003.4,3.500,0.32,0.00
0.250,12.000,0.260,11.740,61501.132,0.000,0.000,0.000,0.000,0.000,197003.5,3.500,0.32,0.00
0.260,12.000,0.260,11.740,61531.883,0.000,0.000,0.000,0.000,0.000,197106.0,3.500,0.32,0.00
0.270,12.000,0.280,11.720,61501.128,0.000,0.000,0.000,0.000,0.000,197003.5,3.500,0.32,0.00
0.280,12.000,0.310,11.690,61378.098,0.000,0.000,0.000,0.000,0.000,196593.3,3.500,0.33,0.00
0.290,12.000,0.320,11.680,61285.918,0.000,0.000,0.000,0.000,0.000,196286.0,3.500,0.33,0.00
0.300,12.000,0.320,11.680,61285.966,0.000,0.000,0.000,0.000,0.000,196286.2,3.500,0.33,0.00
0.310,12.000,0.340,11.660,61255.336,0.000,0.000,0.000,0.000,0.000,196184.1,3.500,0.33,0.00
0.320,12.000,0.340,11.660,61224.709,0.000,0.000,0.000,0.000,0.000,196082.0,3.500,0.33,0.00
0.330,12.000,0.360,11.640,61194.112,0.000,0.000,0.000,0.000,0.000,195979.9,3.500,0.33,0.00
0.340,12.000,0.360,11.640,61163.516,0.000,0.000,0.000,0.000,0.000,195877.9,3.500,0.33,0.00
0.350,12.000,0.390,11.610,61102.361,0.000,0.000,0.000,0.000,0.000,195674.0,3.500,0.33,0.00
0.360,12.000,0.400,11.600,61010.656,0.000,0.000,0.000,0.000,0.000,195368.3,3.500,0.33,0.00
0.370,12.000,0.410,11.590,60980.161,0.000,0.000,0.000,0.000,0.000,195266.6,3.500,0.33,0.00
0.380,12.000,0.420,11.580,60949.681,0.000,0.000,0.000,0.000,0.000,195165.0,3.500,0.34,0.00
0.390,12.000,0.420,11.580,60949.697,0.000,0.000,0.000,0.000,0.000,195165.0,3.500,0.34,0.00
0.400,12.000,0.450,11.550,60888.774,0.000,0.000,0.000,0.000,0.000,194961.9,3.500,0.34,0.00
0.410,12.000,0.460,11.540,60797.391,0.000,0.000,0.000,0.000,0.000,194657.2,3.500,0.34,0.00
0.420,12.000,0.460,11.540,60797.439,0.000,0.000,0.000,0.000,0.000,194657.4,3.500,0.34,0.00
0.430,12.000,0.460,11.540,60827.837,0.000,0.000,0.000,0.000,0.000,194758.7,3.500,0.34,0.00
0.440,12.000,0.460,11.540,60858.220,0.000,0.000,0.000,0.000,0.000,194860.0,3.500,0.34,0.00
0.450,12.000,0.460,11.540,60888.618,0.000,0.000,0.000,0.000,0.000,194961.3,3.500,0.34,0.00
0.460,12.000,0.480,11.520,60858.193,0.000,0.000,0.000,0.000,0.000,194859.8,3.500,0.34,0.00
0.470,12.000,0.530,11.470,60675.596,0.000,0.000,0.000,0.000,0.000,194251.0,3.500,0.34,0.00
0.480,12.000,0.530,11.470,60553.975,0.000,0.000,0.000,0.000,0.000,193845.6,3.500,0.35,0.00
0.490,12.000,0.550,11.450,60523.724,0.000,0.000,0.000,0.000,0.000,193744.7,3.500,0.35,0.00
0.500,12.000,0.550,11.450,60493.462,0.000,0.000,0.000,0.000,0.000,193643.8,3.500,0.35,0.00
0.510,12.000,0.570,11.430,60463.240,0.000,0.000,0.000,0.000,0.000,193543.0,3.500,0.35,0.00
0.520,12.000,0.570,11.430,60433.009,0.000,0.000,0.000,0.000,0.000,193442.2,3.500,0.35,0.00
0.530,12.000,0.590,11.410,60402.817,0.000,0.000,0.000,0.000,0.000,193341.5,3.500,0.35,0.00
0.540,12.000,0.610,11.390,60312.209,0.000,0.000,0.000,0.000,0.000,193039.4,3.500,0.35,0.00
0.550,12.000,0.610,11.390,60282.055,0.000,0.000,0.000,0.000,0.000,192938.9,3.500,0.35,0.00
0.560,12.000,0.630,11.370,60251.940,0.000,0.000,0.000,0.000,0.000,192838.4,3.500,0.35,0.00
0.570,12.000,0.640,11.360,60191.687,0.000,0.000,0.000,0.000,0.000,192637.5,3.500,0.35,0.00
0.580,12.000,0.640,11.360,60191.719,0.000,0.000,0.000,0.000,0.000,192637.6,3.500,0.36,0.00
0.590,12.000,0.660,11.340,60161.650,0.000,0.000,0.000,0.000,0.000,192537.3,3.500,0.36,0.00
0.600,12.000,0.670,11.330,60101.488,0.000,0.000,0.000,0.000,0.000,192336.7,3.500,0.36,0.00
0.610,12.000,0.670,11.330,60101.519,0.000,0.000,0.000,0.000,0.000,192336.8,3.500,0.36,0.00
0.620,12.000,0.700,11.300,60041.461,0.000,0.000,0.000,0.000,0.000,192136.5,3.500,0.36,0.00
0.630,12.000,0.700,11.300,59981.391,0.000,0.000,0.000,0.000,0.000,191936.3,3.500,0.36,0.00
0.640,12.000,0.720,11.280,59951.431,0.000,0.000,0.000,0.000,0.000,191836.3,3.500,0.36,0.00
0.650,12.000,0.730,11.270,59891.481,0.000,0.000,0.000,0.000,0.000,191636.4,3.500,0.36,0.00
0.660,12.000,0.730,11.270,59891.512,0.000,0.000,0.000,0.000,0.000,191636.5,3.500,0.36,0.00
0.670,12.000,0.750,11.250,59861.597,0.000,0.000,0.000,0.000,0.000,191536.7,3.500,0.36,0.00
0.680,12.000,0.750,11.250,59831.667,0.000,0.000,0.000,0.000,0.000,191436.9,3.500,0.37,0.00
0.690,12.000,0.780,11.220,59771.869,0.000,0.000,0.000,0.000,0.000,191237.4,3.500,0.37,0.00
0.700,12.000,0.780,11.220,59712.069,0.000,0.000,0.000,0.000,0.000,191038.1,3.500,0.37,0.00
0.710,12.000,0.800,11.200,59682.247,0.000,0.000,0.000,0.000,0.000,190938.6,3.500,0.37,0.00
0.720,12.000,0.810,11.190,59622.568,0.000,0.000,0.000,0.000,0.000,190739.6,3.500,0.37,0.00
0.730,12.000,0.810,11.190,59622.599,0.000,0.000,0.000,0.000,0.000,190739.7,3.500,0.37,0.00
0.740,12.000,0.830,11.170,59592.822,0.000,0.000,0.000,0.000,0.000,190640.3,3.500,0.37,0.00
0.750,12.000,0.840,11.160,59533.232,0.000,0.000,0.000,0.000,0.000,190441.6,3.500,0.37,0.00
0.760,12.000,0.840,11.160,59533.264,0.000,0.000,0.000,0.000,0.000,190441.7,3.500,0.37,0.00
0.770,12.000,0.870,11.130,59473.784,0.000,0.000,0.000,0.000,0.000,190243.3,3.500,0.37,0.00
0.780,12.000,0.870,11.130,59414.282,0.000,0.000,0.000,0.000,0.000,190045.0,3.500,0.38,0.00
0.790,12.000,0.890,11.110,59384.613,0.000,0.000,0.000,0.000,0.000,189945.9,3.500,0.38,0.00
0.800,12.000,0.900,11.100,59325.233,0.000,0.000,0.000,0.000,0.000,189747.9,3.500,0.38,0.00
0.810,12.000,0.900,11.100,59325.264,0.000,0.000,0.000,0.000,0.000,189748.0,3.500,0.38,0.00
0.820,12.000,0.920,11.080,59295.640,0.000,0.000,0.000,0.000,0.000,189649.2,3.500,0.38,0.00
0.830,12.000,0.920,11.080,59265.992,0.000,0.000,0.000,0.000,0.000,189550.3,3.500,0.38,0.00
0.840,12.000,0.950,11.050,59206.771,0.000,0.000,0.000,0.000,0.000,189352.7,3.500,0.38,0.00
0.850,12.000,0.950,11.050,59147.536,0.000,0.000,0.000,0.000,0.000,189155.3,3.500,0.38,0.00
0.860,12.000,0.970,11.030,59118.004,0.000,0.000,0.000,0.000,0.000,189056.7,3.500,0.38,0.00
0.870,12.000,0.980,11.020,59058.892,0.000,0.000,0.000,0.000,0.000,188859.6,3.500,0.38,0.00
0.880,12.000,0.990,11.010,59029.385,0.000,0.000,0.000,0.000,0.000,188761.2,3.500,0.39,0.00
0.890,12.000,0.990,11.010,59029.400,0.000,0.000,0.000,0.000,0.000,188761.2,3.500,0.39,0.00
0.900,12.000,1.010,10.990,58999.927,0.000,0.000,0.000,0.000,0.000,188662.9,3.500,0.39,0.00
0.910,12.000,1.010,10.990,58970.428,0.000,0.000,0.000,0.000,0.000,188564.5,3.500,0.39,0.00
0.920,12.000,1.010,10.990,58999.944,0.000,0.000,0.000,0.000,0.000,188662.9,3.501,0.39,0.00
0.930,12.000,1.040,10.960,58941.022,0.000,0.000,0.000,0.000,0.000,188466.3,3.499,0.39,0.00
0.940,12.000,1.040,10.960,58882.053,0.000,0.000,0.000,0.000,0.000,188269.7,3.498,0.39,0.00
0.950,12.000,1.040,10.960,58911.554,0.000,0.000,0.000,0.000,0.000,188368.1,3.499,0.39,0.00
0.960,12.000,1.050,10.950,58911.561,0.000,0.000,0.000,0.000,0.000,188368.0,3.499,0.39,0.00
0.970,12.000,1.090,10.910,58793.827,0.000,0.000,0.000,0.000,0.000,187975.3,3.497,0.39,0.00
0.980,12.000,1.100,10.900,58676.087,0.000,0.000,0.000,0.000,0.000,187582.7,3.495,0.40,0.00
0.990,12.000,1.100,10.900,58676.149,0.000,0.000,0.000,0.000,0.000,187582.9,3.495,0.40,0.00
1.000,12.000,1.120,10.880,58646.857,0.000,0.000,0.000,0.000,0.000,187485.1,3.494,0.40,0.00
1.010,12.000,1.140,10.860,58558.905,0.000,0.000,0.000,0.000,0.000,187191.8,3.492,0.40,0.00
1.020,12.000,1.140,10.860,58529.627,0.000,0.000,0.000,0.000,0.000,187094.2,3.492,0.40,0.00
1.030,12.000,1.160,10.840,58500.411,0.000,0.000,0.000,0.000,0.000,186996.7,3.491,0.40,0.00
1.040,12.000,1.160,10.840,58471.161,0.000,0.000,0.000,0.000,0.000,186899.2,3.490,0.40,0.00
1.050,12.000,1.180,10.820,58441.975,0.000,0.000,0.000,0.000,0.000,186801.7,3.490,0.40,0.00
1.060,12.000,1.180,10.820,58412.754,0.000,0.000,0.000,0.000,0.000,186704.3,3.489,0.40,0.00
1.070,12.000,1.200,10.800,58383.598,0.000,0.000,0.000,0.000,0.000,186607.0,3.488,0.40,0.00
1.080,12.000,1.210,10.790,58325.225,0.000,0.000,0.000,0.000,0.000,186412.3,3.487,0.41,0.00
1.090,12.000,1.210,10.790,58325.255,0.000,0.000,0.000,0.000,0.000,186412.4,3.487,0.41,0.00
1.100,12.000,1.240,10.760,58267.006,0.000,0.000,0.000,0.000,0.000,186218.0,3.485,0.41,0.00
1.110,12.000,1.250,10.750,58179.574,0.000,0.000,0.000,0.000,0.000,185926.5,3.483,0.41,0.00
1.120,12.000,1.260,10.740,58150.512,0.000,0.000,0.000,0.000,0.000,185829.5,3.482,0.41,0.00
1.130,12.000,1.270,10.730,58121.464,0.000,0.000,0.000,0.000,0.000,185732.6,3.482,0.41,0.00
1.140,12.000,1.270,10.730,58121.479,0.000,0.000,0.000,0.000,0.000,185732.6,3.482,0.41,0.00
1.150,12.000,1.280,10.720,58121.505,0.000,0.000,0.000,0.000,0.000,185732.6,3.482,0.41,0.00
1.160,12.000,1.300,10.700,58063.437,0.000,0.000,0.000,0.000,0.000,185538.9,3.480,0.41,0.00
1.170,12.000,1.310,10.690,58005.372,0.000,0.000,0.000,0.000,0.000,185345.3,3.478,0.41,0.00
1.180,12.000,1.320,10.680,57976.398,0.000,0.000,0.000,0.000,0.000,185248.6,3.478,0.42,0.00
1.190,12.000,1.320,10.680,57976.413,0.000,0.000,0.000,0.000,0.000,185248.7,3.478,0.42,0.00
1.200,12.000,1.350,10.650,57918.519,0.000,0.000,0.000,0.000,0.000,185055.4,3.476,0.42,0.00
1.210,12.000,1.350,10.650,57860.572,0.000,0.000,0.000,0.000,0.000,184862.2,3.474,0.42,0.00
1.220,12.000,1.370,10.630,57831.699,0.000,0.000,0.000,0.000,0.000,184765.8,3.473,0.42,0.00
1.230,12.000,1.380,10.620,57773.881,0.000,0.000,0.000,0.000,0.000,184573.0,3.471,0.42,0.00
1.240,12.000,1.390,10.610,57745.024,0.000,0.000,0.000,0.000,0.000,184476.7,3.470,0.42,0.00
1.250,12.000,1.390,10.610,57745.039,0.000,0.000,0.000,0.000,0.000,184476.8,3.470,0.42,0.00
1.260,12.000,1.390,10.610,57773.912,0.000,0.000,0.000,0.000,0.000,184573.0,3.471,0.42,0.00
1.270,12.000,1.410,10.590,57745.082,0.000,0.000,0.000,0.000,0.000,184476.7,3.470,0.42,0.00
1.280,12.000,1.430,10.570,57658.494,0.000,0.000,0.000,0.000,0.000,184187.9,3.468,0.43,0.00
1.290,12.000,1.430,10.570,57629.666,0.000,0.000,0.000,0.000,0.000,184091.8,3.467,0.43,0.00
1.300,12.000,1.450,10.550,57600.911,0.000,0.000,0.000,0.000,0.000,183995.8,3.466,0.43,0.00
1.310,12.000,1.470,10.530,57514.540,0.000,0.000,0.000,0.000,0.000,183707.7,3.462,0.43,0.00
1.320,12.000,1.480,10.520,57457.014,0.000,0.000,0.000,0.000,0.000,183515.8,3.460,0.43,0.00
1.330,12.000,1.490,10.510,57428.317,0.000,0.000,0.000,0.000,0.000,183420.0,3.459,0.43,0.00
1.340,12.000,1.500,10.500,57399.634,0.000,0.000,0.000,0.000,0.000,183324.3,3.458,0.43,0.00
1.350,12.000,1.510,10.490,57370.965,0.000,0.000,0.000,0.000,0.000,183228.7,3.457,0.43,0.00
1.360,12.000,1.510,10.490,57370.980,0.000,0.000,0.000,0.000,0.000,183228.7,3.457,0.43,0.00
1.370,12.000,1.520,10.480,57371.011,0.000,0.000,0.000,0.000,0.000,183228.7,3.457,0.43,0.00
1.380,12.000,1.520,10.480,57371.011,0.000,0.000,0.000,0.000,0.000,183228.7,3.457,0.44,0.00
1.390,12.000,1.540,10.460,57342.388,0.000,0.000,0.000,0.000,0.000,183133.1,3.456,0.44,0.00
1.400,12.000,1.560,10.440,57256.409,0.000,0.000,0.000,0.000,0.000,182846.3,3.452,0.44,0.00
1.410,12.000,1.560,10.440,57227.782,0.000,0.000,0.000,0.000,0.000,182750.9,3.451,0.44,0.00
1.420,12.000,1.590,10.410,57170.636,0.000,0.000,0.000,0.000,0.000,182560.1,3.449,0.44,0.00
1.430,12.000,1.590,10.410,57113.436,0.000,0.000,0.000,0.000,0.000,182369.4,3.446,0.44,0.00
1.440,12.000,1.590,10.410,57142.053,0.000,0.000,0.000,0.000,0.000,182464.8,3.448,0.44,0.00
1.450,12.000,1.590,10.410,57170.595,0.000,0.000,0.000,0.000,0.000,182559.9,3.449,0.44,0.00
1.460,12.000,1.600,10.400,57170.613,0.000,0.000,0.000,0.000,0.000,182559.9,3.449,0.44,0.00
1.470,12.000,1.640,10.360,57056.402,0.000,0.000,0.000,0.000,0.000,182178.7,3.444,0.44,0.00
1.480,12.000,1.640,10.360,56970.703,0.000,0.000,0.000,0.000,0.000,181893.1,3.440,0.45,0.00
1.490,12.000,1.660,10.340,56942.287,0.000,0.000,0.000,0.000,0.000,181798.1,3.439,0.45,0.00
1.500,12.000,1.670,10.330,56885.363,0.000,0.000,0.000,0.000,0.000,181608.3,3.436,0.45,0.00
1.510,12.000,1.670,10.330,56885.393,0.000,0.000,0.000,0.000,0.000,181608.4,3.436,0.45,0.00
1.520,12.000,1.690,10.310,56857.018,0.000,0.000,0.000,0.000,0.000,181513.6,3.435,0.45,0.00
1.530,12.000,1.690,10.310,56828.589,0.000,0.000,0.000,0.000,0.000,181418.8,3.433,0.45,0.00
1.540,12.000,1.690,10.310,56857.034,0.000,0.000,0.000,0.000,0.000,181513.6,3.435,0.45,0.00
1.550,12.000,1.730,10.270,56771.913,0.000,0.000,0.000,0.000,0.000,181229.4,3.430,0.45,0.00
1.560,12.000,1.740,10.260,56658.274,0.000,0.000,0.000,0.000,0.000,180850.5,3.425,0.45,0.00
1.570,12.000,1.740,10.260,56658.333,0.000,0.000,0.000,0.000,0.000,180850.7,3.425,0.45,0.00
1.580,12.000,1.760,10.240,56630.075,0.000,0.000,0.000,0.000,0.000,180756.3,3.423,0.46,0.00
1.590,12.000,1.770,10.230,56573.465,0.000,0.000,0.000,0.000,0.000,180567.5,3.420,0.46,0.00
1.600,12.000,1.780,10.220,56545.214,0.000,0.000,0.000,0.000,0.000,180473.2,3.419,0.46,0.00
1.610,12.000,1.790,10.210,56516.977,0.000,0.000,0.000,0.000,0.000,180379.0,3.417,0.46,0.00
1.620,12.000,1.800,10.200,56488.755,0.000,0.000,0.000,0.000,0.000,180284.8,3.415,0.46,0.00
1.630,12.000,1.800,10.200,56488.770,0.000,0.000,0.000,0.000,0.000,180284.8,3.415,0.46,0.00
1.640,12.000,1.820,10.180,56460.598,0.000,0.000,0.000,0.000,0.000,180190.7,3.414,0.46,0.00
1.650,12.000,1.830,10.170,56404.158,0.000,0.000,0.000,0.000,0.000,180002.4,3.411,0.46,0.00
1.660,12.000,1.840,10.160,56375.993,0.000,0.000,0.000,0.000,0.000,179908.4,3.409,0.46,0.00
1.670,12.000,1.850,10.150,56347.842,0.000,0.000,0.000,0.000,0.000,179814.5,3.407,0.46,0.00
1.680,12.000,1.850,10.150,56347.856,0.000,0.000,0.000,0.000,0.000,179814.5,3.407,0.47,0.00
1.690,12.000,1.880,10.120,56291.619,0.000,0.000,0.000,0.000,0.000,179626.7,3.404,0.47,0.00
1.700,12.000,1.890,10.110,56207.160,0.000,0.000,0.000,0.000,0.000,179345.1,3.399,0.47,0.00
1.710,12.000,1.890,10.110,56207.204,0.000,0.000,0.000,0.000,0.000,179345.2,3.399,0.47,0.00
1.720,12.000,1.910,10.090,56179.176,0.000,0.000,0.000,0.000,0.000,179251.5,3.397,0.47,0.00
1.730,12.000,1.920,10.080,56123.019,0.000,0.000,0.000,0.000,0.000,179064.2,3.393,0.47,0.00
1.740,12.000,1.920,10.080,56123.048,0.000,0.000,0.000,0.000,0.000,179064.3,3.393,0.47,0.00
1.750,12.000,1.940,10.060,56095.063,0.000,0.000,0.000,0.000,0.000,178970.8,3.391,0.47,0.00
1.760,12.000,1.950,10.050,56038.990,0.000,0.000,0.000,0.000,0.000,178783.8,3.388,0.47,0.00
1.770,12.000,1.950,10.050,56039.019,0.000,0.000,0.000,0.000,0.000,178783.8,3.388,0.47,0.00
1.780,12.000,1.970,10.030,56011.077,0.000,0.000,0.000,0.000,0.000,178690.5,3.386,0.48,0.00
1.790,12.000,1.970,10.030,55983.070,0.000,0.000,0.000,0.000,0.000,178597.1,3.384,0.48,0.00
1.800,12.000,1.990,10.010,55955.157,0.000,0.000,0.000,0.000,0.000,178503.8,3.382,0.48,0.00
1.810,12.000,2.000,10.000,55899.225,0.000,0.000,0.000,0.000,0.000,178317.2,3.378,0.48,0.00
1.820,12.000,2.000,10.000,55899.254,0.000,0.000,0.000,0.000,0.000,178317.3,3.378,0.48,0.00
1.830,12.000,2.020,9.980,55871.383,0.000,0.000,0.000,0.000,0.000,178224.2,3.376,0.48,0.00
1.840,12.000,2.020,9.980,55843.446,0.000,0.000,0.000,0.000,0.000,178131.1,3.374,0.48,0.00
1.850,12.000,2.040,9.960,55815.605,0.000,0.000,0.000,0.000,0.000,178038.0,3.372,0.48,0.00
1.860,12.000,2.060,9.940,55731.929,0.000,0.000,0.000,0.000,0.000,177758.8,3.366,0.48,0.00
1.870,12.000,2.060,9.940,55704.063,0.000,0.000,0.000,0.000,0.000,177665.9,3.364,0.48,0.00
1.880,12.000,2.060,9.940,55731.946,0.000,0.000,0.000,0.000,0.000,177758.9,3.366,0.49,0.00
1.890,12.000,2.080,9.920,55704.160,0.000,0.000,0.000,0.000,0.000,177666.0,3.364,0.49,0.00
1.900,12.000,2.100,9.900,55620.653,0.000,0.000,0.000,0.000,0.000,177387.4,3.358,0.49,0.00
1.910,12.000,2.110,9.890,55565.029,0.000,0.000,0.000,0.000,0.000,177201.8,3.353,0.49,0.00
1.920,12.000,2.120,9.880,55537.287,0.000,0.000,0.000,0.000,0.000,177109.2,3.351,0.49,0.00
1.930,12.000,2.120,9.880,55537.302,0.000,0.000,0.000,0.000,0.000,177109.3,3.351,0.49,0.00
1.940,12.000,2.120,9.880,55565.073,0.000,0.000,0.000,0.000,0.000,177201.8,3.353,0.49,0.00
1.950,12.000,2.120,9.880,55592.831,0.000,0.000,0.000,0.000,0.000,177294.4,3.356,0.49,0.00
1.960,12.000,2.130,9.870,55592.859,0.000,0.000,0.000,0.000,0.000,177294.3,3.356,0.49,0.00
1.970,12.000,2.170,9.830,55481.834,0.000,0.000,0.000,0.000,0.000,176923.7,3.347,0.49,0.00
1.980,12.000,2.170,9.830,55398.493,0.000,0.000,0.000,0.000,0.000,176645.9,3.340,0.50,0.00
1.990,12.000,2.190,9.810,55370.880,0.000,0.000,0.000,0.000,0.000,176553.6,3.337,0.50,0.00
2.000,12.000,2.200,9.800,55315.533,0.000,0.000,0.000,0.000,0.000,176369.0,3.333,0.50,0.00
2.010,12.000,2.200,9.800,55315.562,0.000,0.000,0.000,0.000,0.000,176369.1,3.333,0.50,0.00
2.020,12.000,2.220,9.780,55287.989,0.000,0.000,0.000,0.000,0.000,176276.9,3.330,0.50,0.00
2.030,12.000,2.230,9.770,55232.725,0.000,0.000,0.000,0.000,0.000,176092.5,3.325,0.50,0.00
2.040,12.000,2.230,9.770,55232.754,0.000,0.000,0.000,0.000,0.000,176092.6,3.325,0.50,0.00
2.050,12.000,2.250,9.750,55205.223,0.000,0.000,0.000,0.000,0.000,176000.6,3.323,0.50,0.00
2.060,12.000,2.250,9.750,55177.617,0.000,0.000,0.000,0.000,0.000,175908.6,3.320,0.50,0.00
2.070,12.000,2.250,9.750,55205.238,0.000,0.000,0.000,0.000,0.000,176000.6,3.323,0.50,0.00
2.080,12.000,2.280,9.720,55150.174,0.000,0.000,0.000,0.000,0.000,175816.7,3.318,0.51,0.00
2.090,12.000,2.300,9.700,55039.867,0.000,0.000,0.000,0.000,0.000,175448.7,3.308,0.51,0.00
2.100,12.000,2.310,9.690,54984.813,0.000,0.000,0.000,0.000,0.000,175265.1,3.303,0.51,0.00
2.110,12.000,2.310,9.690,54984.841,0.000,0.000,0.000,0.000,0.000,175265.2,3.303,0.51,0.00
2.120,12.000,2.330,9.670,54957.437,0.000,0.000,0.000,0.000,0.000,175173.5,3.300,0.51,0.00
2.130,12.000,2.330,9.670,54929.954,0.000,0.000,0.000,0.000,0.000,175081.9,3.297,0.51,0.00
2.140,12.000,2.350,9.650,54902.578,0.000,0.000,0.000,0.000,0.000,174990.4,3.295,0.51,0.00
2.150,12.000,2.350,9.650,54875.123,0.000,0.000,0.000,0.000,0.000,174898.9,3.292,0.51,0.00
2.160,12.000,2.370,9.630,54847.774,0.000,0.000,0.000,0.000,0.000,174807.4,3.289,0.51,0.00
2.170,12.000,2.370,9.630,54820.347,0.000,0.000,0.000,0.000,0.000,174716.0,3.286,0.51,0.00
2.180,12.000,2.390,9.610,54793.026,0.000,0.000,0.000,0.000,0.000,174624.7,3.284,0.52,0.00
2.190,12.000,2.400,9.600,54738.258,0.000,0.000,0.000,0.000,0.000,174442.0,3.278,0.52,0.00
2.200,12.000,2.400,9.600,54738.286,0.000,0.000,0.000,0.000,0.000,174442.1,3.278,0.52,0.00
2.210,12.000,2.420,9.580,54711.007,0.000,0.000,0.000,0.000,0.000,174350.8,3.275,0.52,0.00
2.220,12.000,2.420,9.580,54683.647,0.000,0.000,0.000,0.000,0.000,174259.7,3.272,0.52,0.00
2.230,12.000,2.430,9.570,54683.709,0.000,0.000,0.000,0.000,0.000,174259.7,3.272,0.52,0.00
2.240,12.000,2.450,9.550,54629.111,0.000,0.000,0.000,0.000,0.000,174077.4,3.266,0.52,0.00
2.250,12.000,2.450,9.550,54601.792,0.000,0.000,0.000,0.000,0.000,173986.4,3.263,0.52,0.00
2.260,12.000,2.470,9.530,54574.583,0.000,0.000,0.000,0.000,0.000,173895.4,3.260,0.52,0.00
2.270,12.000,2.480,9.520,54520.032,0.000,0.000,0.000,0.000,0.000,173713.4,3.254,0.52,0.00
2.280,12.000,2.490,9.510,54492.817,0.000,0.000,0.000,0.000,0.000,173622.6,3.251,0.53,0.00
2.290,12.000,2.490,9.510,54492.831,0.000,0.000,0.000,0.000,0.000,173622.6,3.251,0.53,0.00
2.300,12.000,2.510,9.490,54465.676,0.000,0.000,0.000,0.000,0.000,173531.8,3.248,0.53,0.00
2.310,12.000,2.520,9.480,54411.235,0.000,0.000,0.000,0.000,0.000,173350.2,3.242,0.53,0.00
2.320,12.000,2.520,9.480,54411.263,0.000,0.000,0.000,0.000,0.000,173350.3,3.242,0.53,0.00
2.330,12.000,2.540,9.460,54384.150,0.000,0.000,0.000,0.000,0.000,173259.6,3.239,0.53,0.00
2.340,12.000,2.540,9.460,54356.952,0.000,0.000,0.000,0.000,0.000,173169.0,3.236,0.53,0.00
2.350,12.000,2.550,9.450,54357.016,0.000,0.000,0.000,0.000,0.000,173169.0,3.236,0.53,0.00
2.360,12.000,2.570,9.430,54302.746,0.000,0.000,0.000,0.000,0.000,172987.8,3.229,0.53,0.00
2.370,12.000,2.590,9.410,54221.319,0.000,0.000,0.000,0.000,0.000,172716.1,3.219,0.53,0.00
2.380,12.000,2.590,9.410,54194.204,0.000,0.000,0.000,0.000,0.000,172625.8,3.216,0.54,0.00
2.390,12.000,2.610,9.390,54167.201,0.000,0.000,0.000,0.000,0.000,172535.5,3.213,0.54,0.00
2.400,12.000,2.620,9.380,54113.057,0.000,0.000,0.000,0.000,0.000,172354.8,3.206,0.54,0.00
2.410,12.000,2.630,9.370,54086.046,0.000,0.000,0.000,0.000,0.000,172264.7,3.203,0.54,0.00
2.420,12.000,2.630,9.370,54086.060,0.000,0.000,0.000,0.000,0.000,172264.7,3.203,0.54,0.00
2.430,12.000,2.630,9.370,54113.110,0.000,0.000,0.000,0.000,0.000,172354.9,3.206,0.54,0.00
2.440,12.000,2.630,9.370,54140.146,0.000,0.000,0.000,0.000,0.000,172445.0,3.210,0.54,0.00
2.450,12.000,2.630,9.370,54167.196,0.000,0.000,0.000,0.000,0.000,172535.1,3.213,0.54,0.00
2.460,12.000,2.650,9.350,54140.206,0.000,0.000,0.000,0.000,0.000,172444.8,3.210,0.54,0.00
2.470,12.000,2.690,9.310,54004.970,0.000,0.000,0.000,0.000,0.000,171993.5,3.192,0.54,0.00
2.480,12.000,2.690,9.310,53923.808,0.000,0.000,0.000,0.000,0.000,171723.0,3.182,0.55,0.00
2.490,12.000,2.710,9.290,53896.943,0.000,0.000,0.000,0.000,0.000,171633.1,3.178,0.55,0.00
2.500,12.000,2.720,9.280,53843.069,0.000,0.000,0.000,0.000,0.000,171453.4,3.171,0.55,0.00
2.510,12.000,2.730,9.270,53816.193,0.000,0.000,0.000,0.000,0.000,171363.7,3.167,0.55,0.00
2.520,12.000,2.730,9.270,53816.207,0.000,0.000,0.000,0.000,0.000,171363.8,3.167,0.55,0.00
2.530,12.000,2.750,9.250,53789.394,0.000,0.000,0.000,0.000,0.000,171274.1,3.164,0.55,0.00
2.540,12.000,2.760,9.240,53735.628,0.000,0.000,0.000,0.000,0.000,171094.7,3.156,0.55,0.00
2.550,12.000,2.770,9.230,53708.805,0.000,0.000,0.000,0.000,0.000,171005.2,3.152,0.55,0.00
2.560,12.000,2.770,9.230,53708.819,0.000,0.000,0.000,0.000,0.000,171005.2,3.152,0.55,0.00
2.570,12.000,2.770,9.230,53735.682,0.000,0.000,0.000,0.000,0.000,171094.7,3.156,0.55,0.00
2.580,12.000,2.800,9.200,53682.099,0.000,0.000,0.000,0.000,0.000,170915.6,3.148,0.56,0.00
2.590,12.000,2.800,9.200,53628.374,0.000,0.000,0.000,0.000,0.000,170736.6,3.141,0.56,0.00
2.600,12.000,2.820,9.180,53601.657,0.000,0.000,0.000,0.000,0.000,170647.2,3.137,0.56,0.00
2.610,12.000,2.830,9.170,53548.077,0.000,0.000,0.000,0.000,0.000,170468.5,3.129,0.56,0.00
2.620,12.000,2.830,9.170,53548.106,0.000,0.000,0.000,0.000,0.000,170468.6,3.129,0.56,0.00
2.630,12.000,2.850,9.150,53521.428,0.000,0.000,0.000,0.000,0.000,170379.4,3.125,0.56,0.00
2.640,12.000,2.850,9.150,53494.659,0.000,0.000,0.000,0.000,0.000,170290.2,3.121,0.56,0.00
2.650,12.000,2.870,9.130,53468.009,0.000,0.000,0.000,0.000,0.000,170201.0,3.117,0.56,0.00
2.660,12.000,2.880,9.120,53414.562,0.000,0.000,0.000,0.000,0.000,170022.8,3.109,0.56,0.00
2.670,12.000,2.890,9.110,53387.900,0.000,0.000,0.000,0.000,0.000,169933.7,3.105,0.56,0.00
2.680,12.000,2.890,9.110,53387.914,0.000,0.000,0.000,0.000,0.000,169933.8,3.105,0.57,0.00
2.690,12.000,2.910,9.090,53361.317,0.000,0.000,0.000,0.000,0.000,169844.8,3.101,0.57,0.00
2.700,12.000,2.910,9.090,53334.626,0.000,0.000,0.000,0.000,0.000,169755.9,3.096,0.57,0.00
2.710,12.000,2.930,9.070,53308.057,0.000,0.000,0.000,0.000,0.000,169667.0,3.092,0.57,0.00
2.720,12.000,2.930,9.070,53281.393,0.000,0.000,0.000,0.000,0.000,169578.1,3.088,0.57,0.00
2.730,12.000,2.930,9.070,53308.072,0.000,0.000,0.000,0.000,0.000,169667.0,3.092,0.57,0.00
2.740,12.000,2.950,9.050,53281.515,0.000,0.000,0.000,0.000,0.000,169578.2,3.088,0.57,0.00
2.750,12.000,2.970,9.030,53201.643,0.000,0.000,0.000,0.000,0.000,169311.7,3.075,0.57,0.00
2.760,12.000,2.970,9.030,53175.033,0.000,0.000,0.000,0.000,0.000,169223.0,3.071,0.57,0.00
2.770,12.000,2.970,9.030,53201.659,0.000,0.000,0.000,0.000,0.000,169311.7,3.075,0.57,0.00
2.780,12.000,2.990,9.010,53175.156,0.000,0.000,0.000,0.000,0.000,169223.1,3.071,0.58,0.00
2.790,12.000,3.010,8.990,53095.442,0.000,0.000,0.000,0.000,0.000,168957.1,3.058,0.58,0.00
2.800,12.000,3.020,8.980,53042.339,0.000,0.000,0.000,0.000,0.000,168780.0,3.049,0.58,0.00
2.810,12.000,3.030,8.970,53015.862,0.000,0.000,0.000,0.000,0.000,168691.6,3.044,0.58,0.00
2.820,12.000,3.030,8.970,53015.876,0.000,0.000,0.000,0.000,0.000,168691.6,3.044,0.58,0.00
2.830,12.000,3.040,8.960,53015.932,0.000,0.000,0.000,0.000,0.000,168691.6,3.044,0.58,0.00
2.840,12.000,3.060,8.940,52963.001,0.000,0.000,0.000,0.000,0.000,168514.9,3.035,0.58,0.00
2.850,12.000,3.070,8.930,52910.043,0.000,0.000,0.000,0.000,0.000,168338.3,3.026,0.58,0.00
2.860,12.000,3.070,8.930,52910.071,0.000,0.000,0.000,0.000,0.000,168338.4,3.026,0.58,0.00
2.870,12.000,3.080,8.920,52910.127,0.000,0.000,0.000,0.000,0.000,168338.4,3.026,0.58,0.00
2.880,12.000,3.100,8.900,52857.302,0.000,0.000,0.000,0.000,0.000,168162.0,3.016,0.59,0.00
2.890,12.000,3.110,8.890,52804.448,0.000,0.000,0.000,0.000,0.000,167985.7,3.007,0.59,0.00
2.900,12.000,3.120,8.880,52778.089,0.000,0.000,0.000,0.000,0.000,167897.7,3.002,0.59,0.00
2.910,12.000,3.120,8.880,52778.103,0.000,0.000,0.000,0.000,0.000,167897.8,3.002,0.59,0.00
2.920,12.000,3.140,8.860,52751.812,0.000,0.000,0.000,0.000,0.000,167809.8,2.997,0.59,0.00
2.930,12.000,3.140,8.860,52725.423,0.000,0.000,0.000,0.000,0.000,167721.9,2.992,0.59,0.00
2.940,12.000,3.140,8.860,52751.827,0.000,0.000,0.000,0.000,0.000,167809.9,2.997,0.59,0.00
2.950,12.000,3.140,8.860,52778.191,0.000,0.000,0.000,0.000,0.000,167897.7,3.002,0.59,0.00
2.960,12.000,3.150,8.850,52778.233,0.000,0.000,0.000,0.000,0.000,167897.7,3.002,0.59,0.00
2.970,12.000,3.190,8.810,52672.845,0.000,0.000,0.000,0.000,0.000,167545.8,2.982,0.59,0.00
2.980,12.000,3.190,8.810,52593.688,0.000,0.000,0.000,0.000,0.000,167282.1,2.967,0.60,0.00
2.990,12.000,3.210,8.790,52567.491,0.000,0.000,0.000,0.000,0.000,167194.4,2.962,0.60,0.00
3.000,12.000,3.210,8.790,52541.192,0.000,0.000,0.000,0.000,0.000,167106.8,2.957,0.60,0.00
3.010,12.000,3.230,8.770,52515.021,0.000,0.000,0.000,0.000,0.000,167019.3,2.952,0.60,0.00
3.020,12.000,3.230,8.770,52488.748,0.000,0.000,0.000,0.000,0.000,166931.7,2.947,0.60,0.00
3.030,12.000,3.250,8.750,52462.602,0.000,0.000,0.000,0.000,0.000,166844.3,2.942,0.60,0.00
3.040,12.000,3.250,8.750,52436.355,0.000,0.000,0.000,0.000,0.000,166756.8,2.937,0.60,0.00
3.050,12.000,3.270,8.730,52410.235,0.000,0.000,0.000,0.000,0.000,166669.4,2.931,0.60,0.00
3.060,12.000,3.270,8.730,52384.014,0.000,0.000,0.000,0.000,0.000,166582.1,2.926,0.60,0.00
3.070,12.000,3.290,8.710,52357.920,0.000,0.000,0.000,0.000,0.000,166494.8,2.921,0.60,0.00
3.080,12.000,3.300,8.700,52305.573,0.000,0.000,0.000,0.000,0.000,166320.2,2.910,0.61,0.00
3.090,12.000,3.310,8.690,52279.461,0.000,0.000,0.000,0.000,0.000,166233.0,2.905,0.61,0.00
3.100,12.000,3.310,8.690,52279.475,0.000,0.000,0.000,0.000,0.000,166233.1,2.905,0.61,0.00
3.110,12.000,3.330,8.670,52253.433,0.000,0.000,0.000,0.000,0.000,166146.0,2.899,0.61,0.00
3.120,12.000,3.340,8.660,52201.189,0.000,0.000,0.000,0.000,0.000,165971.7,2.888,0.61,0.00
3.130,12.000,3.350,8.650,52175.129,0.000,0.000,0.000,0.000,0.000,165884.7,2.883,0.61,0.00
3.140,12.000,3.350,8.650,52175.142,0.000,0.000,0.000,0.000,0.000,165884.8,2.883,0.61,0.00
3.150,12.000,3.350,8.650,52201.249,0.000,0.000,0.000,0.000,0.000,165971.7,2.888,0.61,0.00
3.160,12.000,3.370,8.630,52175.245,0.000,0.000,0.000,0.000,0.000,165884.7,2.883,0.61,0.00
3.170,12.000,3.390,8.610,52097.016,0.000,0.000,0.000,0.000,0.000,165623.8,2.866,0.61,0.00
3.180,12.000,3.400,8.600,52044.900,0.000,0.000,0.000,0.000,0.000,165450.0,2.854,0.62,0.00
3.190,12.000,3.410,8.590,52018.918,0.000,0.000,0.000,0.000,0.000,165363.3,2.849,0.62,0.00
3.200,12.000,3.410,8.590,52018.931,0.000,0.000,0.000,0.000,0.000,165363.3,2.849,0.62,0.00
3.210,12.000,3.410,8.590,52044.961,0.000,0.000,0.000,0.000,0.000,165450.0,2.855,0.62,0.00
3.220,12.000,3.440,8.560,51993.063,0.000,0.000,0.000,0.000,0.000,165276.6,2.843,0.62,0.00
3.230,12.000,3.440,8.560,51941.004,0.000,0.000,0.000,0.000,0.000,165103.2,2.831,0.62,0.00
3.240,12.000,3.460,8.540,51915.131,0.000,0.000,0.000,0.000,0.000,165016.6,2.825,0.62,0.00
3.250,12.000,3.460,8.540,51889.153,0.000,0.000,0.000,0.000,0.000,164930.1,2.819,0.62,0.00
3.260,12.000,3.480,8.520,51863.305,0.000,0.000,0.000,0.000,0.000,164843.6,2.813,0.62,0.00
3.270,12.000,3.480,8.520,51837.352,0.000,0.000,0.000,0.000,0.000,164757.2,2.807,0.62,0.00
3.280,12.000,3.500,8.500,51811.529,0.000,0.000,0.000,0.000,0.000,164670.8,2.801,0.63,0.00
3.290,12.000,3.500,8.500,51785.602,0.000,0.000,0.000,0.000,0.000,164584.4,2.795,0.63,0.00
3.300,12.000,3.510,8.490,51785.674,0.000,0.000,0.000,0.000,0.000,164584.5,2.795,0.63,0.00
3.310,12.000,3.510,8.490,51785.674,0.000,0.000,0.000,0.000,0.000,164584.5,2.795,0.63,0.00
3.320,12.000,3.530,8.470,51759.877,0.000,0.000,0.000,0.000,0.000,164498.2,2.789,0.63,0.00
3.330,12.000,3.530,8.470,51733.974,0.000,0.000,0.000,0.000,0.000,164411.9,2.783,0.63,0.00
3.340,12.000,3.540,8.460,51734.047,0.000,0.000,0.000,0.000,0.000,164411.9,2.783,0.63,0.00
3.350,12.000,3.560,8.440,51682.384,0.000,0.000,0.000,0.000,0.000,164239.5,2.771,0.63,0.00
3.360,12.000,3.560,8.440,51656.520,0.000,0.000,0.000,0.000,0.000,164153.4,2.764,0.63,0.00
3.370,12.000,3.580,8.420,51630.787,0.000,0.000,0.000,0.000,0.000,164067.3,2.758,0.63,0.00
3.380,12.000,3.580,8.420,51604.948,0.000,0.000,0.000,0.000,0.000,163981.2,2.752,0.64,0.00
3.390,12.000,3.590,8.410,51605.021,0.000,0.000,0.000,0.000,0.000,163981.3,2.752,0.64,0.00
3.400,12.000,3.610,8.390,51553.484,0.000,0.000,0.000,0.000,0.000,163809.3,2.739,0.64,0.00
3.410,12.000,3.610,8.390,51527.684,0.000,0.000,0.000,0.000,0.000,163723.3,2.732,0.64,0.00
3.420,12.000,3.630,8.370,51502.014,0.000,0.000,0.000,0.000,0.000,163637.5,2.726,0.64,0.00
3.430,12.000,3.630,8.370,51476.238,0.000,0.000,0.000,0.000,0.000,163551.6,2.719,0.64,0.00
3.440,12.000,3.630,8.370,51502.028,0.000,0.000,0.000,0.000,0.000,163637.5,2.726,0.64,0.00
3.450,12.000,3.640,8.360,51502.074,0.000,0.000,0.000,0.000,0.000,163637.5,2.726,0.64,0.00
3.460,12.000,3.640,8.360,51502.074,0.000,0.000,0.000,0.000,0.000,163637.5,2.726,0.64,0.00
3.470,12.000,3.670,8.330,51450.698,0.000,0.000,0.000,0.000,0.000,163465.8,2.713,0.64,0.00
3.480,12.000,3.690,8.310,51347.732,0.000,0.000,0.000,0.000,0.000,163122.5,2.686,0.65,0.00
3.490,12.000,3.690,8.310,51322.034,0.000,0.000,0.000,0.000,0.000,163037.0,2.680,0.65,0.00
3.500,12.000,3.690,8.310,51347.749,0.000,0.000,0.000,0.000,0.000,163122.6,2.686,0.65,0.00
3.510,12.000,3.710,8.290,51322.166,0.000,0.000,0.000,0.000,0.000,163037.0,2.680,0.65,0.00
3.520,12.000,3.730,8.270,51245.192,0.000,0.000,0.000,0.000,0.000,162780.3,2.659,0.65,0.00
3.530,12.000,3.730,8.270,51219.543,0.000,0.000,0.000,0.000,0.000,162694.9,2.652,0.65,0.00
3.540,12.000,3.750,8.250,51194.023,0.000,0.000,0.000,0.000,0.000,162609.5,2.645,0.65,0.00
3.550,12.000,3.760,8.240,51142.818,0.000,0.000,0.000,0.000,0.000,162438.9,2.631,0.65,0.00
3.560,12.000,3.760,8.240,51142.845,0.000,0.000,0.000,0.000,0.000,162438.9,2.631,0.65,0.00
3.570,12.000,3.780,8.220,51117.362,0.000,0.000,0.000,0.000,0.000,162353.7,2.624,0.65,0.00
3.580,12.000,3.780,8.220,51091.774,0.000,0.000,0.000,0.000,0.000,162268.5,2.617,0.66,0.00
3.590,12.000,3.800,8.200,51066.317,0.000,0.000,0.000,0.000,0.000,162183.4,2.610,0.66,0.00
3.600,12.000,3.800,8.200,51040.753,0.000,0.000,0.000,0.000,0.000,162098.3,2.603,0.66,0.00
3.610,12.000,3.810,8.190,51040.826,0.000,0.000,0.000,0.000,0.000,162098.3,2.603,0.66,0.00
3.620,12.000,3.820,8.180,51015.334,0.000,0.000,0.000,0.000,0.000,162013.2,2.596,0.66,0.00
3.630,12.000,3.820,8.180,51015.347,0.000,0.000,0.000,0.000,0.000,162013.3,2.596,0.66,0.00
3.640,12.000,3.830,8.170,51015.407,0.000,0.000,0.000,0.000,0.000,162013.3,2.596,0.66,0.00
3.650,12.000,3.850,8.150,50964.446,0.000,0.000,0.000,0.000,0.000,161843.2,2.581,0.66,0.00
3.660,12.000,3.860,8.140,50913.452,0.000,0.000,0.000,0.000,0.000,161673.3,2.566,0.66,0.00
3.670,12.000,3.860,8.140,50913.478,0.000,0.000,0.000,0.000,0.000,161673.4,2.567,0.66,0.00
3.680,12.000,3.880,8.120,50888.107,0.000,0.000,0.000,0.000,0.000,161588.5,2.559,0.67,0.00
3.690,12.000,3.880,8.120,50862.630,0.000,0.000,0.000,0.000,0.000,161503.7,2.552,0.67,0.00
3.700,12.000,3.900,8.100,50837.284,0.000,0.000,0.000,0.000,0.000,161418.9,2.544,0.67,0.00
3.710,12.000,3.900,8.100,50811.832,0.000,0.000,0.000,0.000,0.000,161334.2,2.537,0.67,0.00
3.720,12.000,3.920,8.080,50786.511,0.000,0.000,0.000,0.000,0.000,161249.5,2.529,0.67,0.00
3.730,12.000,3.920,8.080,50761.083,0.000,0.000,0.000,0.000,0.000,161164.9,2.521,0.67,0.00
3.740,12.000,3.940,8.060,50735.786,0.000,0.000,0.000,0.000,0.000,161080.3,2.514,0.67,0.00
3.750,12.000,3.950,8.050,50685.026,0.000,0.000,0.000,0.000,0.000,160911.1,2.498,0.67,0.00
3.760,12.000,3.950,8.050,50685.053,0.000,0.000,0.000,0.000,0.000,160911.2,2.498,0.67,0.00
3.770,12.000,3.970,8.030,50659.792,0.000,0.000,0.000,0.000,0.000,160826.7,2.491,0.67,0.00
3.780,12.000,3.970,8.030,50634.426,0.000,0.000,0.000,0.000,0.000,160742.3,2.483,0.68,0.00
3.790,12.000,3.980,8.020,50634.499,0.000,0.000,0.000,0.000,0.000,160742.3,2.483,0.68,0.00
3.800,12.000,4.000,8.000,50583.908,0.000,0.000,0.000,0.000,0.000,160573.6,2.467,0.68,0.00
3.810,12.000,4.000,8.000,50558.579,0.000,0.000,0.000,0.000,0.000,160489.3,2.459,0.68,0.00
3.820,12.000,4.020,7.980,50533.380,0.000,0.000,0.000,0.000,0.000,160405.0,2.451,0.68,0.00
3.830,12.000,4.020,7.980,50508.075,0.000,0.000,0.000,0.000,0.000,160320.8,2.443,0.68,0.00
3.840,12.000,4.030,7.970,50508.148,0.000,0.000,0.000,0.000,0.000,160320.8,2.443,0.68,0.00
3.850,12.000,4.040,7.960,50482.913,0.000,0.000,0.000,0.000,0.000,160236.6,2.435,0.68,0.00
3.860,12.000,4.040,7.960,50482.926,0.000,0.000,0.000,0.000,0.000,160236.7,2.435,0.68,0.00
3.870,12.000,4.060,7.940,50457.763,0.000,0.000,0.000,0.000,0.000,160152.5,2.427,0.68,0.00
3.880,12.000,4.070,7.930,50407.271,0.000,0.000,0.000,0.000,0.000,159984.3,2.411,0.69,0.00
3.890,12.000,4.080,7.920,50382.087,0.000,0.000,0.000,0.000,0.000,159900.3,2.402,0.69,0.00
3.900,12.000,4.090,7.910,50356.914,0.000,0.000,0.000,0.000,0.000,159816.3,2.394,0.69,0.00
3.910,12.000,4.090,7.910,50356.927,0.000,0.000,0.000,0.000,0.000,159816.4,2.394,0.69,0.00
3.920,12.000,4.110,7.890,50331.824,0.000,0.000,0.000,0.000,0.000,159732.4,2.386,0.69,0.00
3.930,12.000,4.110,7.890,50306.616,0.000,0.000,0.000,0.000,0.000,159648.6,2.377,0.69,0.00
3.940,12.000,4.110,7.890,50331.838,0.000,0.000,0.000,0.000,0.000,159732.5,2.386,0.69,0.00
3.950,12.000,4.110,7.890,50357.021,0.000,0.000,0.000,0.000,0.000,159816.3,2.394,0.69,0.00
3.960,12.000,4.120,7.880,50357.067,0.000,0.000,0.000,0.000,0.000,159816.3,2.394,0.69,0.00
3.970,12.000,4.160,7.840,50256.416,0.000,0.000,0.000,0.000,0.000,159480.5,2.360,0.69,0.00
3.980,12.000,4.170,7.830,50155.637,0.000,0.000,0.000,0.000,0.000,159145.0,2.326,0.70,0.00
3.990,12.000,4.180,7.820,50130.574,0.000,0.000,0.000,0.000,0.000,159061.4,2.318,0.70,0.00
4.000,12.000,4.180,7.820,50130.588,0.000,0.000,0.000,0.000,0.000,159061.5,2.318,0.70,0.00
4.010,12.000,4.200,7.800,50105.593,0.000,0.000,0.000,0.000,0.000,158977.9,2.309,0.70,0.00
4.020,12.000,4.200,7.800,50080.494,0.000,0.000,0.000,0.000,0.000,158894.4,2.300,0.70,0.00
4.030,12.000,4.210,7.790,50080.566,0.000,0.000,0.000,0.000,0.000,158894.4,2.300,0.70,0.00
4.040,12.000,4.220,7.780,50055.536,0.000,0.000,0.000,0.000,0.000,158811.0,2.292,0.70,0.00
4.050,12.000,4.220,7.780,50055.550,0.000,0.000,0.000,0.000,0.000,158811.0,2.292,0.70,0.00
4.060,12.000,4.240,7.760,50030.590,0.000,0.000,0.000,0.000,0.000,158727.6,2.283,0.70,0.00
4.070,12.000,4.240,7.760,50005.528,0.000,0.000,0.000,0.000,0.000,158644.2,2.274,0.70,0.00
4.080,12.000,4.260,7.740,49980.592,0.000,0.000,0.000,0.000,0.000,158560.9,2.265,0.71,0.00
4.090,12.000,4.260,7.740,49955.554,0.000,0.000,0.000,0.000,0.000,158477.6,2.256,0.71,0.00
4.100,12.000,4.280,7.720,49930.643,0.000,0.000,0.000,0.000,0.000,158394.3,2.247,0.71,0.00
4.110,12.000,4.290,7.710,49880.658,0.000,0.000,0.000,0.000,0.000,158227.8,2.229,0.71,0.00
4.120,12.000,4.300,7.700,49855.725,0.000,0.000,0.000,0.000,0.000,158144.7,2.219,0.71,0.00
4.130,12.000,4.300,7.700,49855.739,0.000,0.000,0.000,0.000,0.000,158144.8,2.219,0.71,0.00
4.140,12.000,4.320,7.680,49830.874,0.000,0.000,0.000,0.000,0.000,158061.7,2.210,0.71,0.00
4.150,12.000,4.320,7.680,49805.907,0.000,0.000,0.000,0.000,0.000,157978.6,2.201,0.71,0.00
4.160,12.000,4.330,7.670,49805.978,0.000,0.000,0.000,0.000,0.000,157978.7,2.201,0.71,0.00
4.170,12.000,4.350,7.650,49756.180,0.000,0.000,0.000,0.000,0.000,157812.6,2.182,0.71,0.00
4.180,12.000,4.360,7.640,49706.351,0.000,0.000,0.000,0.000,0.000,157646.7,2.164,0.72,0.00
4.190,12.000,4.360,7.640,49706.377,0.000,0.000,0.000,0.000,0.000,157646.8,2.164,0.72,0.00
4.200,12.000,4.360,7.640,49731.284,0.000,0.000,0.000,0.000,0.000,157729.6,2.173,0.72,0.00
4.210,12.000,4.380,7.620,49706.477,0.000,0.000,0.000,0.000,0.000,157646.8,2.164,0.72,0.00
4.220,12.000,4.390,7.610,49656.706,0.000,0.000,0.000,0.000,0.000,157481.0,2.145,0.72,0.00
4.230,12.000,4.400,7.600,49631.880,0.000,0.000,0.000,0.000,0.000,157398.3,2.135,0.72,0.00
4.240,12.000,4.400,7.600,49631.893,0.000,0.000,0.000,0.000,0.000,157398.3,2.135,0.72,0.00
4.250,12.000,4.420,7.580,49607.134,0.000,0.000,0.000,0.000,0.000,157315.6,2.125,0.72,0.00
4.260,12.000,4.420,7.580,49582.274,0.000,0.000,0.000,0.000,0.000,157232.9,2.116,0.72,0.00
4.270,12.000,4.440,7.560,49557.538,0.000,0.000,0.000,0.000,0.000,157150.3,2.106,0.72,0.00
4.280,12.000,4.440,7.560,49532.702,0.000,0.000,0.000,0.000,0.000,157067.7,2.096,0.73,0.00
4.290,12.000,4.460,7.540,49507.990,0.000,0.000,0.000,0.000,0.000,156985.1,2.086,0.73,0.00
4.300,12.000,4.470,7.530,49458.408,0.000,0.000,0.000,0.000,0.000,156820.1,2.067,0.73,0.00
4.310,12.000,4.470,7.530,49458.434,0.000,0.000,0.000,0.000,0.000,156820.2,2.067,0.73,0.00
4.320,12.000,4.490,7.510,49433.756,0.000,0.000,0.000,0.000,0.000,156737.7,2.057,0.73,0.00
4.330,12.000,4.500,7.500,49384.244,0.000,0.000,0.000,0.000,0.000,156572.9,2.037,0.73,0.00
4.340,12.000,4.500,7.500,49384.270,0.000,0.000,0.000,0.000,0.000,156573.0,2.037,0.73,0.00
4.350,12.000,4.510,7.490,49384.325,0.000,0.000,0.000,0.000,0.000,156573.0,2.037,0.73,0.00
4.360,12.000,4.520,7.480,49359.626,0.000,0.000,0.000,0.000,0.000,156490.7,2.026,0.73,0.00
4.370,12.000,4.520,7.480,49359.639,0.000,0.000,0.000,0.000,0.000,156490.7,2.026,0.73,0.00
4.380,12.000,4.540,7.460,49335.007,0.000,0.000,0.000,0.000,0.000,156408.5,2.016,0.74,0.00
4.390,12.000,4.540,7.460,49310.277,0.000,0.000,0.000,0.000,0.000,156326.2,2.006,0.74,0.00
4.400,12.000,4.560,7.440,49285.668,0.000,0.000,0.000,0.000,0.000,156244.1,1.996,0.74,0.00
4.410,12.000,4.570,7.430,49236.296,0.000,0.000,0.000,0.000,0.000,156079.7,1.975,0.74,0.00
4.420,12.000,4.580,7.420,49211.668,0.000,0.000,0.000,0.000,0.000,155997.7,1.965,0.74,0.00
4.430,12.000,4.580,7.420,49211.681,0.000,0.000,0.000,0.000,0.000,155997.7,1.965,0.74,0.00
4.440,12.000,4.580,7.420,49236.353,0.000,0.000,0.000,0.000,0.000,156079.7,1.975,0.74,0.00
4.450,12.000,4.580,7.420,49261.012,0.000,0.000,0.000,0.000,0.000,156161.7,1.986,0.74,0.00
4.460,12.000,4.590,7.410,49261.053,0.000,0.000,0.000,0.000,0.000,156161.7,1.986,0.74,0.00
4.470,12.000,4.620,7.380,49187.125,0.000,0.000,0.000,0.000,0.000,155915.4,1.954,0.74,0.00
4.480,12.000,4.630,7.370,49113.123,0.000,0.000,0.000,0.000,0.000,155669.2,1.923,0.75,0.00
4.490,12.000,4.640,7.360,49088.553,0.000,0.000,0.000,0.000,0.000,155587.3,1.912,0.75,0.00
4.500,12.000,4.650,7.350,49063.994,0.000,0.000,0.000,0.000,0.000,155505.5,1.901,0.75,0.00
4.510,12.000,4.650,7.350,49064.007,0.000,0.000,0.000,0.000,0.000,155505.6,1.901,0.75,0.00
4.520,12.000,4.670,7.330,49039.510,0.000,0.000,0.000,0.000,0.000,155423.8,1.890,0.75,0.00
4.530,12.000,4.670,7.330,49014.920,0.000,0.000,0.000,0.000,0.000,155342.1,1.880,0.75,0.00
4.540,12.000,4.690,7.310,48990.447,0.000,0.000,0.000,0.000,0.000,155260.4,1.869,0.75,0.00
4.550,12.000,4.700,7.300,48941.353,0.000,0.000,0.000,0.000,0.000,155097.0,1.847,0.75,0.00
4.560,12.000,4.700,7.300,48941.379,0.000,0.000,0.000,0.000,0.000,155097.1,1.847,0.75,0.00
4.570,12.000,4.720,7.280,48916.939,0.000,0.000,0.000,0.000,0.000,155015.6,1.836,0.75,0.00
4.580,12.000,4.720,7.280,48892.408,0.000,0.000,0.000,0.000,0.000,154934.0,1.825,0.76,0.00
4.590,12.000,4.740,7.260,48867.991,0.000,0.000,0.000,0.000,0.000,154852.6,1.814,0.76,0.00
4.600,12.000,4.740,7.260,48843.482,0.000,0.000,0.000,0.000,0.000,154771.1,1.803,0.76,0.00
4.610,12.000,4.750,7.250,48843.547,0.000,0.000,0.000,0.000,0.000,154771.1,1.803,0.76,0.00
4.620,12.000,4.760,7.240,48819.100,0.000,0.000,0.000,0.000,0.000,154689.7,1.791,0.76,0.00
4.630,12.000,4.760,7.240,48819.113,0.000,0.000,0.000,0.000,0.000,154689.8,1.791,0.76,0.00
4.640,12.000,4.780,7.220,48794.728,0.000,0.000,0.000,0.000,0.000,154608.4,1.780,0.76,0.00
4.660,12.000,4.800,7.200,48721.380,0.000,0.000,0.000,0.000,0.000,154364.4,1.746,0.76,0.00
4.670,12.000,4.800,7.200,48696.942,0.000,0.000,0.000,0.000,0.000,154283.2,1.735,0.76,0.00
4.680,12.000,4.820,7.180,48672.614,0.000,0.000,0.000,0.000,0.000,154202.0,1.723,0.76,0.00
4.690,12.000,4.830,7.170,48623.819,0.000,0.000,0.000,0.000,0.000,154039.7,1.700,0.77,0.00
4.700,12.000,4.840,7.160,48599.476,0.000,0.000,0.000,0.000,0.000,153958.7,1.689,0.77,0.00
4.710,12.000,4.840,7.160,48599.489,0.000,0.000,0.000,0.000,0.000,153958.7,1.689,0.77,0.00
4.720,12.000,4.850,7.150,48599.538,0.000,0.000,0.000,0.000,0.000,153958.7,1.689,0.77,0.00
4.730,12.000,4.850,7.150,48599.538,0.000,0.000,0.000,0.000,0.000,153958.7,1.689,0.77,0.00
4.740,12.000,4.870,7.130,48575.253,0.000,0.000,0.000,0.000,0.000,153877.7,1.677,0.77,0.00
4.750,12.000,4.880,7.120,48526.547,0.000,0.000,0.000,0.000,0.000,153715.8,1.653,0.77,0.00
4.760,12.000,4.890,7.110,48502.249,0.000,0.000,0.000,0.000,0.000,153634.9,1.641,0.77,0.00
4.770,12.000,4.900,7.100,48477.961,0.000,0.000,0.000,0.000,0.000,153554.1,1.630,0.77,0.00
4.780,12.000,4.900,7.100,48477.974,0.000,0.000,0.000,0.000,0.000,153554.1,1.630,0.77,0.00
4.790,12.000,4.920,7.080,48453.744,0.000,0.000,0.000,0.000,0.000,153473.3,1.618,0.78,0.00
4.800,12.000,4.920,7.080,48429.430,0.000,0.000,0.000,0.000,0.000,153392.6,1.606,0.78,0.00
4.810,12.000,4.940,7.060,48405.223,0.000,0.000,0.000,0.000,0.000,153311.9,1.593,0.78,0.00
4.820,12.000,4.940,7.060,48380.932,0.000,0.000,0.000,0.000,0.000,153231.2,1.581,0.78,0.00
4.830,12.000,4.950,7.050,48380.992,0.000,0.000,0.000,0.000,0.000,153231.2,1.581,0.78,0.00
4.840,12.000,4.960,7.040,48356.759,0.000,0.000,0.000,0.000,0.000,153150.6,1.569,0.78,0.00
4.850,12.000,4.970,7.030,48332.537,0.000,0.000,0.000,0.000,0.000,153070.0,1.557,0.78,0.00
4.860,12.000,4.970,7.030,48332.550,0.000,0.000,0.000,0.000,0.000,153070.0,1.557,0.78,0.00
4.870,12.000,4.980,7.020,48332.596,0.000,0.000,0.000,0.000,0.000,153070.0,1.557,0.78,0.00
4.880,12.000,5.000,7.000,48284.172,0.000,0.000,0.000,0.000,0.000,152908.9,1.532,0.78,0.00
4.890,12.000,5.000,7.000,48259.938,0.000,0.000,0.000,0.000,0.000,152828.5,1.520,0.79,0.00
4.900,12.000,5.020,6.980,48235.805,0.000,0.000,0.000,0.000,0.000,152748.0,1.507,0.79,0.00
4.910,12.000,5.020,6.980,48211.594,0.000,0.000,0.000,0.000,0.000,152667.6,1.495,0.79,0.00
4.920,12.000,5.040,6.960,48187.483,0.000,0.000,0.000,0.000,0.000,152587.3,1.482,0.79,0.00
4.930,12.000,5.040,6.960,48163.294,0.000,0.000,0.000,0.000,0.000,152507.0,1.470,0.79,0.00
4.940,12.000,5.040,6.960,48187.497,0.000,0.000,0.000,0.000,0.000,152587.3,1.482,0.79,0.00
4.950,12.000,5.050,6.950,48187.529,0.000,0.000,0.000,0.000,0.000,152587.3,1.482,0.79,0.00
4.960,12.000,5.070,6.930,48139.236,0.000,0.000,0.000,0.000,0.000,152426.7,1.457,0.79,0.00
4.970,12.000,5.080,6.920,48090.921,0.000,0.000,0.000,0.000,0.000,152266.1,1.431,0.79,0.00
4.980,12.000,5.080,6.920,48090.947,0.000,0.000,0.000,0.000,0.000,152266.2,1.431,0.79,0.00
4.990,12.000,5.100,6.900,48066.888,0.000,0.000,0.000,0.000,0.000,152186.1,1.419,0.80,0.00
5.000,12.000,5.100,6.900,48042.754,0.000,0.000,0.000,0.000,0.000,152106.0,1.406,0.80,0.00
5.010,12.000,5.120,6.880,48018.718,0.000,0.000,0.000,0.000,0.000,152025.9,1.393,0.80,0.00
5.020,12.000,5.130,6.870,47970.525,0.000,0.000,0.000,0.000,0.000,151865.8,1.367,0.80,0.00
5.030,12.000,5.130,6.870,47970.551,0.000,0.000,0.000,0.000,0.000,151865.9,1.367,0.80,0.00
5.040,12.000,5.140,6.860,47970.593,0.000,0.000,0.000,0.000,0.000,151865.9,1.367,0.80,0.00
5.050,12.000,5.140,6.860,47970.593,0.000,0.000,0.000,0.000,0.000,151865.9,1.367,0.80,0.00
5.060,12.000,5.160,6.840,47946.586,0.000,0.000,0.000,0.000,0.000,151785.9,1.353,0.80,0.00
5.070,12.000,5.160,6.840,47922.508,0.000,0.000,0.000,0.000,0.000,151706.0,1.340,0.80,0.00
5.080,12.000,5.180,6.820,47898.524,0.000,0.000,0.000,0.000,0.000,151626.1,1.327,0.80,0.00
5.090,12.000,5.180,6.820,47874.468,0.000,0.000,0.000,0.000,0.000,151546.3,1.314,0.81,0.00
5.100,12.000,5.200,6.800,47850.505,0.000,0.000,0.000,0.000,0.000,151466.5,1.300,0.81,0.00
5.110,12.000,5.200,6.800,47826.471,0.000,0.000,0.000,0.000,0.000,151386.8,1.287,0.81,0.00
5.120,12.000,5.220,6.780,47802.529,0.000,0.000,0.000,0.000,0.000,151307.1,1.273,0.81,0.00
5.130,12.000,5.230,6.770,47754.533,0.000,0.000,0.000,0.000,0.000,151147.7,1.246,0.81,0.00
5.140,12.000,5.230,6.770,47754.558,0.000,0.000,0.000,0.000,0.000,151147.8,1.246,0.81,0.00
5.150,12.000,5.230,6.770,47778.548,0.000,0.000,0.000,0.000,0.000,151227.4,1.260,0.81,0.00
5.160,12.000,5.250,6.750,47754.624,0.000,0.000,0.000,0.000,0.000,151147.7,1.246,0.81,0.00
5.170,12.000,5.260,6.740,47706.670,0.000,0.000,0.000,0.000,0.000,150988.5,1.219,0.81,0.00
5.180,12.000,5.270,6.730,47682.742,0.000,0.000,0.000,0.000,0.000,150909.0,1.205,0.81,0.00
5.190,12.000,5.270,6.730,47682.755,0.000,0.000,0.000,0.000,0.000,150909.0,1.205,0.82,0.00
5.200,12.000,5.290,6.710,47658.873,0.000,0.000,0.000,0.000,0.000,150829.6,1.191,0.82,0.00
5.210,12.000,5.300,6.700,47611.007,0.000,0.000,0.000,0.000,0.000,150670.7,1.164,0.82,0.00
5.220,12.000,5.310,6.690,47587.122,0.000,0.000,0.000,0.000,0.000,150591.3,1.150,0.82,0.00
5.230,12.000,5.310,6.690,47587.134,0.000,0.000,0.000,0.000,0.000,150591.4,1.150,0.82,0.00
5.240,12.000,5.320,6.680,47587.171,0.000,0.000,0.000,0.000,0.000,150591.4,1.150,0.82,0.00
5.250,12.000,5.320,6.680,47587.171,0.000,0.000,0.000,0.000,0.000,150591.4,1.150,0.82,0.00
5.260,12.000,5.340,6.660,47563.330,0.000,0.000,0.000,0.000,0.000,150512.1,1.135,0.82,0.00
5.270,12.000,5.340,6.660,47539.428,0.000,0.000,0.000,0.000,0.000,150432.8,1.121,0.82,0.00
5.280,12.000,5.360,6.640,47515.608,0.000,0.000,0.000,0.000,0.000,150353.6,1.107,0.82,0.00
5.290,12.000,5.360,6.640,47491.728,0.000,0.000,0.000,0.000,0.000,150274.4,1.093,0.83,0.00
5.300,12.000,5.360,6.640,47515.622,0.000,0.000,0.000,0.000,0.000,150353.6,1.107,0.83,0.00
5.310,12.000,5.380,6.620,47491.810,0.000,0.000,0.000,0.000,0.000,150274.4,1.093,0.83,0.00
5.320,12.000,5.400,6.600,47420.243,0.000,0.000,0.000,0.000,0.000,150036.9,1.050,0.83,0.00
5.330,12.000,5.400,6.600,47396.409,0.000,0.000,0.000,0.000,0.000,149957.8,1.035,0.83,0.00
5.340,12.000,5.410,6.590,47396.455,0.000,0.000,0.000,0.000,0.000,149957.9,1.035,0.83,0.00
5.350,12.000,5.420,6.580,47372.662,0.000,0.000,0.000,0.000,0.000,149878.9,1.021,0.83,0.00
5.360,12.000,5.420,6.580,47372.675,0.000,0.000,0.000,0.000,0.000,149878.9,1.021,0.83,0.00
5.370,12.000,5.440,6.560,47348.924,0.000,0.000,0.000,0.000,0.000,149800.0,1.006,0.83,0.00
5.380,12.000,5.450,6.550,47301.335,0.000,0.000,0.000,0.000,0.000,149642.1,0.977,0.83,0.00
5.390,12.000,5.450,6.550,47301.361,0.000,0.000,0.000,0.000,0.000,149642.2,0.977,0.84,0.00
5.400,12.000,5.470,6.530,47277.641,0.000,0.000,0.000,0.000,0.000,149563.4,0.962,0.84,0.00
5.410,12.000,5.480,6.520,47230.116,0.000,0.000,0.000,0.000,0.000,149405.7,0.932,0.84,0.00
5.420,12.000,5.480,6.520,47230.141,0.000,0.000,0.000,0.000,0.000,149405.8,0.932,0.84,0.00
5.430,12.000,5.480,6.520,47253.891,0.000,0.000,0.000,0.000,0.000,149484.5,0.947,0.84,0.00
5.440,12.000,5.480,6.520,47277.629,0.000,0.000,0.000,0.000,0.000,149563.2,0.962,0.84,0.00
5.450,12.000,5.480,6.520,47301.379,0.000,0.000,0.000,0.000,0.000,149641.9,0.977,0.84,0.00
5.460,12.000,5.490,6.510,47301.398,0.000,0.000,0.000,0.000,0.000,149641.9,0.977,0.84,0.00
5.470,12.000,5.530,6.470,47206.374,0.000,0.000,0.000,0.000,0.000,149326.5,0.917,0.84,0.00
5.480,12.000,5.540,6.460,47111.297,0.000,0.000,0.000,0.000,0.000,149011.4,0.857,0.84,0.00
5.490,12.000,5.540,6.460,47111.347,0.000,0.000,0.000,0.000,0.000,149011.5,0.857,0.85,0.00
5.500,12.000,5.550,6.450,47111.376,0.000,0.000,0.000,0.000,0.000,149011.5,0.857,0.85,0.00
5.510,12.000,5.550,6.450,47111.376,0.000,0.000,0.000,0.000,0.000,149011.5,0.857,0.85,0.00
5.520,12.000,5.570,6.430,47087.734,0.000,0.000,0.000,0.000,0.000,148933.0,0.841,0.85,0.00
5.530,12.000,5.570,6.430,47064.048,0.000,0.000,0.000,0.000,0.000,148854.5,0.826,0.85,0.00
5.540,12.000,5.590,6.410,47040.426,0.000,0.000,0.000,0.000,0.000,148776.1,0.811,0.85,0.00
5.550,12.000,5.590,6.410,47016.761,0.000,0.000,0.000,0.000,0.000,148697.7,0.795,0.85,0.00
5.560,12.000,5.600,6.400,47016.801,0.000,0.000,0.000,0.000,0.000,148697.7,0.795,0.85,0.00
5.570,12.000,5.620,6.380,46969.541,0.000,0.000,0.000,0.000,0.000,148541.0,0.764,0.85,0.00
5.580,12.000,5.630,6.370,46922.277,0.000,0.000,0.000,0.000,0.000,148384.4,0.732,0.85,0.00
5.590,12.000,5.630,6.370,46922.302,0.000,0.000,0.000,0.000,0.000,148384.5,0.732,0.86,0.00
5.600,12.000,5.640,6.360,46922.327,0.000,0.000,0.000,0.000,0.000,148384.5,0.732,0.86,0.00
5.610,12.000,5.640,6.360,46922.327,0.000,0.000,0.000,0.000,0.000,148384.5,0.732,0.86,0.00
5.620,12.000,5.640,6.360,46945.940,0.000,0.000,0.000,0.000,0.000,148462.7,0.748,0.86,0.00
5.630,12.000,5.660,6.340,46922.364,0.000,0.000,0.000,0.000,0.000,148384.4,0.732,0.86,0.00
5.640,12.000,5.660,6.340,46898.751,0.000,0.000,0.000,0.000,0.000,148306.2,0.717,0.86,0.00
5.650,12.000,5.680,6.320,46875.196,0.000,0.000,0.000,0.000,0.000,148228.1,0.701,0.86,0.00
5.660,12.000,5.700,6.300,46804.440,0.000,0.000,0.000,0.000,0.000,147993.6,0.653,0.86,0.00
5.670,12.000,5.700,6.300,46780.883,0.000,0.000,0.000,0.000,0.000,147915.6,0.636,0.86,0.00
5.680,12.000,5.710,6.290,46780.917,0.000,0.000,0.000,0.000,0.000,147915.6,0.636,0.86,0.00
5.690,12.000,5.710,6.290,46780.917,0.000,0.000,0.000,0.000,0.000,147915.6,0.636,0.87,0.00
5.700,12.000,5.710,6.290,46804.467,0.000,0.000,0.000,0.000,0.000,147993.6,0.653,0.87,0.00
5.710,12.000,5.730,6.270,46780.948,0.000,0.000,0.000,0.000,0.000,147915.6,0.636,0.87,0.00
5.720,12.000,5.750,6.250,46710.313,0.000,0.000,0.000,0.000,0.000,147681.6,0.588,0.87,0.00
5.730,12.000,5.760,6.240,46663.263,0.000,0.000,0.000,0.000,0.000,147525.8,0.555,0.87,0.00
5.740,12.000,5.760,6.240,46663.288,0.000,0.000,0.000,0.000,0.000,147525.9,0.555,0.87,0.00
5.750,12.000,5.770,6.230,46663.307,0.000,0.000,0.000,0.000,0.000,147525.9,0.555,0.87,0.00
5.760,12.000,5.780,6.220,46639.828,0.000,0.000,0.000,0.000,0.000,147448.1,0.538,0.87,0.00
5.770,12.000,5.790,6.210,46616.360,0.000,0.000,0.000,0.000,0.000,147370.4,0.522,0.87,0.00
5.780,12.000,5.800,6.200,46592.902,0.000,0.000,0.000,0.000,0.000,147292.7,0.505,0.87,0.00
5.790,12.000,5.800,6.200,46592.915,0.000,0.000,0.000,0.000,0.000,147292.7,0.505,0.88,0.00
5.800,12.000,5.800,6.200,46616.381,0.000,0.000,0.000,0.000,0.000,147370.4,0.522,0.88,0.00
5.810,12.000,5.820,6.180,46592.938,0.000,0.000,0.000,0.000,0.000,147292.7,0.505,0.88,0.00
5.820,12.000,5.840,6.160,46523.012,0.000,0.000,0.000,0.000,0.000,147059.7,0.500,0.88,0.00
5.830,12.000,5.840,6.160,46499.752,0.000,0.000,0.000,0.000,0.000,146982.1,0.500,0.88,0.00
5.840,12.000,5.850,6.150,46499.782,0.000,0.000,0.000,0.000,0.000,146982.2,0.500,0.88,0.00
5.850,12.000,5.860,6.140,46476.549,0.000,0.000,0.000,0.000,0.000,146904.7,0.500,0.88,0.00
5.860,12.000,5.870,6.130,46453.329,0.000,0.000,0.000,0.000,0.000,146827.2,0.500,0.88,0.00
5.870,12.000,5.870,6.130,46453.342,0.000,0.000,0.000,0.000,0.000,146827.2,0.500,0.88,0.00
5.880,12.000,5.890,6.110,46430.150,0.000,0.000,0.000,0.000,0.000,146749.8,0.500,0.88,0.00
5.890,12.000,5.890,6.110,46406.936,0.000,0.000,0.000,0.000,0.000,146672.4,0.500,0.89,0.00
5.900,12.000,5.910,6.090,46383.768,0.000,0.000,0.000,0.000,0.000,146595.1,0.500,0.89,0.00
5.910,12.000,5.910,6.090,46360.577,0.000,0.000,0.000,0.000,0.000,146517.8,0.500,0.89,0.00
5.920,12.000,5.910,6.090,46383.964,0.000,0.000,0.000,0.000,0.000,146595.1,0.517,0.89,0.00
5.930,12.000,5.910,6.090,46407.315,0.000,0.000,0.000,0.000,0.000,146672.4,0.535,0.89,0.00
5.940,12.000,5.910,6.090,46430.678,0.000,0.000,0.000,0.000,0.000,146749.6,0.552,0.89,0.00
5.950,12.000,5.910,6.090,46454.052,0.000,0.000,0.000,0.000,0.000,146826.9,0.570,0.89,0.00
5.960,12.000,5.930,6.070,46430.681,0.000,0.000,0.000,0.000,0.000,146749.5,0.552,0.89,0.00
5.970,12.000,5.930,6.070,46407.282,0.000,0.000,0.000,0.000,0.000,146672.1,0.535,0.89,0.00
5.980,12.000,5.970,6.030,46337.351,0.000,0.000,0.000,0.000,0.000,146440.0,0.500,0.89,0.00
5.990,12.000,5.980,6.020,46244.592,0.000,0.000,0.000,0.000,0.000,146130.8,0.500,0.90,0.00
6.000,12.000,5.990,6.010,46221.490,0.000,0.000,0.000,0.000,0.000,146053.7,0.500,0.90,0.00
6.010,12.000,6.000,6.000,46198.398,0.000,0.000,0.000,0.000,0.000,145976.7,0.500,0.90,0.00
6.020,12.000,6.000,6.000,46198.410,0.000,0.000,0.000,0.000,0.000,145976.7,0.500,0.90,0.00
6.030,12.000,6.000,6.000,46221.704,0.000,0.000,0.000,0.000,0.000,146053.7,0.518,0.90,0.00
6.040,12.000,6.030,5.970,46175.353,0.000,0.000,0.000,0.000,0.000,145899.7,0.500,0.90,0.00
6.050,12.000,6.030,5.970,46129.155,0.000,0.000,0.000,0.000,0.000,145745.7,0.500,0.90,0.00
6.060,12.000,6.040,5.960,46129.198,0.000,0.000,0.000,0.000,0.000,145745.8,0.500,0.90,0.00
6.070,12.000,6.040,5.960,46129.198,0.000,0.000,0.000,0.000,0.000,145745.8,0.500,0.90,0.00
6.080,12.000,6.060,5.940,46106.170,0.000,0.000,0.000,0.000,0.000,145668.9,0.500,0.90,0.00
6.090,12.000,6.070,5.930,46060.071,0.000,0.000,0.000,0.000,0.000,145515.1,0.500,0.91,0.00
6.100,12.000,6.070,5.930,46060.095,0.000,0.000,0.000,0.000,0.000,145515.2,0.500,0.91,0.00
6.110,12.000,6.090,5.910,46037.102,0.000,0.000,0.000,0.000,0.000,145438.5,0.500,0.91,0.00
6.120,12.000,6.090,5.910,46014.084,0.000,0.000,0.000,0.000,0.000,145361.7,0.500,0.91,0.00
6.130,12.000,6.100,5.900,46014.114,0.000,0.000,0.000,0.000,0.000,145361.8,0.500,0.91,0.00
6.140,12.000,6.110,5.890,45991.125,0.000,0.000,0.000,0.000,0.000,145285.1,0.500,0.91,0.00
6.150,12.000,6.110,5.890,45991.138,0.000,0.000,0.000,0.000,0.000,145285.1,0.500,0.91,0.00
6.160,12.000,6.130,5.870,45968.179,0.000,0.000,0.000,0.000,0.000,145208.5,0.500,0.91,0.00
6.170,12.000,6.130,5.870,45945.195,0.000,0.000,0.000,0.000,0.000,145131.9,0.500,0.91,0.00
6.180,12.000,6.150,5.850,45922.260,0.000,0.000,0.000,0.000,0.000,145055.3,0.500,0.91,0.00
6.190,12.000,6.150,5.850,45899.300,0.000,0.000,0.000,0.000,0.000,144978.8,0.500,0.92,0.00
6.200,12.000,6.160,5.840,45899.330,0.000,0.000,0.000,0.000,0.000,144978.8,0.500,0.92,0.00
6.210,12.000,6.160,5.840,45899.330,0.000,0.000,0.000,0.000,0.000,144978.8,0.500,0.92,0.00
6.220,12.000,6.180,5.820,45876.418,0.000,0.000,0.000,0.000,0.000,144902.3,0.500,0.92,0.00
6.230,12.000,6.180,5.820,45853.480,0.000,0.000,0.000,0.000,0.000,144825.8,0.500,0.92,0.00
6.240,12.000,6.200,5.800,45830.591,0.000,0.000,0.000,0.000,0.000,144749.4,0.500,0.92,0.00
6.250,12.000,6.210,5.790,45784.768,0.000,0.000,0.000,0.000,0.000,144596.6,0.500,0.92,0.00
6.260,12.000,6.220,5.780,45761.896,0.000,0.000,0.000,0.000,0.000,144520.3,0.500,0.92,0.00
6.270,12.000,6.220,5.780,45761.908,0.000,0.000,0.000,0.000,0.000,144520.3,0.500,0.92,0.00
6.280,12.000,6.230,5.770,45761.927,0.000,0.000,0.000,0.000,0.000,144520.3,0.500,0.92,0.00
6.290,12.000,6.240,5.760,45739.064,0.000,0.000,0.000,0.000,0.000,144444.1,0.500,0.93,0.00
6.300,12.000,6.240,5.760,45739.077,0.000,0.000,0.000,0.000,0.000,144444.1,0.500,0.93,0.00
6.310,12.000,6.260,5.740,45716.244,0.000,0.000,0.000,0.000,0.000,144367.9,0.500,0.93,0.00
6.320,12.000,6.270,5.730,45670.536,0.000,0.000,0.000,0.000,0.000,144215.5,0.500,0.93,0.00
6.330,12.000,6.280,5.720,45647.721,0.000,0.000,0.000,0.000,0.000,144139.4,0.500,0.93,0.00
6.340,12.000,6.280,5.720,45647.733,0.000,0.000,0.000,0.000,0.000,144139.4,0.500,0.93,0.00
6.350,12.000,6.280,5.720,45670.790,0.000,0.000,0.000,0.000,0.000,144215.5,0.520,0.93,0.00
6.360,12.000,6.300,5.700,45647.759,0.000,0.000,0.000,0.000,0.000,144139.4,0.500,0.93,0.00
6.370,12.000,6.310,5.690,45602.119,0.000,0.000,0.000,0.000,0.000,143987.2,0.500,0.93,0.00
6.380,12.000,6.320,5.680,45579.338,0.000,0.000,0.000,0.000,0.000,143911.2,0.500,0.93,0.00
6.390,12.000,6.320,5.680,45579.350,0.000,0.000,0.000,0.000,0.000,143911.2,0.500,0.94,0.00
6.400,12.000,6.340,5.660,45556.599,0.000,0.000,0.000,0.000,0.000,143835.2,0.500,0.94,0.00
6.410,12.000,6.340,5.660,45533.821,0.000,0.000,0.000,0.000,0.000,143759.3,0.500,0.94,0.00
6.420,12.000,6.350,5.650,45533.852,0.000,0.000,0.000,0.000,0.000,143759.3,0.500,0.94,0.00
6.430,12.000,6.350,5.650,45533.852,0.000,0.000,0.000,0.000,0.000,143759.3,0.500,0.94,0.00
6.440,12.000,6.350,5.650,45556.863,0.000,0.000,0.000,0.000,0.000,143835.2,0.520,0.94,0.00
6.450,12.000,6.350,5.650,45579.861,0.000,0.000,0.000,0.000,0.000,143911.1,0.540,0.94,0.00
6.460,12.000,6.360,5.640,45579.870,0.000,0.000,0.000,0.000,0.000,143911.0,0.540,0.94,0.00
6.470,12.000,6.400,5.600,45488.297,0.000,0.000,0.000,0.000,0.000,143607.2,0.500,0.94,0.00
6.480,12.000,6.400,5.600,45419.976,0.000,0.000,0.000,0.000,0.000,143379.4,0.500,0.94,0.00
6.490,12.000,6.410,5.590,45420.032,0.000,0.000,0.000,0.000,0.000,143379.6,0.500,0.95,0.00
6.500,12.000,6.410,5.590,45420.032,0.000,0.000,0.000,0.000,0.000,143379.6,0.500,0.95,0.00
6.510,12.000,6.430,5.570,45397.360,0.000,0.000,0.000,0.000,0.000,143303.9,0.500,0.95,0.00
6.520,12.000,6.440,5.560,45351.971,0.000,0.000,0.000,0.000,0.000,143152.5,0.500,0.95,0.00
6.530,12.000,6.450,5.550,45329.316,0.000,0.000,0.000,0.000,0.000,143076.9,0.500,0.95,0.00
6.540,12.000,6.450,5.550,45329.328,0.000,0.000,0.000,0.000,0.000,143077.0,0.500,0.95,0.00
6.550,12.000,6.460,5.540,45329.347,0.000,0.000,0.000,0.000,0.000,143077.0,0.500,0.95,0.00
6.560,12.000,6.460,5.540,45329.347,0.000,0.000,0.000,0.000,0.000,143077.0,0.500,0.95,0.00
6.570,12.000,6.480,5.520,45306.721,0.000,0.000,0.000,0.000,0.000,143001.4,0.500,0.95,0.00
6.580,12.000,6.480,5.520,45284.069,0.000,0.000,0.000,0.000,0.000,142925.9,0.500,0.95,0.00
6.590,12.000,6.500,5.500,45261.466,0.000,0.000,0.000,0.000,0.000,142850.4,0.500,0.96,0.00
6.600,12.000,6.510,5.490,45216.214,0.000,0.000,0.000,0.000,0.000,142699.5,0.500,0.96,0.00
6.610,12.000,6.510,5.490,45216.238,0.000,0.000,0.000,0.000,0.000,142699.6,0.500,0.96,0.00
6.620,12.000,6.520,5.480,45216.257,0.000,0.000,0.000,0.000,0.000,142699.6,0.500,0.96,0.00
6.630,12.000,6.520,5.480,45216.257,0.000,0.000,0.000,0.000,0.000,142699.6,0.500,0.96,0.00
6.640,12.000,6.540,5.460,45193.688,0.000,0.000,0.000,0.000,0.000,142624.2,0.500,0.96,0.00
6.650,12.000,6.540,5.460,45171.092,0.000,0.000,0.000,0.000,0.000,142548.9,0.500,0.96,0.00
6.660,12.000,6.540,5.460,45193.975,0.000,0.000,0.000,0.000,0.000,142624.3,0.521,0.96,0.00
6.670,12.000,6.560,5.440,45171.142,0.000,0.000,0.000,0.000,0.000,142549.0,0.500,0.96,0.00
6.680,12.000,6.570,5.430,45125.980,0.000,0.000,0.000,0.000,0.000,142398.4,0.500,0.96,0.00
6.690,12.000,6.580,5.420,45103.438,0.000,0.000,0.000,0.000,0.000,142323.1,0.500,0.97,0.00
6.700,12.000,6.580,5.420,45103.450,0.000,0.000,0.000,0.000,0.000,142323.2,0.500,0.97,0.00
6.710,12.000,6.600,5.400,45080.938,0.000,0.000,0.000,0.000,0.000,142248.0,0.500,0.97,0.00
6.720,12.000,6.600,5.400,45058.398,0.000,0.000,0.000,0.000,0.000,142172.9,0.500,0.97,0.00
6.730,12.000,6.620,5.380,45035.909,0.000,0.000,0.000,0.000,0.000,142097.8,0.500,0.97,0.00
6.740,12.000,6.620,5.380,45013.392,0.000,0.000,0.000,0.000,0.000,142022.7,0.500,0.97,0.00
6.750,12.000,6.630,5.370,45013.424,0.000,0.000,0.000,0.000,0.000,142022.8,0.500,0.97,0.00
6.760,12.000,6.640,5.360,44990.937,0.000,0.000,0.000,0.000,0.000,141947.7,0.500,0.97,0.00
6.770,12.000,6.650,5.350,44968.462,0.000,0.000,0.000,0.000,0.000,141872.8,0.500,0.97,0.00
6.780,12.000,6.660,5.340,44945.998,0.000,0.000,0.000,0.000,0.000,141797.8,0.500,0.97,0.00
6.790,12.000,6.670,5.330,44923.546,0.000,0.000,0.000,0.000,0.000,141722.9,0.500,0.98,0.00
6.800,12.000,6.670,5.330,44923.558,0.000,0.000,0.000,0.000,0.000,141722.9,0.500,0.98,0.00
6.810,12.000,6.680,5.320,44923.578,0.000,0.000,0.000,0.000,0.000,141722.9,0.500,0.98,0.00
6.820,12.000,6.690,5.310,44901.136,0.000,0.000,0.000,0.000,0.000,141648.1,0.500,0.98,0.00
6.830,12.000,6.690,5.310,44901.148,0.000,0.000,0.000,0.000,0.000,141648.1,0.500,0.98,0.00
6.840,12.000,6.710,5.290,44878.738,0.000,0.000,0.000,0.000,0.000,141573.3,0.500,0.98,0.00
6.850,12.000,6.710,5.290,44856.299,0.000,0.000,0.000,0.000,0.000,141498.5,0.500,0.98,0.00
6.860,12.000,6.710,5.290,44879.055,0.000,0.000,0.000,0.000,0.000,141573.3,0.523,0.98,0.00
6.870,12.000,6.730,5.270,44856.350,0.000,0.000,0.000,0.000,0.000,141498.5,0.500,0.98,0.00
6.880,12.000,6.740,5.260,44811.504,0.000,0.000,0.000,0.000,0.000,141349.0,0.500,0.98,0.00
6.890,12.000,6.750,5.250,44789.119,0.000,0.000,0.000,0.000,0.000,141274.3,0.500,0.99,0.00
6.900,12.000,6.750,5.250,44789.131,0.000,0.000,0.000,0.000,0.000,141274.3,0.500,0.99,0.00
6.910,12.000,6.770,5.230,44766.777,0.000,0.000,0.000,0.000,0.000,141199.7,0.500,0.99,0.00
6.920,12.000,6.780,5.220,44722.020,0.000,0.000,0.000,0.000,0.000,141050.4,0.500,0.99,0.00
6.930,12.000,6.780,5.220,44722.044,0.000,0.000,0.000,0.000,0.000,141050.5,0.500,0.99,0.00
6.940,12.000,6.780,5.220,44744.722,0.000,0.000,0.000,0.000,0.000,141125.0,0.523,0.99,0.00
6.950,12.000,6.780,5.220,44767.388,0.000,0.000,0.000,0.000,0.000,141199.5,0.546,0.99,0.00
6.960,12.000,6.780,5.220,44790.065,0.000,0.000,0.000,0.000,0.000,141274.1,0.569,0.99,0.00
6.970,12.000,6.820,5.180,44722.033,0.000,0.000,0.000,0.000,0.000,141050.2,0.500,0.99,0.00
6.980,12.000,6.830,5.170,44632.509,0.000,0.000,0.000,0.000,0.000,140751.7,0.500,0.99,0.00
6.990,12.000,6.830,5.170,44632.557,0.000,0.000,0.000,0.000,0.000,140751.9,0.500,1.00,0.00
7.000,12.000,6.840,5.160,44632.578,0.000,0.000,0.000,0.000,0.000,140751.9,0.500,1.00,0.00
7.010,12.000,6.840,5.160,44632.578,0.000,0.000,0.000,0.000,0.000,140751.9,0.500,1.00,0.00
7.020,12.000,6.860,5.140,44610.302,0.000,0.000,0.000,0.000,0.000,140677.5,0.500,1.00,0.00
7.030,12.000,6.860,5.140,44587.998,0.000,0.000,0.000,0.000,0.000,140603.1,0.500,1.00,0.00
7.040,12.000,6.880,5.120,44565.745,0.000,0.000,0.000,0.000,0.000,140528.8,0.500,1.00,0.00
7.050,12.000,6.880,5.120,44543.463,0.000,0.000,0.000,0.000,0.000,140454.5,0.500,1.00,0.00
7.060,12.000,6.880,5.120,44566.094,0.000,0.000,0.000,0.000,0.000,140528.9,0.524,1.00,0.00
7.070,12.000,6.900,5.100,44543.516,0.000,0.000,0.000,0.000,0.000,140454.6,0.500,1.00,0.00
7.080,12.000,6.900,5.100,44521.244,0.000,0.000,0.000,0.000,0.000,140380.3,0.500,1.00,0.00
7.090,12.000,6.920,5.080,44499.026,0.000,0.000,0.000,0.000,0.000,140306.1,0.500,1.00,0.00
7.100,12.000,6.920,5.080,44476.777,0.000,0.000,0.000,0.000,0.000,140232.0,0.500,1.00,0.00
7.110,12.000,6.930,5.070,44476.810,0.000,0.000,0.000,0.000,0.000,140232.0,0.500,1.00,0.00
7.120,12.000,6.940,5.060,44454.592,0.000,0.000,0.000,0.000,0.000,140157.9,0.500,1.00,0.00
7.130,12.000,6.950,5.050,44432.386,0.000,0.000,0.000,0.000,0.000,140083.8,0.500,1.00,0.00
7.140,12.000,6.950,5.050,44432.398,0.000,0.000,0.000,0.000,0.000,140083.8,0.500,1.00,0.00
7.150,12.000,6.970,5.030,44410.224,0.000,0.000,0.000,0.000,0.000,140009.8,0.500,1.00,0.00
7.160,12.000,6.970,5.030,44388.019,0.000,0.000,0.000,0.000,0.000,139935.8,0.500,1.00,0.00
7.170,12.000,6.980,5.020,44388.052,0.000,0.000,0.000,0.000,0.000,139935.8,0.500,1.00,0.00
7.180,12.000,6.980,5.020,44388.052,0.000,0.000,0.000,0.000,0.000,139935.8,0.500,1.00,0.00
7.190,12.000,7.000,5.000,44365.900,0.000,0.000,0.000,0.000,0.000,139861.8,0.500,1.00,0.00
7.200,12.000,7.000,5.000,44343.717,0.000,0.000,0.000,0.000,0.000,139787.9,0.500,1.00,0.00
7.210,12.000,7.020,4.980,44321.588,0.000,0.000,0.000,0.000,0.000,139714.0,0.500,1.00,0.00
7.220,12.000,7.030,4.970,44277.277,0.000,0.000,0.000,0.000,0.000,139566.2,0.500,1.00,0.00
7.230,12.000,7.030,4.970,44277.301,0.000,0.000,0.000,0.000,0.000,139566.3,0.500,1.00,0.00
7.240,12.000,7.040,4.960,44277.322,0.000,0.000,0.000,0.000,0.000,139566.3,0.500,1.00,0.00
7.250,12.000,7.050,4.950,44255.204,0.000,0.000,0.000,0.000,0.000,139492.5,0.500,1.00,0.00
7.260,12.000,7.060,4.940,44233.099,0.000,0.000,0.000,0.000,0.000,139418.7,0.500,1.00,0.00
7.270,12.000,7.060,4.940,44233.110,0.000,0.000,0.000,0.000,0.000,139418.8,0.500,1.00,0.00
7.280,12.000,7.070,4.930,44233.132,0.000,0.000,0.000,0.000,0.000,139418.8,0.500,1.00,0.00
7.290,12.000,7.070,4.930,44233.132,0.000,0.000,0.000,0.000,0.000,139418.8,0.500,1.00,0.00
7.300,12.000,7.090,4.910,44211.057,0.000,0.000,0.000,0.000,0.000,139345.1,0.500,1.00,0.00
7.310,12.000,7.090,4.910,44188.953,0.000,0.000,0.000,0.000,0.000,139271.4,0.500,1.00,0.00
7.320,12.000,7.110,4.890,44166.901,0.000,0.000,0.000,0.000,0.000,139197.7,0.500,1.00,0.00
7.330,12.000,7.110,4.890,44144.819,0.000,0.000,0.000,0.000,0.000,139124.1,0.500,1.00,0.00
7.340,12.000,7.120,4.880,44144.852,0.000,0.000,0.000,0.000,0.000,139124.2,0.500,1.00,0.00
7.350,12.000,7.120,4.880,44144.852,0.000,0.000,0.000,0.000,0.000,139124.2,0.500,1.00,0.00
7.360,12.000,7.140,4.860,44122.822,0.000,0.000,0.000,0.000,0.000,139050.6,0.500,1.00,0.00
7.370,12.000,7.150,4.850,44078.710,0.000,0.000,0.000,0.000,0.000,138903.5,0.500,1.00,0.00
7.380,12.000,7.160,4.840,44056.694,0.000,0.000,0.000,0.000,0.000,138830.0,0.500,1.00,0.00
7.390,12.000,7.170,4.830,44034.687,0.000,0.000,0.000,0.000,0.000,138756.6,0.500,1.00,0.00
7.400,12.000,7.170,4.830,44034.699,0.000,0.000,0.000,0.000,0.000,138756.6,0.500,1.00,0.00
7.410,12.000,7.180,4.820,44034.721,0.000,0.000,0.000,0.000,0.000,138756.6,0.500,1.00,0.00
7.420,12.000,7.190,4.810,44012.725,0.000,0.000,0.000,0.000,0.000,138683.2,0.500,1.00,0.00
7.430,12.000,7.190,4.810,44012.737,0.000,0.000,0.000,0.000,0.000,138683.3,0.500,1.00,0.00
7.440,12.000,7.190,4.810,44035.144,0.000,0.000,0.000,0.000,0.000,138756.6,0.526,1.00,0.00
7.450,12.000,7.190,4.810,44057.539,0.000,0.000,0.000,0.000,0.000,138829.9,0.552,1.00,0.00
7.460,12.000,7.200,4.800,44057.551,0.000,0.000,0.000,0.000,0.000,138829.9,0.552,1.00,0.00
7.470,12.000,7.230,4.770,43990.726,0.000,0.000,0.000,0.000,0.000,138609.6,0.500,1.00,0.00
7.480,12.000,7.230,4.770,43946.704,0.000,0.000,0.000,0.000,0.000,138462.9,0.500,1.00,0.00
7.490,12.000,7.240,4.760,43946.749,0.000,0.000,0.000,0.000,0.000,138463.0,0.500,1.00,0.00
7.500,12.000,7.260,4.740,43902.845,0.000,0.000,0.000,0.000,0.000,138316.5,0.500,1.00,0.00
7.510,12.000,7.260,4.740,43880.895,0.000,0.000,0.000,0.000,0.000,138243.3,0.500,1.00,0.00
7.520,12.000,7.270,4.730,43880.929,0.000,0.000,0.000,0.000,0.000,138243.3,0.500,1.00,0.00
7.530,12.000,7.280,4.720,43859.010,0.000,0.000,0.000,0.000,0.000,138170.2,0.500,1.00,0.00
7.540,12.000,7.290,4.710,43837.103,0.000,0.000,0.000,0.000,0.000,138097.1,0.500,1.00,0.00
7.550,12.000,7.290,4.710,43837.115,0.000,0.000,0.000,0.000,0.000,138097.1,0.500,1.00,0.00
7.560,12.000,7.310,4.690,43815.240,0.000,0.000,0.000,0.000,0.000,138024.1,0.500,1.00,0.00
7.570,12.000,7.310,4.690,43793.333,0.000,0.000,0.000,0.000,0.000,137951.1,0.500,1.00,0.00
7.580,12.000,7.320,4.680,43793.367,0.000,0.000,0.000,0.000,0.000,137951.1,0.500,1.00,0.00
7.590,12.000,7.330,4.670,43771.492,0.000,0.000,0.000,0.000,0.000,137878.1,0.500,1.00,0.00
7.600,12.000,7.330,4.670,43771.504,0.000,0.000,0.000,0.000,0.000,137878.1,0.500,1.00,0.00
7.610,12.000,7.350,4.650,43749.662,0.000,0.000,0.000,0.000,0.000,137805.2,0.500,1.00,0.00
7.620,12.000,7.350,4.650,43727.787,0.000,0.000,0.000,0.000,0.000,137732.3,0.500,1.00,0.00
7.630,12.000,7.360,4.640,43727.821,0.000,0.000,0.000,0.000,0.000,137732.3,0.500,1.00,0.00
7.640,12.000,7.370,4.630,43705.979,0.000,0.000,0.000,0.000,0.000,137659.4,0.500,1.00,0.00
7.650,12.000,7.370,4.630,43705.991,0.000,0.000,0.000,0.000,0.000,137659.5,0.500,1.00,0.00
7.660,12.000,7.390,4.610,43684.182,0.000,0.000,0.000,0.000,0.000,137586.6,0.500,1.00,0.00
7.670,12.000,7.400,4.600,43640.510,0.000,0.000,0.000,0.000,0.000,137441.0,0.500,1.00,0.00
7.680,12.000,7.400,4.600,43640.534,0.000,0.000,0.000,0.000,0.000,137441.1,0.500,1.00,0.00
7.690,12.000,7.400,4.600,43662.804,0.000,0.000,0.000,0.000,0.000,137513.8,0.527,1.00,0.00
7.700,12.000,7.420,4.580,43640.566,0.000,0.000,0.000,0.000,0.000,137441.0,0.500,1.00,0.00
7.710,12.000,7.430,4.570,43596.937,0.000,0.000,0.000,0.000,0.000,137295.5,0.500,1.00,0.00
7.720,12.000,7.430,4.570,43596.961,0.000,0.000,0.000,0.000,0.000,137295.6,0.500,1.00,0.00
7.730,12.000,7.440,4.560,43596.983,0.000,0.000,0.000,0.000,0.000,137295.6,0.500,1.00,0.00
7.740,12.000,7.450,4.550,43575.206,0.000,0.000,0.000,0.000,0.000,137222.9,0.500,1.00,0.00
7.750,12.000,7.450,4.550,43575.218,0.000,0.000,0.000,0.000,0.000,137223.0,0.500,1.00,0.00
7.760,12.000,7.470,4.530,43553.475,0.000,0.000,0.000,0.000,0.000,137150.3,0.500,1.00,0.00
7.770,12.000,7.480,4.520,43509.934,0.000,0.000,0.000,0.000,0.000,137005.1,0.500,1.00,0.00
7.780,12.000,7.480,4.520,43509.957,0.000,0.000,0.000,0.000,0.000,137005.2,0.500,1.00,0.00
7.790,12.000,7.490,4.510,43509.980,0.000,0.000,0.000,0.000,0.000,137005.2,0.500,1.00,0.00
7.800,12.000,7.500,4.500,43488.247,0.000,0.000,0.000,0.000,0.000,136932.7,0.500,1.00,0.00
7.810,12.000,7.500,4.500,43488.259,0.000,0.000,0.000,0.000,0.000,136932.7,0.500,1.00,0.00
7.820,12.000,7.520,4.480,43466.559,0.000,0.000,0.000,0.000,0.000,136860.3,0.500,1.00,0.00
7.830,12.000,7.530,4.470,43423.105,0.000,0.000,0.000,0.000,0.000,136715.3,0.500,1.00,0.00
7.840,12.000,7.530,4.470,43423.129,0.000,0.000,0.000,0.000,0.000,136715.4,0.500,1.00,0.00
7.850,12.000,7.530,4.470,43445.322,0.000,0.000,0.000,0.000,0.000,136787.8,0.528,1.00,0.00
7.860,12.000,7.550,4.450,43423.162,0.000,0.000,0.000,0.000,0.000,136715.4,0.500,1.00,0.00
7.870,12.000,7.560,4.440,43379.751,0.000,0.000,0.000,0.000,0.000,136570.6,0.500,1.00,0.00
7.880,12.000,7.560,4.440,43379.774,0.000,0.000,0.000,0.000,0.000,136570.7,0.500,1.00,0.00
7.890,12.000,7.570,4.430,43379.797,0.000,0.000,0.000,0.000,0.000,136570.7,0.500,1.00,0.00
7.900,12.000,7.580,4.420,43358.129,0.000,0.000,0.000,0.000,0.000,136498.4,0.500,1.00,0.00
7.910,12.000,7.590,4.410,43336.474,0.000,0.000,0.000,0.000,0.000,136426.1,0.500,1.00,0.00
7.920,12.000,7.600,4.400,43314.829,0.000,0.000,0.000,0.000,0.000,136353.9,0.500,1.00,0.00
7.930,12.000,7.600,4.400,43314.840,0.000,0.000,0.000,0.000,0.000,136353.9,0.500,1.00,0.00
7.940,12.000,7.600,4.400,43336.998,0.000,0.000,0.000,0.000,0.000,136426.1,0.529,1.00,0.00
7.950,12.000,7.600,4.400,43359.144,0.000,0.000,0.000,0.000,0.000,136498.3,0.558,1.00,0.00
7.960,12.000,7.610,4.390,43359.158,0.000,0.000,0.000,0.000,0.000,136498.2,0.558,1.00,0.00
7.970,12.000,7.640,4.360,43293.184,0.000,0.000,0.000,0.000,0.000,136281.4,0.500,1.00,0.00
7.980,12.000,7.650,4.350,43228.204,0.000,0.000,0.000,0.000,0.000,136064.8,0.500,1.00,0.00
7.990,12.000,7.650,4.350,43228.239,0.000,0.000,0.000,0.000,0.000,136064.9,0.500,1.00,0.00
8.000,12.000,7.660,4.340,43228.262,0.000,0.000,0.000,0.000,0.000,136064.9,0.500,1.00,0.00
8.010,12.000,7.670,4.330,43206.670,0.000,0.000,0.000,0.000,0.000,135992.8,0.500,1.00,0.00
8.020,12.000,7.670,4.330,43206.682,0.000,0.000,0.000,0.000,0.000,135992.9,0.500,1.00,0.00
8.030,12.000,7.670,4.330,43228.804,0.000,0.000,0.000,0.000,0.000,136064.9,0.529,1.00,0.00
8.040,12.000,7.690,4.310,43206.716,0.000,0.000,0.000,0.000,0.000,135992.8,0.500,1.00,0.00
8.050,12.000,7.700,4.300,43163.522,0.000,0.000,0.000,0.000,0.000,135848.8,0.500,1.00,0.00
8.060,12.000,7.700,4.300,43163.545,0.000,0.000,0.000,0.000,0.000,135848.8,0.500,1.00,0.00
8.070,12.000,7.720,4.280,43142.009,0.000,0.000,0.000,0.000,0.000,135776.9,0.500,1.00,0.00
8.080,12.000,7.730,4.270,43098.880,0.000,0.000,0.000,0.000,0.000,135633.1,0.500,1.00,0.00
8.090,12.000,7.730,4.270,43098.904,0.000,0.000,0.000,0.000,0.000,135633.1,0.500,1.00,0.00
8.100,12.000,7.740,4.260,43098.927,0.000,0.000,0.000,0.000,0.000,135633.1,0.500,1.00,0.00
8.110,12.000,7.750,4.250,43077.400,0.000,0.000,0.000,0.000,0.000,135561.3,0.500,1.00,0.00
8.120,12.000,7.760,4.240,43055.885,0.000,0.000,0.000,0.000,0.000,135489.5,0.500,1.00,0.00
8.130,12.000,7.760,4.240,43055.897,0.000,0.000,0.000,0.000,0.000,135489.5,0.500,1.00,0.00
8.140,12.000,7.780,4.220,43034.415,0.000,0.000,0.000,0.000,0.000,135417.8,0.500,1.00,0.00
8.150,12.000,7.780,4.220,43012.899,0.000,0.000,0.000,0.000,0.000,135346.1,0.500,1.00,0.00
8.160,12.000,7.780,4.220,43034.977,0.000,0.000,0.000,0.000,0.000,135417.8,0.530,1.00,0.00
8.170,12.000,7.790,4.210,43034.990,0.000,0.000,0.000,0.000,0.000,135417.8,0.530,1.00,0.00
8.180,12.000,7.810,4.190,42991.451,0.000,0.000,0.000,0.000,0.000,135274.3,0.500,1.00,0.00
8.190,12.000,7.810,4.190,42969.956,0.000,0.000,0.000,0.000,0.000,135202.7,0.500,1.00,0.00
8.200,12.000,7.820,4.180,42969.992,0.000,0.000,0.000,0.000,0.000,135202.7,0.500,1.00,0.00
8.210,12.000,7.820,4.180,42969.992,0.000,0.000,0.000,0.000,0.000,135202.7,0.500,1.00,0.00
8.220,12.000,7.840,4.160,42948.553,0.000,0.000,0.000,0.000,0.000,135131.1,0.500,1.00,0.00
8.230,12.000,7.840,4.160,42927.080,0.000,0.000,0.000,0.000,0.000,135059.5,0.500,1.00,0.00
8.240,12.000,7.860,4.140,42905.664,0.000,0.000,0.000,0.000,0.000,134988.0,0.500,1.00,0.00
8.250,12.000,7.860,4.140,42884.212,0.000,0.000,0.000,0.000,0.000,134916.5,0.500,1.00,0.00
8.260,12.000,7.860,4.140,42906.249,0.000,0.000,0.000,0.000,0.000,134988.0,0.531,1.00,0.00
8.270,12.000,7.880,4.120,42884.269,0.000,0.000,0.000,0.000,0.000,134916.5,0.500,1.00,0.00
8.280,12.000,7.890,4.110,42841.398,0.000,0.000,0.000,0.000,0.000,134773.5,0.500,1.00,0.00
8.290,12.000,7.900,4.100,42820.003,0.000,0.000,0.000,0.000,0.000,134702.1,0.500,1.00,0.00
8.300,12.000,7.900,4.100,42820.014,0.000,0.000,0.000,0.000,0.000,134702.2,0.500,1.00,0.00
8.310,12.000,7.900,4.100,42842.009,0.000,0.000,0.000,0.000,0.000,134773.5,0.531,1.00,0.00
8.320,12.000,7.920,4.080,42820.050,0.000,0.000,0.000,0.000,0.000,134702.1,0.500,1.00,0.00
8.330,12.000,7.930,4.070,42777.243,0.000,0.000,0.000,0.000,0.000,134559.4,0.500,1.00,0.00
8.340,12.000,7.930,4.070,42777.267,0.000,0.000,0.000,0.000,0.000,134559.4,0.500,1.00,0.00
8.350,12.000,7.940,4.060,42777.290,0.000,0.000,0.000,0.000,0.000,134559.4,0.500,1.00,0.00
8.360,12.000,7.940,4.060,42777.290,0.000,0.000,0.000,0.000,0.000,134559.4,0.500,1.00,0.00
8.370,12.000,7.960,4.040,42755.949,0.000,0.000,0.000,0.000,0.000,134488.1,0.500,1.00,0.00
8.380,12.000,7.970,4.030,42713.207,0.000,0.000,0.000,0.000,0.000,134345.6,0.500,1.00,0.00
8.390,12.000,7.970,4.030,42713.230,0.000,0.000,0.000,0.000,0.000,134345.7,0.500,1.00,0.00
8.400,12.000,7.980,4.020,42713.254,0.000,0.000,0.000,0.000,0.000,134345.7,0.500,1.00,0.00
8.410,12.000,7.980,4.020,42713.254,0.000,0.000,0.000,0.000,0.000,134345.7,0.500,1.00,0.00
8.420,12.000,8.000,4.000,42691.945,0.000,0.000,0.000,0.000,0.000,134274.5,0.500,1.00,0.00
8.430,12.000,8.000,4.000,42670.599,0.000,0.000,0.000,0.000,0.000,134203.3,0.500,1.00,0.00
8.440,12.000,8.000,4.000,42692.571,0.000,0.000,0.000,0.000,0.000,134274.5,0.532,1.00,0.00
8.450,12.000,8.000,4.000,42714.509,0.000,0.000,0.000,0.000,0.000,134345.6,0.564,1.00,0.00
8.460,12.000,8.010,3.990,42714.524,0.000,0.000,0.000,0.000,0.000,134345.6,0.564,1.00,0.00
8.470,12.000,8.040,3.960,42649.293,0.000,0.000,0.000,0.000,0.000,134132.0,0.500,1.00,0.00
8.480,12.000,8.050,3.950,42585.280,0.000,0.000,0.000,0.000,0.000,133918.5,0.500,1.00,0.00
8.490,12.000,8.050,3.950,42585.315,0.000,0.000,0.000,0.000,0.000,133918.6,0.500,1.00,0.00
8.500,12.000,8.060,3.940,42585.339,0.000,0.000,0.000,0.000,0.000,133918.6,0.500,1.00,0.00
8.510,12.000,8.060,3.940,42585.339,0.000,0.000,0.000,0.000,0.000,133918.6,0.500,1.00,0.00
8.520,12.000,8.070,3.930,42585.364,0.000,0.000,0.000,0.000,0.000,133918.6,0.500,1.00,0.00
8.530,12.000,8.090,3.910,42542.826,0.000,0.000,0.000,0.000,0.000,133776.7,0.500,1.00,0.00
8.540,12.000,8.090,3.910,42521.556,0.000,0.000,0.000,0.000,0.000,133705.8,0.500,1.00,0.00
8.550,12.000,8.100,3.900,42521.592,0.000,0.000,0.000,0.000,0.000,133705.8,0.500,1.00,0.00
8.560,12.000,8.110,3.890,42500.355,0.000,0.000,0.000,0.000,0.000,133635.0,0.500,1.00,0.00
8.570,12.000,8.110,3.890,42500.366,0.000,0.000,0.000,0.000,0.000,133635.0,0.500,1.00,0.00
8.580,12.000,8.130,3.870,42479.165,0.000,0.000,0.000,0.000,0.000,133564.2,0.500,1.00,0.00
8.590,12.000,8.130,3.870,42457.926,0.000,0.000,0.000,0.000,0.000,133493.4,0.500,1.00,0.00
8.600,12.000,8.140,3.860,42457.962,0.000,0.000,0.000,0.000,0.000,133493.4,0.500,1.00,0.00
8.610,12.000,8.150,3.850,42436.757,0.000,0.000,0.000,0.000,0.000,133422.6,0.500,1.00,0.00
8.620,12.000,8.150,3.850,42436.768,0.000,0.000,0.000,0.000,0.000,133422.7,0.500,1.00,0.00
8.630,12.000,8.170,3.830,42415.599,0.000,0.000,0.000,0.000,0.000,133352.0,0.500,1.00,0.00
8.640,12.000,8.170,3.830,42394.391,0.000,0.000,0.000,0.000,0.000,133281.3,0.500,1.00,0.00
8.650,12.000,8.170,3.830,42416.279,0.000,0.000,0.000,0.000,0.000,133352.0,0.533,1.00,0.00
8.660,12.000,8.190,3.810,42394.451,0.000,0.000,0.000,0.000,0.000,133281.3,0.500,1.00,0.00
8.670,12.000,8.190,3.810,42373.254,0.000,0.000,0.000,0.000,0.000,133210.6,0.500,1.00,0.00
8.680,12.000,8.210,3.790,42352.118,0.000,0.000,0.000,0.000,0.000,133140.0,0.500,1.00,0.00
8.690,12.000,8.210,3.790,42330.942,0.000,0.000,0.000,0.000,0.000,133069.4,0.500,1.00,0.00
8.700,12.000,8.210,3.790,42352.811,0.000,0.000,0.000,0.000,0.000,133140.1,0.534,1.00,0.00
8.710,12.000,8.230,3.770,42331.002,0.000,0.000,0.000,0.000,0.000,133069.5,0.500,1.00,0.00
8.720,12.000,8.230,3.770,42309.837,0.000,0.000,0.000,0.000,0.000,132998.9,0.500,1.00,0.00
8.730,12.000,8.240,3.760,42309.873,0.000,0.000,0.000,0.000,0.000,132999.0,0.500,1.00,0.00
8.740,12.000,8.250,3.750,42288.743,0.000,0.000,0.000,0.000,0.000,132928.4,0.500,1.00,0.00
8.750,12.000,8.250,3.750,42288.754,0.000,0.000,0.000,0.000,0.000,132928.5,0.500,1.00,0.00
8.760,12.000,8.270,3.730,42267.659,0.000,0.000,0.000,0.000,0.000,132858.0,0.500,1.00,0.00
8.770,12.000,8.280,3.720,42225.406,0.000,0.000,0.000,0.000,0.000,132717.1,0.500,1.00,0.00
8.780,12.000,8.280,3.720,42225.429,0.000,0.000,0.000,0.000,0.000,132717.1,0.500,1.00,0.00
8.790,12.000,8.280,3.720,42247.247,0.000,0.000,0.000,0.000,0.000,132787.5,0.534,1.00,0.00
8.800,12.000,8.290,3.710,42247.262,0.000,0.000,0.000,0.000,0.000,132787.5,0.534,1.00,0.00
8.810,12.000,8.310,3.690,42204.357,0.000,0.000,0.000,0.000,0.000,132646.7,0.500,1.00,0.00
8.820,12.000,8.320,3.680,42162.158,0.000,0.000,0.000,0.000,0.000,132505.9,0.500,1.00,0.00
8.830,12.000,8.320,3.680,42162.181,0.000,0.000,0.000,0.000,0.000,132506.0,0.500,1.00,0.00
8.840,12.000,8.330,3.670,42162.206,0.000,0.000,0.000,0.000,0.000,132506.0,0.500,1.00,0.00
8.850,12.000,8.330,3.670,42162.206,0.000,0.000,0.000,0.000,0.000,132506.0,0.500,1.00,0.00
8.860,12.000,8.350,3.650,42141.174,0.000,0.000,0.000,0.000,0.000,132435.7,0.500,1.00,0.00
8.870,12.000,8.360,3.640,42099.048,0.000,0.000,0.000,0.000,0.000,132295.2,0.500,1.00,0.00
8.880,12.000,8.360,3.640,42099.071,0.000,0.000,0.000,0.000,0.000,132295.3,0.500,1.00,0.00
8.890,12.000,8.360,3.640,42120.853,0.000,0.000,0.000,0.000,0.000,132365.5,0.535,1.00,0.00
8.900,12.000,8.380,3.620,42099.110,0.000,0.000,0.000,0.000,0.000,132295.3,0.500,1.00,0.00
8.910,12.000,8.380,3.620,42078.060,0.000,0.000,0.000,0.000,0.000,132225.1,0.500,1.00,0.00
8.920,12.000,8.390,3.610,42078.097,0.000,0.000,0.000,0.000,0.000,132225.1,0.500,1.00,0.00
8.930,12.000,8.390,3.610,42078.097,0.000,0.000,0.000,0.000,0.000,132225.1,0.500,1.00,0.00
8.940,12.000,8.390,3.610,42099.879,0.000,0.000,0.000,0.000,0.000,132295.3,0.535,1.00,0.00
8.950,12.000,8.390,3.610,42121.650,0.000,0.000,0.000,0.000,0.000,132365.3,0.570,1.00,0.00
8.960,12.000,8.400,3.600,42121.666,0.000,0.000,0.000,0.000,0.000,132365.3,0.570,1.00,0.00
8.970,12.000,8.400,3.600,42121.666,0.000,0.000,0.000,0.000,0.000,132365.3,0.570,1.00,0.00
8.980,12.000,8.440,3.560,42057.095,0.000,0.000,0.000,0.000,0.000,132154.7,0.500,1.00,0.00
8.990,12.000,8.440,3.560,41993.947,0.000,0.000,0.000,0.000,0.000,131944.2,0.500,1.00,0.00
9.000,12.000,8.460,3.540,41973.003,0.000,0.000,0.000,0.000,0.000,131874.2,0.500,1.00,0.00
9.010,12.000,8.460,3.540,41952.017,0.000,0.000,0.000,0.000,0.000,131804.3,0.500,1.00,0.00
9.020,12.000,8.460,3.540,41973.783,0.000,0.000,0.000,0.000,0.000,131874.3,0.536,1.00,0.00
9.030,12.000,8.480,3.520,41952.078,0.000,0.000,0.000,0.000,0.000,131804.3,0.500,1.00,0.00
9.040,12.000,8.480,3.520,41931.103,0.000,0.000,0.000,0.000,0.000,131734.4,0.500,1.00,0.00
9.050,12.000,8.500,3.500,41910.189,0.000,0.000,0.000,0.000,0.000,131664.5,0.500,1.00,0.00
9.060,12.000,8.500,3.500,41889.234,0.000,0.000,0.000,0.000,0.000,131594.7,0.500,1.00,0.00
9.070,12.000,8.500,3.500,41910.984,0.000,0.000,0.000,0.000,0.000,131664.5,0.536,1.00,0.00
9.080,12.000,8.520,3.480,41889.295,0.000,0.000,0.000,0.000,0.000,131594.7,0.500,1.00,0.00
9.090,12.000,8.530,3.470,41847.422,0.000,0.000,0.000,0.000,0.000,131455.0,0.500,1.00,0.00
9.100,12.000,8.530,3.470,41847.445,0.000,0.000,0.000,0.000,0.000,131455.1,0.500,1.00,0.00
9.110,12.000,8.540,3.460,41847.470,0.000,0.000,0.000,0.000,0.000,131455.1,0.500,1.00,0.00
9.120,12.000,8.550,3.450,41826.571,0.000,0.000,0.000,0.000,0.000,131385.4,0.500,1.00,0.00
9.130,12.000,8.550,3.450,41826.583,0.000,0.000,0.000,0.000,0.000,131385.4,0.500,1.00,0.00
9.140,12.000,8.570,3.430,41805.720,0.000,0.000,0.000,0.000,0.000,131315.7,0.500,1.00,0.00
9.150,12.000,8.570,3.430,41784.818,0.000,0.000,0.000,0.000,0.000,131246.0,0.500,1.00,0.00
9.160,12.000,8.570,3.430,41806.542,0.000,0.000,0.000,0.000,0.000,131315.7,0.537,1.00,0.00
9.170,12.000,8.590,3.410,41784.880,0.000,0.000,0.000,0.000,0.000,131246.0,0.500,1.00,0.00
9.180,12.000,8.600,3.400,41743.111,0.000,0.000,0.000,0.000,0.000,131106.7,0.500,1.00,0.00
9.190,12.000,8.600,3.400,41743.134,0.000,0.000,0.000,0.000,0.000,131106.8,0.500,1.00,0.00
9.200,12.000,8.610,3.390,41743.159,0.000,0.000,0.000,0.000,0.000,131106.8,0.500,1.00,0.00
9.210,12.000,8.610,3.390,41743.159,0.000,0.000,0.000,0.000,0.000,131106.8,0.500,1.00,0.00
9.220,12.000,8.630,3.370,41722.339,0.000,0.000,0.000,0.000,0.000,131037.2,0.500,1.00,0.00
9.230,12.000,8.630,3.370,41701.478,0.000,0.000,0.000,0.000,0.000,130967.7,0.500,1.00,0.00
9.240,12.000,8.640,3.360,41701.516,0.000,0.000,0.000,0.000,0.000,130967.7,0.500,1.00,0.00
9.250,12.000,8.640,3.360,41701.516,0.000,0.000,0.000,0.000,0.000,130967.7,0.500,1.00,0.00
9.260,12.000,8.660,3.340,41680.716,0.000,0.000,0.000,0.000,0.000,130898.2,0.500,1.00,0.00
9.270,12.000,8.670,3.330,41639.052,0.000,0.000,0.000,0.000,0.000,130759.3,0.500,1.00,0.00
9.280,12.000,8.680,3.320,41618.260,0.000,0.000,0.000,0.000,0.000,130689.9,0.500,1.00,0.00
9.290,12.000,8.680,3.320,41618.271,0.000,0.000,0.000,0.000,0.000,130689.9,0.500,1.00,0.00
9.300,12.000,8.690,3.310,41618.297,0.000,0.000,0.000,0.000,0.000,130689.9,0.500,1.00,0.00
9.310,12.000,8.690,3.310,41618.297,0.000,0.000,0.000,0.000,0.000,130689.9,0.500,1.00,0.00
9.320,12.000,8.710,3.290,41597.540,0.000,0.000,0.000,0.000,0.000,130620.5,0.500,1.00,0.00
9.330,12.000,8.710,3.290,41576.742,0.000,0.000,0.000,0.000,0.000,130551.2,0.500,1.00,0.00
9.340,12.000,8.720,3.280,41576.779,0.000,0.000,0.000,0.000,0.000,130551.2,0.500,1.00,0.00
9.350,12.000,8.720,3.280,41576.779,0.000,0.000,0.000,0.000,0.000,130551.2,0.500,1.00,0.00
9.360,12.000,8.740,3.260,41556.043,0.000,0.000,0.000,0.000,0.000,130481.9,0.500,1.00,0.00
9.370,12.000,8.740,3.260,41535.266,0.000,0.000,0.000,0.000,0.000,130412.7,0.500,1.00,0.00
9.380,12.000,8.750,3.250,41535.303,0.000,0.000,0.000,0.000,0.000,130412.7,0.500,1.00,0.00
9.390,12.000,8.750,3.250,41535.303,0.000,0.000,0.000,0.000,0.000,130412.7,0.500,1.00,0.00
9.400,12.000,8.770,3.230,41514.588,0.000,0.000,0.000,0.000,0.000,130343.5,0.500,1.00,0.00
9.410,12.000,8.770,3.230,41493.831,0.000,0.000,0.000,0.000,0.000,130274.3,0.500,1.00,0.00
9.420,12.000,8.780,3.220,41493.869,0.000,0.000,0.000,0.000,0.000,130274.4,0.500,1.00,0.00
9.430,12.000,8.780,3.220,41493.869,0.000,0.000,0.000,0.000,0.000,130274.4,0.500,1.00,0.00
9.440,12.000,8.780,3.220,41515.507,0.000,0.000,0.000,0.000,0.000,130343.5,0.539,1.00,0.00
9.450,12.000,8.780,3.220,41537.134,0.000,0.000,0.000,0.000,0.000,130412.6,0.577,1.00,0.00
9.460,12.000,8.790,3.210,41537.152,0.000,0.000,0.000,0.000,0.000,130412.6,0.577,1.00,0.00
9.470,12.000,8.820,3.180,41473.139,0.000,0.000,0.000,0.000,0.000,130204.9,0.500,1.00,0.00
9.480,12.000,8.830,3.170,41410.894,0.000,0.000,0.000,0.000,0.000,129997.3,0.500,1.00,0.00
9.490,12.000,8.840,3.160,41390.217,0.000,0.000,0.000,0.000,0.000,129928.3,0.500,1.00,0.00
9.500,12.000,8.840,3.160,41390.229,0.000,0.000,0.000,0.000,0.000,129928.4,0.500,1.00,0.00
9.510,12.000,8.850,3.150,41390.255,0.000,0.000,0.000,0.000,0.000,129928.4,0.500,1.00,0.00
9.520,12.000,8.850,3.150,41390.255,0.000,0.000,0.000,0.000,0.000,129928.4,0.500,1.00,0.00
9.530,12.000,8.870,3.130,41369.613,0.000,0.000,0.000,0.000,0.000,129859.4,0.500,1.00,0.00
9.540,12.000,8.880,3.120,41328.260,0.000,0.000,0.000,0.000,0.000,129721.4,0.500,1.00,0.00
9.550,12.000,8.880,3.120,41328.283,0.000,0.000,0.000,0.000,0.000,129721.5,0.500,1.00,0.00
9.560,12.000,8.880,3.120,41349.880,0.000,0.000,0.000,0.000,0.000,129790.4,0.539,1.00,0.00
9.570,12.000,8.890,3.110,41349.897,0.000,0.000,0.000,0.000,0.000,129790.4,0.539,1.00,0.00
9.580,12.000,8.910,3.090,41307.665,0.000,0.000,0.000,0.000,0.000,129652.5,0.500,1.00,0.00
9.590,12.000,8.910,3.090,41287.012,0.000,0.000,0.000,0.000,0.000,129583.7,0.500,1.00,0.00
9.600,12.000,8.920,3.080,41287.051,0.000,0.000,0.000,0.000,0.000,129583.7,0.500,1.00,0.00
9.610,12.000,8.920,3.080,41287.051,0.000,0.000,0.000,0.000,0.000,129583.7,0.500,1.00,0.00
9.620,12.000,8.940,3.060,41266.460,0.000,0.000,0.000,0.000,0.000,129514.9,0.500,1.00,0.00
9.630,12.000,8.940,3.060,41245.828,0.000,0.000,0.000,0.000,0.000,129446.1,0.500,1.00,0.00
9.640,12.000,8.950,3.050,41245.866,0.000,0.000,0.000,0.000,0.000,129446.2,0.500,1.00,0.00
9.650,12.000,8.950,3.050,41245.866,0.000,0.000,0.000,0.000,0.000,129446.2,0.500,1.00,0.00
9.660,12.000,8.950,3.050,41267.451,0.000,0.000,0.000,0.000,0.000,129514.9,0.540,1.00,0.00
9.670,12.000,8.970,3.030,41245.908,0.000,0.000,0.000,0.000,0.000,129446.1,0.500,1.00,0.00
9.680,12.000,8.980,3.020,41204.679,0.000,0.000,0.000,0.000,0.000,129308.6,0.500,1.00,0.00
9.690,12.000,8.980,3.020,41204.702,0.000,0.000,0.000,0.000,0.000,129308.7,0.500,1.00,0.00
9.700,12.000,9.000,3.000,41184.152,0.000,0.000,0.000,0.000,0.000,129240.0,0.500,1.00,0.00
9.710,12.000,9.000,3.000,41163.561,0.000,0.000,0.000,0.000,0.000,129171.4,0.500,1.00,0.00
9.720,12.000,9.010,2.990,41163.599,0.000,0.000,0.000,0.000,0.000,129171.4,0.500,1.00,0.00
9.730,12.000,9.020,2.980,41143.044,0.000,0.000,0.000,0.000,0.000,129102.8,0.500,1.00,0.00
9.740,12.000,9.020,2.980,41143.055,0.000,0.000,0.000,0.000,0.000,129102.8,0.500,1.00,0.00
9.750,12.000,9.040,2.960,41122.538,0.000,0.000,0.000,0.000,0.000,129034.3,0.500,1.00,0.00
9.760,12.000,9.040,2.960,41101.977,0.000,0.000,0.000,0.000,0.000,128965.7,0.500,1.00,0.00
9.770,12.000,9.050,2.950,41102.016,0.000,0.000,0.000,0.000,0.000,128965.8,0.500,1.00,0.00
9.780,12.000,9.050,2.950,41102.016,0.000,0.000,0.000,0.000,0.000,128965.8,0.500,1.00,0.00
9.790,12.000,9.070,2.930,41081.518,0.000,0.000,0.000,0.000,0.000,128897.3,0.500,1.00,0.00
9.800,12.000,9.070,2.930,41060.978,0.000,0.000,0.000,0.000,0.000,128828.8,0.500,1.00,0.00
9.810,12.000,9.080,2.920,41061.017,0.000,0.000,0.000,0.000,0.000,128828.8,0.500,1.00,0.00
9.820,12.000,9.080,2.920,41061.017,0.000,0.000,0.000,0.000,0.000,128828.8,0.500,1.00,0.00
9.830,12.000,9.100,2.900,41040.540,0.000,0.000,0.000,0.000,0.000,128760.4,0.500,1.00,0.00
9.840,12.000,9.110,2.890,40999.518,0.000,0.000,0.000,0.000,0.000,128623.6,0.500,1.00,0.00
9.850,12.000,9.110,2.890,40999.541,0.000,0.000,0.000,0.000,0.000,128623.6,0.500,1.00,0.00
9.860,12.000,9.120,2.880,40999.568,0.000,0.000,0.000,0.000,0.000,128623.6,0.500,1.00,0.00
9.870,12.000,9.130,2.870,40979.094,0.000,0.000,0.000,0.000,0.000,128555.3,0.500,1.00,0.00
9.880,12.000,9.130,2.870,40979.106,0.000,0.000,0.000,0.000,0.000,128555.3,0.500,1.00,0.00
9.890,12.000,9.130,2.870,41000.638,0.000,0.000,0.000,0.000,0.000,128623.6,0.542,1.00,0.00
9.900,12.000,9.140,2.860,41000.655,0.000,0.000,0.000,0.000,0.000,128623.6,0.542,1.00,0.00
9.910,12.000,9.160,2.840,40958.665,0.000,0.000,0.000,0.000,0.000,128486.9,0.500,1.00,0.00
9.920,12.000,9.170,2.830,40917.714,0.000,0.000,0.000,0.000,0.000,128350.3,0.500,1.00,0.00
9.930,12.000,9.170,2.830,40917.737,0.000,0.000,0.000,0.000,0.000,128350.4,0.500,1.00,0.00
9.940,12.000,9.170,2.830,40939.257,0.000,0.000,0.000,0.000,0.000,128418.6,0.542,1.00,0.00
9.950,12.000,9.170,2.830,40960.764,0.000,0.000,0.000,0.000,0.000,128486.8,0.584,1.00,0.00
9.960,12.000,9.170,2.830,40982.282,0.000,0.000,0.000,0.000,0.000,128555.0,0.626,1.00,0.00
9.970,12.000,9.210,2.790,40917.758,0.000,0.000,0.000,0.000,0.000,128350.1,0.500,1.00,0.00
9.980,12.000,9.210,2.790,40856.319,0.000,0.000,0.000,0.000,0.000,128145.3,0.500,1.00,0.00
9.990,12.000,9.210,2.790,40877.892,0.000,0.000,0.000,0.000,0.000,128213.6,0.542,1.00,0.00
10.000,12.000,9.230,2.770,40856.428,0.000,0.000,0.000,0.000,0.000,128145.5,0.500,1.00,0.00
10.010,12.000,9.230,2.770,40835.999,0.000,0.000,0.000,0.000,0.000,128077.4,0.500,1.00,0.00
10.020,12.000,9.240,2.760,40836.038,0.000,0.000,0.000,0.000,0.000,128077.4,0.500,1.00,0.00
10.030,12.000,9.240,2.760,40836.038,0.000,0.000,0.000,0.000,0.000,128077.4,0.500,1.00,0.00
10.040,12.000,9.260,2.740,40815.675,0.000,0.000,0.000,0.000,0.000,128009.4,0.500,1.00,0.00
10.050,12.000,9.260,2.740,40795.268,0.000,0.000,0.000,0.000,0.000,127941.4,0.500,1.00,0.00
10.060,12.000,9.270,2.730,40795.307,0.000,0.000,0.000,0.000,0.000,127941.4,0.500,1.00,0.00
10.070,12.000,9.280,2.720,40774.937,0.000,0.000,0.000,0.000,0.000,127873.4,0.500,1.00,0.00
10.080,12.000,9.290,2.710,40754.578,0.000,0.000,0.000,0.000,0.000,127805.4,0.500,1.00,0.00
10.090,12.000,9.290,2.710,40754.589,0.000,0.000,0.000,0.000,0.000,127805.5,0.500,1.00,0.00
10.100,12.000,9.300,2.700,40754.617,0.000,0.000,0.000,0.000,0.000,127805.5,0.500,1.00,0.00
10.110,12.000,9.300,2.700,40754.617,0.000,0.000,0.000,0.000,0.000,127805.5,0.500,1.00,0.00
10.120,12.000,9.300,2.700,40776.117,0.000,0.000,0.000,0.000,0.000,127873.4,0.543,1.00,0.00
10.130,12.000,9.320,2.680,40754.661,0.000,0.000,0.000,0.000,0.000,127805.4,0.500,1.00,0.00
10.140,12.000,9.330,2.670,40713.924,0.000,0.000,0.000,0.000,0.000,127669.6,0.500,1.00,0.00
10.150,12.000,9.330,2.670,40713.947,0.000,0.000,0.000,0.000,0.000,127669.6,0.500,1.00,0.00
10.160,12.000,9.350,2.650,40693.645,0.000,0.000,0.000,0.000,0.000,127601.8,0.500,1.00,0.00
10.170,12.000,9.350,2.650,40673.299,0.000,0.000,0.000,0.000,0.000,127534.0,0.500,1.00,0.00
10.180,12.000,9.360,2.640,40673.338,0.000,0.000,0.000,0.000,0.000,127534.0,0.500,1.00,0.00
10.190,12.000,9.360,2.640,40673.338,0.000,0.000,0.000,0.000,0.000,127534.0,0.500,1.00,0.00
10.200,12.000,9.380,2.620,40653.057,0.000,0.000,0.000,0.000,0.000,127466.2,0.500,1.00,0.00
10.210,12.000,9.390,2.610,40612.423,0.000,0.000,0.000,0.000,0.000,127330.7,0.500,1.00,0.00
10.220,12.000,9.390,2.610,40612.446,0.000,0.000,0.000,0.000,0.000,127330.7,0.500,1.00,0.00
10.230,12.000,9.400,2.600,40612.474,0.000,0.000,0.000,0.000,0.000,127330.7,0.500,1.00,0.00
10.240,12.000,9.410,2.590,40592.195,0.000,0.000,0.000,0.000,0.000,127263.0,0.500,1.00,0.00
10.250,12.000,9.410,2.590,40592.206,0.000,0.000,0.000,0.000,0.000,127263.1,0.500,1.00,0.00
10.260,12.000,9.420,2.580,40592.234,0.000,0.000,0.000,0.000,0.000,127263.1,0.500,1.00,0.00
10.270,12.000,9.430,2.570,40571.966,0.000,0.000,0.000,0.000,0.000,127195.4,0.500,1.00,0.00
10.280,12.000,9.430,2.570,40571.977,0.000,0.000,0.000,0.000,0.000,127195.5,0.500,1.00,0.00
10.290,12.000,9.430,2.570,40593.450,0.000,0.000,0.000,0.000,0.000,127263.1,0.544,1.00,0.00
10.300,12.000,9.450,2.550,40572.022,0.000,0.000,0.000,0.000,0.000,127195.4,0.500,1.00,0.00
10.310,12.000,9.460,2.540,40531.468,0.000,0.000,0.000,0.000,0.000,127060.1,0.500,1.00,0.00
10.320,12.000,9.460,2.540,40531.491,0.000,0.000,0.000,0.000,0.000,127060.2,0.500,1.00,0.00
10.330,12.000,9.480,2.520,40511.281,0.000,0.000,0.000,0.000,0.000,126992.7,0.500,1.00,0.00
10.340,12.000,9.490,2.510,40470.789,0.000,0.000,0.000,0.000,0.000,126857.6,0.500,1.00,0.00
10.350,12.000,9.490,2.510,40470.812,0.000,0.000,0.000,0.000,0.000,126857.7,0.500,1.00,0.00
10.360,12.000,9.490,2.510,40492.264,0.000,0.000,0.000,0.000,0.000,126925.1,0.545,1.00,0.00
10.370,12.000,9.510,2.490,40470.856,0.000,0.000,0.000,0.000,0.000,126857.6,0.500,1.00,0.00
10.380,12.000,9.520,2.480,40430.404,0.000,0.000,0.000,0.000,0.000,126722.7,0.500,1.00,0.00
10.390,12.000,9.520,2.480,40430.426,0.000,0.000,0.000,0.000,0.000,126722.8,0.500,1.00,0.00
10.400,12.000,9.530,2.470,40430.455,0.000,0.000,0.000,0.000,0.000,126722.8,0.500,1.00,0.00
10.410,12.000,9.530,2.470,40430.455,0.000,0.000,0.000,0.000,0.000,126722.8,0.500,1.00,0.00
10.420,12.000,9.550,2.450,40410.296,0.000,0.000,0.000,0.000,0.000,126655.4,0.500,1.00,0.00
10.430,12.000,9.550,2.450,40390.091,0.000,0.000,0.000,0.000,0.000,126588.0,0.500,1.00,0.00
10.440,12.000,9.550,2.450,40411.555,0.000,0.000,0.000,0.000,0.000,126655.4,0.546,1.00,0.00
10.450,12.000,9.550,2.450,40432.986,0.000,0.000,0.000,0.000,0.000,126722.7,0.591,1.00,0.00
10.460,12.000,9.580,2.420,40390.154,0.000,0.000,0.000,0.000,0.000,126588.0,0.500,1.00,0.00
10.470,12.000,9.580,2.420,40349.744,0.000,0.000,0.000,0.000,0.000,126453.3,0.500,1.00,0.00
10.480,12.000,9.590,2.410,40349.795,0.000,0.000,0.000,0.000,0.000,126453.3,0.500,1.00,0.00
10.490,12.000,9.600,2.400,40329.648,0.000,0.000,0.000,0.000,0.000,126386.1,0.500,1.00,0.00
10.500,12.000,9.610,2.390,40309.513,0.000,0.000,0.000,0.000,0.000,126318.9,0.500,1.00,0.00
10.510,12.000,9.610,2.390,40309.524,0.000,0.000,0.000,0.000,0.000,126318.9,0.500,1.00,0.00
10.520,12.000,9.620,2.380,40309.553,0.000,0.000,0.000,0.000,0.000,126318.9,0.500,1.00,0.00
10.530,12.000,9.620,2.380,40309.553,0.000,0.000,0.000,0.000,0.000,126318.9,0.500,1.00,0.00
10.540,12.000,9.640,2.360,40289.455,0.000,0.000,0.000,0.000,0.000,126251.7,0.500,1.00,0.00
10.550,12.000,9.640,2.360,40269.311,0.000,0.000,0.000,0.000,0.000,126184.6,0.500,1.00,0.00
10.560,12.000,9.640,2.360,40290.763,0.000,0.000,0.000,0.000,0.000,126251.8,0.546,1.00,0.00
10.570,12.000,9.640,2.360,40312.181,0.000,0.000,0.000,0.000,0.000,126318.8,0.593,1.00,0.00
10.580,12.000,9.660,2.340,40290.791,0.000,0.000,0.000,0.000,0.000,126251.6,0.546,1.00,0.00
10.590,12.000,9.670,2.330,40249.219,0.000,0.000,0.000,0.000,0.000,126117.3,0.500,1.00,0.00
10.600,12.000,9.680,2.320,40229.125,0.000,0.000,0.000,0.000,0.000,126050.2,0.500,1.00,0.00
10.610,12.000,9.680,2.320,40229.136,0.000,0.000,0.000,0.000,0.000,126050.3,0.500,1.00,0.00
10.620,12.000,9.700,2.300,40209.079,0.000,0.000,0.000,0.000,0.000,125983.2,0.500,1.00,0.00
10.630,12.000,9.700,2.300,40188.975,0.000,0.000,0.000,0.000,0.000,125916.2,0.500,1.00,0.00
10.640,12.000,9.710,2.290,40189.016,0.000,0.000,0.000,0.000,0.000,125916.2,0.500,1.00,0.00
10.650,12.000,9.720,2.280,40168.950,0.000,0.000,0.000,0.000,0.000,125849.3,0.500,1.00,0.00
10.660,12.000,9.720,2.280,40168.961,0.000,0.000,0.000,0.000,0.000,125849.3,0.500,1.00,0.00
10.670,12.000,9.730,2.270,40168.990,0.000,0.000,0.000,0.000,0.000,125849.3,0.500,1.00,0.00
10.680,12.000,9.730,2.270,40168.990,0.000,0.000,0.000,0.000,0.000,125849.3,0.500,1.00,0.00
10.690,12.000,9.740,2.260,40169.020,0.000,0.000,0.000,0.000,0.000,125849.3,0.500,1.00,0.00
10.700,12.000,9.750,2.250,40148.964,0.000,0.000,0.000,0.000,0.000,125782.3,0.500,1.00,0.00
10.710,12.000,9.750,2.250,40148.975,0.000,0.000,0.000,0.000,0.000,125782.4,0.500,1.00,0.00
10.720,12.000,9.770,2.230,40128.958,0.000,0.000,0.000,0.000,0.000,125715.5,0.500,1.00,0.00
10.730,12.000,9.770,2.230,40108.895,0.000,0.000,0.000,0.000,0.000,125648.6,0.500,1.00,0.00
10.740,12.000,9.780,2.220,40108.935,0.000,0.000,0.000,0.000,0.000,125648.6,0.500,1.00,0.00
10.750,12.000,9.790,2.210,40088.910,0.000,0.000,0.000,0.000,0.000,125581.8,0.500,1.00,0.00
10.760,12.000,9.800,2.200,40068.895,0.000,0.000,0.000,0.000,0.000,125515.0,0.500,1.00,0.00
10.770,12.000,9.800,2.200,40068.907,0.000,0.000,0.000,0.000,0.000,125515.0,0.500,1.00,0.00
10.780,12.000,9.810,2.190,40068.936,0.000,0.000,0.000,0.000,0.000,125515.0,0.500,1.00,0.00
10.790,12.000,9.820,2.180,40048.930,0.000,0.000,0.000,0.000,0.000,125448.2,0.500,1.00,0.00
10.800,12.000,9.820,2.180,40048.942,0.000,0.000,0.000,0.000,0.000,125448.3,0.500,1.00,0.00
10.810,12.000,9.840,2.160,40028.975,0.000,0.000,0.000,0.000,0.000,125381.5,0.500,1.00,0.00
10.820,12.000,9.840,2.160,40008.962,0.000,0.000,0.000,0.000,0.000,125314.8,0.500,1.00,0.00
10.830,12.000,9.840,2.160,40030.394,0.000,0.000,0.000,0.000,0.000,125381.5,0.548,1.00,0.00
10.840,12.000,9.840,2.160,40051.792,0.000,0.000,0.000,0.000,0.000,125448.2,0.597,1.00,0.00
10.850,12.000,9.860,2.140,40030.423,0.000,0.000,0.000,0.000,0.000,125381.4,0.548,1.00,0.00
10.860,12.000,9.870,2.130,39989.002,0.000,0.000,0.000,0.000,0.000,125248.0,0.500,1.00,0.00
10.870,12.000,9.880,2.120,39969.038,0.000,0.000,0.000,0.000,0.000,125181.3,0.500,1.00,0.00
10.880,12.000,9.880,2.120,39969.049,0.000,0.000,0.000,0.000,0.000,125181.4,0.500,1.00,0.00
10.890,12.000,9.900,2.100,39949.123,0.000,0.000,0.000,0.000,0.000,125114.7,0.500,1.00,0.00
10.900,12.000,9.900,2.100,39929.150,0.000,0.000,0.000,0.000,0.000,125048.2,0.500,1.00,0.00
10.910,12.000,9.910,2.090,39929.191,0.000,0.000,0.000,0.000,0.000,125048.2,0.500,1.00,0.00
10.920,12.000,9.910,2.090,39929.191,0.000,0.000,0.000,0.000,0.000,125048.2,0.500,1.00,0.00
10.930,12.000,9.920,2.080,39929.220,0.000,0.000,0.000,0.000,0.000,125048.2,0.500,1.00,0.00
10.940,12.000,9.920,2.080,39929.220,0.000,0.000,0.000,0.000,0.000,125048.2,0.500,1.00,0.00
10.950,12.000,9.920,2.080,39950.638,0.000,0.000,0.000,0.000,0.000,125114.7,0.549,1.00,0.00
10.960,12.000,9.930,2.070,39950.658,0.000,0.000,0.000,0.000,0.000,125114.7,0.549,1.00,0.00
10.970,12.000,9.960,2.040,39889.366,0.000,0.000,0.000,0.000,0.000,124915.0,0.500,1.00,0.00
10.980,12.000,9.960,2.040,39849.448,0.000,0.000,0.000,0.000,0.000,124781.9,0.500,1.00,0.00
10.990,12.000,9.960,2.040,39870.892,0.000,0.000,0.000,0.000,0.000,124848.4,0.550,1.00,0.00
11.000,12.000,9.980,2.020,39849.539,0.000,0.000,0.000,0.000,0.000,124782.0,0.500,1.00,0.00
11.010,12.000,9.980,2.020,39829.614,0.000,0.000,0.000,0.000,0.000,124715.6,0.500,1.00,0.00
11.020,12.000,9.990,2.010,39829.655,0.000,0.000,0.000,0.000,0.000,124715.6,0.500,1.00,0.00
11.030,12.000,9.990,2.010,39829.655,0.000,0.000,0.000,0.000,0.000,124715.6,0.500,1.00,0.00
11.040,12.000,10.010,1.990,39809.800,0.000,0.000,0.000,0.000,0.000,124649.2,0.500,1.00,0.00
11.050,12.000,10.010,1.990,39789.895,0.000,0.000,0.000,0.000,0.000,124582.9,0.500,1.00,0.00
11.060,12.000,10.010,1.990,39811.318,0.000,0.000,0.000,0.000,0.000,124649.3,0.550,1.00,0.00
11.070,12.000,10.020,1.980,39811.338,0.000,0.000,0.000,0.000,0.000,124649.2,0.550,1.00,0.00
11.080,12.000,10.040,1.960,39770.078,0.000,0.000,0.000,0.000,0.000,124516.5,0.500,1.00,0.00
11.090,12.000,10.040,1.960,39750.195,0.000,0.000,0.000,0.000,0.000,124450.2,0.500,1.00,0.00
11.100,12.000,10.040,1.960,39771.615,0.000,0.000,0.000,0.000,0.000,124516.6,0.550,1.00,0.00
11.110,12.000,10.060,1.940,39750.264,0.000,0.000,0.000,0.000,0.000,124450.3,0.500,1.00,0.00
11.120,12.000,10.070,1.930,39710.534,0.000,0.000,0.000,0.000,0.000,124317.7,0.500,1.00,0.00
11.130,12.000,10.070,1.930,39710.557,0.000,0.000,0.000,0.000,0.000,124317.8,0.500,1.00,0.00
11.140,12.000,10.080,1.920,39710.587,0.000,0.000,0.000,0.000,0.000,124317.8,0.500,1.00,0.00
11.150,12.000,10.090,1.910,39690.761,0.000,0.000,0.000,0.000,0.000,124251.6,0.500,1.00,0.00
11.160,12.000,10.090,1.910,39690.772,0.000,0.000,0.000,0.000,0.000,124251.7,0.500,1.00,0.00
11.170,12.000,10.090,1.910,39712.172,0.000,0.000,0.000,0.000,0.000,124317.8,0.551,1.00,0.00
11.180,12.000,10.100,1.900,39712.193,0.000,0.000,0.000,0.000,0.000,124317.8,0.551,1.00,0.00
11.190,12.000,10.120,1.880,39670.984,0.000,0.000,0.000,0.000,0.000,124185.4,0.500,1.00,0.00
11.200,12.000,10.120,1.880,39651.150,0.000,0.000,0.000,0.000,0.000,124119.3,0.500,1.00,0.00
11.210,12.000,10.130,1.870,39651.192,0.000,0.000,0.000,0.000,0.000,124119.3,0.500,1.00,0.00
11.220,12.000,10.130,1.870,39651.192,0.000,0.000,0.000,0.000,0.000,124119.3,0.500,1.00,0.00
11.230,12.000,10.130,1.870,39672.597,0.000,0.000,0.000,0.000,0.000,124185.4,0.551,1.00,0.00
11.240,12.000,10.150,1.850,39651.240,0.000,0.000,0.000,0.000,0.000,124119.3,0.500,1.00,0.00
11.250,12.000,10.160,1.840,39611.609,0.000,0.000,0.000,0.000,0.000,123987.1,0.500,1.00,0.00
11.260,12.000,10.170,1.830,39591.835,0.000,0.000,0.000,0.000,0.000,123921.1,0.500,1.00,0.00
11.270,12.000,10.170,1.830,39591.847,0.000,0.000,0.000,0.000,0.000,123921.1,0.500,1.00,0.00
11.280,12.000,10.180,1.820,39591.877,0.000,0.000,0.000,0.000,0.000,123921.1,0.500,1.00,0.00
11.290,12.000,10.180,1.820,39591.877,0.000,0.000,0.000,0.000,0.000,123921.1,0.500,1.00,0.00
11.300,12.000,10.200,1.800,39572.142,0.000,0.000,0.000,0.000,0.000,123855.1,0.500,1.00,0.00
11.310,12.000,10.200,1.800,39552.356,0.000,0.000,0.000,0.000,0.000,123789.2,0.500,1.00,0.00
11.320,12.000,10.210,1.790,39552.398,0.000,0.000,0.000,0.000,0.000,123789.2,0.500,1.00,0.00
11.330,12.000,10.210,1.790,39552.398,0.000,0.000,0.000,0.000,0.000,123789.2,0.500,1.00,0.00
11.340,12.000,10.230,1.770,39532.683,0.000,0.000,0.000,0.000,0.000,123723.3,0.500,1.00,0.00
11.350,12.000,10.230,1.770,39512.917,0.000,0.000,0.000,0.000,0.000,123657.4,0.500,1.00,0.00
11.360,12.000,10.240,1.760,39512.959,0.000,0.000,0.000,0.000,0.000,123657.4,0.500,1.00,0.00
11.370,12.000,10.240,1.760,39512.959,0.000,0.000,0.000,0.000,0.000,123657.4,0.500,1.00,0.00
11.380,12.000,10.260,1.740,39493.263,0.000,0.000,0.000,0.000,0.000,123591.6,0.500,1.00,0.00
11.390,12.000,10.260,1.740,39473.517,0.000,0.000,0.000,0.000,0.000,123525.8,0.500,1.00,0.00
11.400,12.000,10.270,1.730,39473.559,0.000,0.000,0.000,0.000,0.000,123525.8,0.500,1.00,0.00
11.410,12.000,10.280,1.720,39453.853,0.000,0.000,0.000,0.000,0.000,123460.0,0.500,1.00,0.00
11.420,12.000,10.280,1.720,39453.864,0.000,0.000,0.000,0.000,0.000,123460.0,0.500,1.00,0.00
11.430,12.000,10.280,1.720,39475.266,0.000,0.000,0.000,0.000,0.000,123525.8,0.553,1.00,0.00
11.440,12.000,10.280,1.720,39496.656,0.000,0.000,0.000,0.000,0.000,123591.5,0.606,1.00,0.00
11.450,12.000,10.280,1.720,39518.056,0.000,0.000,0.000,0.000,0.000,123657.3,0.658,1.00,0.00
11.460,12.000,10.290,1.710,39518.085,0.000,0.000,0.000,0.000,0.000,123657.2,0.658,1.00,0.00
11.470,12.000,10.320,1.680,39453.867,0.000,0.000,0.000,0.000,0.000,123459.6,0.500,1.00,0.00
11.480,12.000,10.330,1.670,39394.655,0.000,0.000,0.000,0.000,0.000,123262.2,0.500,1.00,0.00
11.490,12.000,10.330,1.670,39394.689,0.000,0.000,0.000,0.000,0.000,123262.3,0.500,1.00,0.00
11.500,12.000,10.350,1.650,39375.051,0.000,0.000,0.000,0.000,0.000,123196.6,0.500,1.00,0.00
11.510,12.000,10.350,1.650,39355.365,0.000,0.000,0.000,0.000,0.000,123131.0,0.500,1.00,0.00
11.520,12.000,10.350,1.650,39376.785,0.000,0.000,0.000,0.000,0.000,123196.6,0.554,1.00,0.00
11.530,12.000,10.360,1.640,39376.807,0.000,0.000,0.000,0.000,0.000,123196.6,0.554,1.00,0.00
11.540,12.000,10.370,1.630,39355.425,0.000,0.000,0.000,0.000,0.000,123131.0,0.500,1.00,0.00
11.550,12.000,10.380,1.620,39335.779,0.000,0.000,0.000,0.000,0.000,123065.4,0.500,1.00,0.00
11.560,12.000,10.390,1.610,39316.143,0.000,0.000,0.000,0.000,0.000,122999.8,0.500,1.00,0.00
11.570,12.000,10.400,1.600,39296.517,0.000,0.000,0.000,0.000,0.000,122934.3,0.500,1.00,0.00
11.580,12.000,10.400,1.600,39296.528,0.000,0.000,0.000,0.000,0.000,122934.3,0.500,1.00,0.00
11.590,12.000,10.400,1.600,39317.931,0.000,0.000,0.000,0.000,0.000,122999.8,0.554,1.00,0.00
11.600,12.000,10.420,1.580,39296.578,0.000,0.000,0.000,0.000,0.000,122934.3,0.500,1.00,0.00
11.610,12.000,10.430,1.570,39257.303,0.000,0.000,0.000,0.000,0.000,122803.3,0.500,1.00,0.00
11.620,12.000,10.430,1.570,39257.326,0.000,0.000,0.000,0.000,0.000,122803.4,0.500,1.00,0.00
11.630,12.000,10.430,1.570,39278.730,0.000,0.000,0.000,0.000,0.000,122868.8,0.554,1.00,0.00
11.640,12.000,10.450,1.550,39257.376,0.000,0.000,0.000,0.000,0.000,122803.3,0.500,1.00,0.00
11.650,12.000,10.450,1.550,39237.747,0.000,0.000,0.000,0.000,0.000,122737.9,0.500,1.00,0.00
11.660,12.000,10.460,1.540,39237.790,0.000,0.000,0.000,0.000,0.000,122737.9,0.500,1.00,0.00
11.670,12.000,10.460,1.540,39237.790,0.000,0.000,0.000,0.000,0.000,122737.9,0.500,1.00,0.00
11.680,12.000,10.480,1.520,39218.233,0.000,0.000,0.000,0.000,0.000,122672.5,0.500,1.00,0.00
11.690,12.000,10.480,1.520,39198.625,0.000,0.000,0.000,0.000,0.000,122607.2,0.500,1.00,0.00
11.700,12.000,10.490,1.510,39198.668,0.000,0.000,0.000,0.000,0.000,122607.2,0.500,1.00,0.00
11.710,12.000,10.500,1.500,39179.099,0.000,0.000,0.000,0.000,0.000,122541.9,0.500,1.00,0.00
11.720,12.000,10.510,1.490,39159.541,0.000,0.000,0.000,0.000,0.000,122476.6,0.500,1.00,0.00
11.730,12.000,10.510,1.490,39159.553,0.000,0.000,0.000,0.000,0.000,122476.6,0.500,1.00,0.00
11.740,12.000,10.510,1.490,39180.963,0.000,0.000,0.000,0.000,0.000,122541.9,0.555,1.00,0.00
11.750,12.000,10.530,1.470,39159.604,0.000,0.000,0.000,0.000,0.000,122476.6,0.500,1.00,0.00
11.760,12.000,10.530,1.470,39140.024,0.000,0.000,0.000,0.000,0.000,122411.3,0.500,1.00,0.00
11.770,12.000,10.530,1.470,39161.460,0.000,0.000,0.000,0.000,0.000,122476.6,0.555,1.00,0.00
11.780,12.000,10.550,1.450,39140.096,0.000,0.000,0.000,0.000,0.000,122411.3,0.500,1.00,0.00
11.790,12.000,10.550,1.450,39120.527,0.000,0.000,0.000,0.000,0.000,122346.1,0.500,1.00,0.00
11.800,12.000,10.560,1.440,39120.570,0.000,0.000,0.000,0.000,0.000,122346.1,0.500,1.00,0.00
11.810,12.000,10.560,1.440,39120.570,0.000,0.000,0.000,0.000,0.000,122346.1,0.500,1.00,0.00
11.820,12.000,10.560,1.440,39141.996,0.000,0.000,0.000,0.000,0.000,122411.3,0.556,1.00,0.00
11.830,12.000,10.590,1.410,39101.093,0.000,0.000,0.000,0.000,0.000,122280.9,0.500,1.00,0.00
11.840,12.000,10.590,1.410,39061.973,0.000,0.000,0.000,0.000,0.000,122150.5,0.500,1.00,0.00
11.850,12.000,10.590,1.410,39083.433,0.000,0.000,0.000,0.000,0.000,122215.7,0.556,1.00,0.00
11.860,12.000,10.590,1.410,39104.838,0.000,0.000,0.000,0.000,0.000,122280.8,0.612,1.00,0.00
11.870,12.000,10.610,1.390,39083.468,0.000,0.000,0.000,0.000,0.000,122215.6,0.556,1.00,0.00
11.880,12.000,10.610,1.390,39062.034,0.000,0.000,0.000,0.000,0.000,122150.5,0.500,1.00,0.00
11.890,12.000,10.630,1.370,39042.567,0.000,0.000,0.000,0.000,0.000,122085.4,0.500,1.00,0.00
11.900,12.000,10.630,1.370,39023.046,0.000,0.000,0.000,0.000,0.000,122020.3,0.500,1.00,0.00
11.910,12.000,10.640,1.360,39023.089,0.000,0.000,0.000,0.000,0.000,122020.4,0.500,1.00,0.00
11.920,12.000,10.650,1.350,39003.609,0.000,0.000,0.000,0.000,0.000,121955.3,0.500,1.00,0.00
11.930,12.000,10.650,1.350,39003.620,0.000,0.000,0.000,0.000,0.000,121955.4,0.500,1.00,0.00
11.940,12.000,10.650,1.350,39025.052,0.000,0.000,0.000,0.000,0.000,122020.4,0.557,1.00,0.00
11.950,12.000,10.650,1.350,39046.471,0.000,0.000,0.000,0.000,0.000,122085.3,0.613,1.00,0.00
11.960,12.000,10.660,1.340,39046.497,0.000,0.000,0.000,0.000,0.000,122085.3,0.613,1.00,0.00
11.970,12.000,10.690,1.310,38984.158,0.000,0.000,0.000,0.000,0.000,121890.1,0.500,1.00,0.00
11.980,12.000,10.690,1.310,38945.145,0.000,0.000,0.000,0.000,0.000,121760.0,0.500,1.00,0.00
11.990,12.000,10.700,1.300,38945.200,0.000,0.000,0.000,0.000,0.000,121760.1,0.500,1.00,0.00
12.000,12.000,10.700,1.300,38945.200,0.000,0.000,0.000,0.000,0.000,121760.1,0.500,1.00,0.00
12.010,12.000,10.700,1.300,38966.639,0.000,0.000,0.000,0.000,0.000,121825.0,0.557,1.00,0.00
12.020,12.000,10.720,1.280,38945.252,0.000,0.000,0.000,0.000,0.000,121760.0,0.500,1.00,0.00
12.030,12.000,10.720,1.280,38925.779,0.000,0.000,0.000,0.000,0.000,121695.1,0.500,1.00,0.00
12.040,12.000,10.740,1.260,38906.381,0.000,0.000,0.000,0.000,0.000,121630.3,0.500,1.00,0.00
12.050,12.000,10.740,1.260,38886.928,0.000,0.000,0.000,0.000,0.000,121565.4,0.500,1.00,0.00
12.060,12.000,10.740,1.260,38908.389,0.000,0.000,0.000,0.000,0.000,121630.3,0.558,1.00,0.00
12.070,12.000,10.750,1.250,38908.412,0.000,0.000,0.000,0.000,0.000,121630.3,0.558,1.00,0.00
12.080,12.000,10.770,1.230,38867.569,0.000,0.000,0.000,0.000,0.000,121500.6,0.500,1.00,0.00
12.090,12.000,10.770,1.230,38848.137,0.000,0.000,0.000,0.000,0.000,121435.8,0.500,1.00,0.00
12.100,12.000,10.780,1.220,38848.180,0.000,0.000,0.000,0.000,0.000,121435.8,0.500,1.00,0.00
12.110,12.000,10.780,1.220,38848.180,0.000,0.000,0.000,0.000,0.000,121435.8,0.500,1.00,0.00
12.120,12.000,10.800,1.200,38828.820,0.000,0.000,0.000,0.000,0.000,121371.1,0.500,1.00,0.00
12.130,12.000,10.800,1.200,38809.406,0.000,0.000,0.000,0.000,0.000,121306.4,0.500,1.00,0.00
12.140,12.000,10.810,1.190,38809.450,0.000,0.000,0.000,0.000,0.000,121306.4,0.500,1.00,0.00
12.150,12.000,10.810,1.190,38809.450,0.000,0.000,0.000,0.000,0.000,121306.4,0.500,1.00,0.00
12.160,12.000,10.820,1.180,38809.483,0.000,0.000,0.000,0.000,0.000,121306.4,0.500,1.00,0.00
12.170,12.000,10.820,1.180,38809.483,0.000,0.000,0.000,0.000,0.000,121306.4,0.500,1.00,0.00
12.180,12.000,10.840,1.160,38790.142,0.000,0.000,0.000,0.000,0.000,121241.7,0.500,1.00,0.00
12.190,12.000,10.850,1.150,38751.375,0.000,0.000,0.000,0.000,0.000,121112.4,0.500,1.00,0.00
12.200,12.000,10.850,1.150,38751.398,0.000,0.000,0.000,0.000,0.000,121112.5,0.500,1.00,0.00
12.210,12.000,10.860,1.140,38751.431,0.000,0.000,0.000,0.000,0.000,121112.5,0.500,1.00,0.00
12.220,12.000,10.870,1.130,38732.085,0.000,0.000,0.000,0.000,0.000,121047.9,0.500,1.00,0.00
12.230,12.000,10.870,1.130,38732.097,0.000,0.000,0.000,0.000,0.000,121047.9,0.500,1.00,0.00
12.240,12.000,10.880,1.120,38732.129,0.000,0.000,0.000,0.000,0.000,121047.9,0.500,1.00,0.00
12.250,12.000,10.880,1.120,38732.129,0.000,0.000,0.000,0.000,0.000,121047.9,0.500,1.00,0.00
12.260,12.000,10.900,1.100,38712.828,0.000,0.000,0.000,0.000,0.000,120983.4,0.500,1.00,0.00
12.270,12.000,10.900,1.100,38693.472,0.000,0.000,0.000,0.000,0.000,120918.8,0.500,1.00,0.00
12.280,12.000,10.910,1.090,38693.516,0.000,0.000,0.000,0.000,0.000,120918.9,0.500,1.00,0.00
12.290,12.000,10.910,1.090,38693.516,0.000,0.000,0.000,0.000,0.000,120918.9,0.500,1.00,0.00
12.300,12.000,10.910,1.090,38714.988,0.000,0.000,0.000,0.000,0.000,120983.4,0.560,1.00,0.00
12.310,12.000,10.920,1.080,38715.012,0.000,0.000,0.000,0.000,0.000,120983.3,0.560,1.00,0.00
12.320,12.000,10.940,1.060,38674.233,0.000,0.000,0.000,0.000,0.000,120854.3,0.500,1.00,0.00
12.330,12.000,10.950,1.050,38635.573,0.000,0.000,0.000,0.000,0.000,120725.3,0.500,1.00,0.00
12.340,12.000,10.950,1.050,38635.596,0.000,0.000,0.000,0.000,0.000,120725.4,0.500,1.00,0.00
12.350,12.000,10.950,1.050,38657.070,0.000,0.000,0.000,0.000,0.000,120789.8,0.560,1.00,0.00
12.360,12.000,10.960,1.040,38657.094,0.000,0.000,0.000,0.000,0.000,120789.7,0.560,1.00,0.00
12.370,12.000,10.970,1.030,38635.638,0.000,0.000,0.000,0.000,0.000,120725.3,0.500,1.00,0.00
12.380,12.000,10.970,1.030,38635.651,0.000,0.000,0.000,0.000,0.000,120725.3,0.500,1.00,0.00
12.390,12.000,10.970,1.030,38657.141,0.000,0.000,0.000,0.000,0.000,120789.7,0.560,1.00,0.00
12.400,12.000,10.990,1.010,38635.704,0.000,0.000,0.000,0.000,0.000,120725.3,0.500,1.00,0.00
12.410,12.000,11.000,1.000,38597.091,0.000,0.000,0.000,0.000,0.000,120596.5,0.500,1.00,0.00
12.420,12.000,11.010,0.990,38577.826,0.000,0.000,0.000,0.000,0.000,120532.1,0.500,1.00,0.00
12.430,12.000,11.010,0.990,38577.838,0.000,0.000,0.000,0.000,0.000,120532.2,0.500,1.00,0.00
12.440,12.000,11.010,0.990,38599.331,0.000,0.000,0.000,0.000,0.000,120596.5,0.561,1.00,0.00
12.450,12.000,11.010,0.990,38620.811,0.000,0.000,0.000,0.000,0.000,120660.7,0.621,1.00,0.00
12.460,12.000,11.020,0.980,38620.839,0.000,0.000,0.000,0.000,0.000,120660.7,0.621,1.00,0.00
12.470,12.000,11.020,0.980,38620.839,0.000,0.000,0.000,0.000,0.000,120660.7,0.621,1.00,0.00
12.480,12.000,11.050,0.950,38577.903,0.000,0.000,0.000,0.000,0.000,120532.0,0.500,1.00,0.00
12.490,12.000,11.050,0.950,38539.305,0.000,0.000,0.000,0.000,0.000,120403.3,0.500,1.00,0.00
12.500,12.000,11.070,0.930,38520.103,0.000,0.000,0.000,0.000,0.000,120339.1,0.500,1.00,0.00
12.510,12.000,11.070,0.930,38500.844,0.000,0.000,0.000,0.000,0.000,120274.9,0.500,1.00,0.00
12.520,12.000,11.080,0.920,38500.889,0.000,0.000,0.000,0.000,0.000,120274.9,0.500,1.00,0.00
12.530,12.000,11.080,0.920,38500.889,0.000,0.000,0.000,0.000,0.000,120274.9,0.500,1.00,0.00
12.540,12.000,11.100,0.900,38481.703,0.000,0.000,0.000,0.000,0.000,120210.7,0.500,1.00,0.00
12.550,12.000,11.100,0.900,38462.463,0.000,0.000,0.000,0.000,0.000,120146.6,0.500,1.00,0.00
12.560,12.000,11.110,0.890,38462.508,0.000,0.000,0.000,0.000,0.000,120146.6,0.500,1.00,0.00
12.570,12.000,11.120,0.880,38443.309,0.000,0.000,0.000,0.000,0.000,120082.5,0.500,1.00,0.00
12.580,12.000,11.120,0.880,38443.320,0.000,0.000,0.000,0.000,0.000,120082.6,0.500,1.00,0.00
12.590,12.000,11.120,0.880,38464.836,0.000,0.000,0.000,0.000,0.000,120146.6,0.562,1.00,0.00
12.600,12.000,11.130,0.870,38464.860,0.000,0.000,0.000,0.000,0.000,120146.6,0.562,1.00,0.00
12.610,12.000,11.150,0.850,38424.165,0.000,0.000,0.000,0.000,0.000,120018.4,0.500,1.00,0.00
12.620,12.000,11.150,0.850,38404.954,0.000,0.000,0.000,0.000,0.000,119954.4,0.500,1.00,0.00
12.630,12.000,11.160,0.840,38404.999,0.000,0.000,0.000,0.000,0.000,119954.4,0.500,1.00,0.00
12.640,12.000,11.160,0.840,38404.999,0.000,0.000,0.000,0.000,0.000,119954.4,0.500,1.00,0.00
12.650,12.000,11.170,0.830,38405.033,0.000,0.000,0.000,0.000,0.000,119954.4,0.500,1.00,0.00
12.660,12.000,11.180,0.820,38385.862,0.000,0.000,0.000,0.000,0.000,119890.4,0.500,1.00,0.00
12.670,12.000,11.180,0.820,38385.874,0.000,0.000,0.000,0.000,0.000,119890.4,0.500,1.00,0.00
12.680,12.000,11.200,0.800,38366.747,0.000,0.000,0.000,0.000,0.000,119826.4,0.500,1.00,0.00
12.690,12.000,11.200,0.800,38347.564,0.000,0.000,0.000,0.000,0.000,119762.5,0.500,1.00,0.00
12.700,12.000,11.200,0.800,38369.119,0.000,0.000,0.000,0.000,0.000,119826.5,0.563,1.00,0.00
12.710,12.000,11.220,0.780,38347.640,0.000,0.000,0.000,0.000,0.000,119762.5,0.500,1.00,0.00
12.720,12.000,11.220,0.780,38328.467,0.000,0.000,0.000,0.000,0.000,119698.6,0.500,1.00,0.00
12.730,12.000,11.220,0.780,38350.029,0.000,0.000,0.000,0.000,0.000,119762.6,0.563,1.00,0.00
12.740,12.000,11.240,0.760,38328.542,0.000,0.000,0.000,0.000,0.000,119698.6,0.500,1.00,0.00
12.750,12.000,11.240,0.760,38309.379,0.000,0.000,0.000,0.000,0.000,119634.8,0.500,1.00,0.00
12.760,12.000,11.250,0.750,38309.424,0.000,0.000,0.000,0.000,0.000,119634.8,0.500,1.00,0.00
12.770,12.000,11.250,0.750,38309.424,0.000,0.000,0.000,0.000,0.000,119634.8,0.500,1.00,0.00
12.780,12.000,11.260,0.740,38309.458,0.000,0.000,0.000,0.000,0.000,119634.8,0.500,1.00,0.00
12.790,12.000,11.270,0.730,38290.336,0.000,0.000,0.000,0.000,0.000,119570.9,0.500,1.00,0.00
12.800,12.000,11.280,0.720,38271.225,0.000,0.000,0.000,0.000,0.000,119507.1,0.500,1.00,0.00
12.810,12.000,11.280,0.720,38271.237,0.000,0.000,0.000,0.000,0.000,119507.2,0.500,1.00,0.00
12.820,12.000,11.290,0.710,38271.270,0.000,0.000,0.000,0.000,0.000,119507.2,0.500,1.00,0.00
12.830,12.000,11.300,0.700,38252.167,0.000,0.000,0.000,0.000,0.000,119443.4,0.500,1.00,0.00
12.840,12.000,11.300,0.700,38252.179,0.000,0.000,0.000,0.000,0.000,119443.4,0.500,1.00,0.00
12.850,12.000,11.320,0.680,38233.119,0.000,0.000,0.000,0.000,0.000,119379.7,0.500,1.00,0.00
12.860,12.000,11.320,0.680,38214.003,0.000,0.000,0.000,0.000,0.000,119315.9,0.500,1.00,0.00
12.870,12.000,11.320,0.680,38235.595,0.000,0.000,0.000,0.000,0.000,119379.7,0.564,1.00,0.00
12.880,12.000,11.320,0.680,38257.152,0.000,0.000,0.000,0.000,0.000,119443.3,0.628,1.00,0.00
12.890,12.000,11.340,0.660,38235.635,0.000,0.000,0.000,0.000,0.000,119379.6,0.564,1.00,0.00
12.900,12.000,11.340,0.660,38214.047,0.000,0.000,0.000,0.000,0.000,119315.9,0.500,1.00,0.00
12.910,12.000,11.350,0.650,38214.094,0.000,0.000,0.000,0.000,0.000,119315.9,0.500,1.00,0.00
12.920,12.000,11.360,0.640,38195.020,0.000,0.000,0.000,0.000,0.000,119252.2,0.500,1.00,0.00
12.930,12.000,11.360,0.640,38195.032,0.000,0.000,0.000,0.000,0.000,119252.2,0.500,1.00,0.00
12.940,12.000,11.360,0.640,38216.627,0.000,0.000,0.000,0.000,0.000,119315.9,0.565,1.00,0.00
12.950,12.000,11.360,0.640,38238.210,0.000,0.000,0.000,0.000,0.000,119379.5,0.629,1.00,0.00
12.960,12.000,11.370,0.630,38238.240,0.000,0.000,0.000,0.000,0.000,119379.5,0.629,1.00,0.00
12.970,12.000,11.400,0.600,38175.981,0.000,0.000,0.000,0.000,0.000,119188.3,0.500,1.00,0.00
12.980,12.000,11.410,0.590,38118.692,0.000,0.000,0.000,0.000,0.000,118997.2,0.500,1.00,0.00
12.990,12.000,11.420,0.580,38099.669,0.000,0.000,0.000,0.000,0.000,118933.7,0.500,1.00,0.00
13.000,12.000,11.420,0.580,38099.680,0.000,0.000,0.000,0.000,0.000,118933.7,0.500,1.00,0.00
13.010,12.000,11.420,0.580,38121.281,0.000,0.000,0.000,0.000,0.000,118997.2,0.565,1.00,0.00
13.020,12.000,11.440,0.560,38099.736,0.000,0.000,0.000,0.000,0.000,118933.7,0.500,1.00,0.00
13.030,12.000,11.440,0.560,38080.687,0.000,0.000,0.000,0.000,0.000,118870.2,0.500,1.00,0.00
13.040,12.000,11.450,0.550,38080.733,0.000,0.000,0.000,0.000,0.000,118870.2,0.500,1.00,0.00
13.050,12.000,11.450,0.550,38080.733,0.000,0.000,0.000,0.000,0.000,118870.2,0.500,1.00,0.00
13.060,12.000,11.460,0.540,38080.767,0.000,0.000,0.000,0.000,0.000,118870.2,0.500,1.00,0.00
13.070,12.000,11.460,0.540,38080.767,0.000,0.000,0.000,0.000,0.000,118870.2,0.500,1.00,0.00
13.080,12.000,11.480,0.520,38061.794,0.000,0.000,0.000,0.000,0.000,118806.8,0.500,1.00,0.00
13.090,12.000,11.480,0.520,38042.764,0.000,0.000,0.000,0.000,0.000,118743.3,0.500,1.00,0.00
13.100,12.000,11.490,0.510,38042.810,0.000,0.000,0.000,0.000,0.000,118743.4,0.500,1.00,0.00
13.110,12.000,11.500,0.500,38023.821,0.000,0.000,0.000,0.000,0.000,118679.9,0.500,1.00,0.00
13.120,12.000,11.500,0.500,38023.833,0.000,0.000,0.000,0.000,0.000,118680.0,0.500,1.00,0.00
13.130,12.000,11.510,0.490,38023.868,0.000,0.000,0.000,0.000,0.000,118680.0,0.500,1.00,0.00
13.140,12.000,11.520,0.480,38004.889,0.000,0.000,0.000,0.000,0.000,118616.6,0.500,1.00,0.00
13.150,12.000,11.520,0.480,38004.900,0.000,0.000,0.000,0.000,0.000,118616.6,0.500,1.00,0.00
13.160,12.000,11.520,0.480,38026.545,0.000,0.000,0.000,0.000,0.000,118680.0,0.566,1.00,0.00
13.170,12.000,11.530,0.470,38026.571,0.000,0.000,0.000,0.000,0.000,118679.9,0.566,1.00,0.00
13.180,12.000,11.550,0.450,37985.967,0.000,0.000,0.000,0.000,0.000,118553.2,0.500,1.00,0.00
13.190,12.000,11.550,0.450,37966.976,0.000,0.000,0.000,0.000,0.000,118489.9,0.500,1.00,0.00
13.200,12.000,11.560,0.440,37967.022,0.000,0.000,0.000,0.000,0.000,118489.9,0.500,1.00,0.00
13.210,12.000,11.570,0.430,37948.072,0.000,0.000,0.000,0.000,0.000,118426.6,0.500,1.00,0.00
13.220,12.000,11.570,0.430,37948.083,0.000,0.000,0.000,0.000,0.000,118426.7,0.500,1.00,0.00
13.230,12.000,11.580,0.420,37948.118,0.000,0.000,0.000,0.000,0.000,118426.7,0.500,1.00,0.00
13.240,12.000,11.580,0.420,37948.118,0.000,0.000,0.000,0.000,0.000,118426.7,0.500,1.00,0.00
13.250,12.000,11.600,0.400,37929.212,0.000,0.000,0.000,0.000,0.000,118363.4,0.500,1.00,0.00
13.260,12.000,11.610,0.390,37891.309,0.000,0.000,0.000,0.000,0.000,118237.0,0.500,1.00,0.00
13.270,12.000,11.610,0.390,37891.332,0.000,0.000,0.000,0.000,0.000,118237.0,0.500,1.00,0.00
13.280,12.000,11.620,0.380,37891.367,0.000,0.000,0.000,0.000,0.000,118237.0,0.500,1.00,0.00
13.290,12.000,11.620,0.380,37891.367,0.000,0.000,0.000,0.000,0.000,118237.0,0.500,1.00,0.00
13.300,12.000,11.630,0.370,37891.402,0.000,0.000,0.000,0.000,0.000,118237.0,0.500,1.00,0.00
13.310,12.000,11.640,0.360,37872.488,0.000,0.000,0.000,0.000,0.000,118173.9,0.500,1.00,0.00
13.320,12.000,11.640,0.360,37872.500,0.000,0.000,0.000,0.000,0.000,118173.9,0.500,1.00,0.00
13.330,12.000,11.650,0.350,37872.534,0.000,0.000,0.000,0.000,0.000,118173.9,0.500,1.00,0.00
13.340,12.000,11.660,0.340,37853.632,0.000,0.000,0.000,0.000,0.000,118110.8,0.500,1.00,0.00
13.350,12.000,11.660,0.340,37853.643,0.000,0.000,0.000,0.000,0.000,118110.8,0.500,1.00,0.00
13.360,12.000,11.670,0.330,37853.678,0.000,0.000,0.000,0.000,0.000,118110.8,0.500,1.00,0.00
13.370,12.000,11.680,0.320,37834.785,0.000,0.000,0.000,0.000,0.000,118047.7,0.500,1.00,0.00
13.380,12.000,11.680,0.320,37834.797,0.000,0.000,0.000,0.000,0.000,118047.8,0.500,1.00,0.00
13.390,12.000,11.700,0.300,37815.948,0.000,0.000,0.000,0.000,0.000,117984.7,0.500,1.00,0.00
13.400,12.000,11.700,0.300,37797.041,0.000,0.000,0.000,0.000,0.000,117921.7,0.500,1.00,0.00
13.410,12.000,11.710,0.290,37797.087,0.000,0.000,0.000,0.000,0.000,117921.7,0.500,1.00,0.00
13.420,12.000,11.710,0.290,37797.087,0.000,0.000,0.000,0.000,0.000,117921.7,0.500,1.00,0.00
13.430,12.000,11.710,0.290,37818.806,0.000,0.000,0.000,0.000,0.000,117984.7,0.569,1.00,0.00
13.440,12.000,11.710,0.290,37840.512,0.000,0.000,0.000,0.000,0.000,118047.7,0.637,1.00,0.00
13.450,12.000,11.710,0.290,37862.229,0.000,0.000,0.000,0.000,0.000,118110.7,0.706,1.00,0.00
13.460,12.000,11.720,0.280,37862.265,0.000,0.000,0.000,0.000,0.000,118110.6,0.706,1.00,0.00
13.470,12.000,11.720,0.280,37862.265,0.000,0.000,0.000,0.000,0.000,118110.6,0.706,1.00,0.00
13.480,12.000,11.760,0.240,16571.303,0.000,0.000,0.000,0.000,0.000,117921.3,0.500,1.00,0.00
13.490,12.000,11.760,0.240,37740.382,0.000,0.000,0.000,0.000,0.000,117732.1,0.500,1.00,0.00
13.500,12.000,11.760,0.240,37744.851,0.000,0.000,0.000,0.000,0.000,117743.2,0.528,1.00,0.00
13.510,12.000,11.770,0.230,37744.885,0.000,0.000,0.000,0.000,0.000,117743.2,0.528,1.00,0.00
13.520,12.000,11.780,0.220,37724.897,0.000,0.000,0.000,0.000,0.000,117680.3,0.500,1.00,0.00
13.530,12.000,11.790,0.210,37706.071,0.000,0.000,0.000,0.000,0.000,117617.4,0.500,1.00,0.00
13.540,12.000,11.790,0.210,37706.082,0.000,0.000,0.000,0.000,0.000,117617.4,0.500,1.00,0.00
13.550,12.000,11.790,0.210,37727.834,0.000,0.000,0.000,0.000,0.000,117680.3,0.570,1.00,0.00
13.560,12.000,11.800,0.200,37727.861,0.000,0.000,0.000,0.000,0.000,117680.2,0.569,1.00,0.00
13.570,12.000,11.800,0.200,37727.861,0.000,0.000,0.000,0.000,0.000,117680.2,0.569,1.00,0.00
13.580,12.000,11.820,0.180,30649.123,0.000,0.000,0.000,0.000,0.000,117617.4,0.500,1.00,0.00
13.590,12.000,11.830,0.170,37668.484,0.000,0.000,0.000,0.000,0.000,117491.6,0.500,1.00,0.00
13.600,12.000,11.830,0.170,37665.432,0.000,0.000,0.000,0.000,0.000,117481.5,0.500,1.00,0.00
13.610,12.000,11.840,0.160,37665.469,0.000,0.000,0.000,0.000,0.000,117481.5,0.500,1.00,0.00
13.620,12.000,11.840,0.160,37665.469,0.000,0.000,0.000,0.000,0.000,117481.5,0.500,1.00,0.00
13.630,12.000,11.860,0.140,16511.342,0.000,0.000,0.000,0.000,0.000,117418.7,0.500,1.00,0.00
13.640,12.000,11.860,0.140,37627.885,0.000,0.000,0.000,0.000,0.000,117356.0,0.500,1.00,0.00
13.650,12.000,11.860,0.140,37632.377,0.000,0.000,0.000,0.000,0.000,117367.0,0.528,1.00,0.00
13.660,12.000,11.880,0.120,9459.425,0.000,0.000,0.000,0.000,0.000,117304.2,0.500,1.00,0.00
13.670,12.000,11.880,0.120,37593.638,0.000,0.000,0.000,0.000,0.000,117241.6,0.500,1.00,0.00
13.680,12.000,11.880,0.120,37595.183,0.000,0.000,0.000,0.000,0.000,117244.7,0.514,1.00,0.00
13.690,12.000,11.880,0.120,37616.966,0.000,0.000,0.000,0.000,0.000,117307.4,0.585,1.00,0.00
13.700,12.000,11.900,0.100,2421.839,0.000,0.000,0.000,0.000,0.000,117244.7,0.514,1.00,0.00
13.710,12.000,11.900,0.100,37575.846,0.000,0.000,0.000,0.000,0.000,117182.0,0.500,1.00,0.00
13.720,12.000,11.900,0.100,37575.846,0.000,0.000,0.000,0.000,0.000,117182.0,0.500,1.00,0.00
13.730,12.000,11.900,0.100,37597.642,0.000,0.000,0.000,0.000,0.000,117244.6,0.571,1.00,0.00
13.740,12.000,11.920,0.080,0.000,8.536,0.000,0.000,0.000,0.000,117182.0,0.500,1.00,0.00
13.750,12.000,11.920,0.080,30529.957,0.000,0.000,0.000,0.000,0.000,117119.4,0.500,1.00,0.00
13.760,12.000,11.910,0.090,37559.898,0.000,0.000,0.000,0.000,0.000,117119.4,0.566,1.00,0.00
13.770,12.000,11.920,0.080,12970.960,0.000,0.000,0.000,0.000,0.000,117160.1,0.623,1.00,0.00
13.780,12.000,11.930,0.070,9449.416,0.000,0.000,0.000,0.000,0.000,117097.4,0.552,1.00,0.00
13.790,12.000,11.930,0.070,27008.731,0.000,0.000,0.000,0.000,0.000,117082.3,0.502,1.00,0.00
13.800,12.000,11.940,0.060,5933.476,0.000,0.000,0.000,0.000,0.000,117069.7,0.500,1.00,0.00
13.810,12.000,11.940,0.060,23491.501,0.000,0.000,0.000,0.000,0.000,117056.2,0.500,1.00,0.00
13.820,12.000,11.940,0.060,23491.984,0.000,0.000,0.000,0.000,0.000,117057.2,0.507,1.00,0.00
13.830,12.000,11.940,0.060,23498.041,0.000,0.000,0.000,0.000,0.000,117080.7,0.550,1.00,0.00
13.840,12.000,11.950,0.050,2422.336,0.000,0.000,0.000,0.000,0.000,117065.0,0.521,1.00,0.00
13.850,12.000,11.950,0.050,19978.823,0.000,0.000,0.000,0.000,0.000,117049.4,0.500,1.00,0.00
13.860,12.000,11.950,0.050,19978.824,0.000,0.000,0.000,0.000,0.000,117049.4,0.500,1.00,0.00
13.870,12.000,11.960,0.040,0.000,2.018,0.000,0.000,0.000,0.000,117032.7,0.500,1.00,0.00
13.880,12.000,11.960,0.040,16463.383,0.000,0.000,0.000,0.000,0.000,117016.1,0.500,1.00,0.00
13.890,12.000,11.950,0.050,37529.090,0.000,0.000,0.000,0.000,0.000,117016.1,0.567,1.00,0.00
13.900,12.000,11.960,0.040,0.000,2.010,0.000,0.000,0.000,0.000,117027.0,0.595,1.00,0.00
13.910,12.000,11.960,0.040,16468.784,0.000,0.000,0.000,0.000,0.000,117027.0,0.595,1.00,0.00
13.920,12.000,11.960,0.040,16468.571,0.000,0.000,0.000,0.000,0.000,117027.0,0.590,1.00,0.00
13.930,12.000,11.960,0.040,16471.117,0.000,0.000,0.000,0.000,0.000,117038.0,0.619,1.00,0.00
13.940,12.000,11.960,0.040,16473.661,0.000,0.000,0.000,0.000,0.000,117049.0,0.647,1.00,0.00
13.950,12.000,11.960,0.040,16476.206,0.000,0.000,0.000,0.000,0.000,117060.0,0.676,1.00,0.00
13.960,12.000,11.960,0.040,16478.751,0.000,0.000,0.000,0.000,0.000,117070.9,0.705,1.00,0.00
13.970,12.000,11.970,0.030,0.000,8.509,0.000,0.000,0.000,0.000,117054.5,0.662,1.00,0.00
13.980,12.000,11.970,0.030,12960.019,0.000,0.000,0.000,0.000,0.000,117038.0,0.619,1.00,0.00
13.990,12.000,11.970,0.030,12959.806,0.000,0.000,0.000,0.000,0.000,117038.0,0.614,1.00,0.00
14.000,12.000,11.970,0.030,12961.313,0.000,0.000,0.000,0.000,0.000,117044.5,0.635,1.00,0.00
14.010,12.000,11.970,0.030,12962.820,0.000,0.000,0.000,0.000,0.000,117050.9,0.657,1.00,0.00
14.020,12.000,11.970,0.030,12964.327,0.000,0.000,0.000,0.000,0.000,117057.4,0.678,1.00,0.00
14.030,12.000,11.980,0.020,0.000,15.013,0.000,0.000,0.000,0.000,117042.3,0.628,1.00,0.00
14.040,12.000,11.980,0.020,9446.520,0.000,0.000,0.000,0.000,0.000,117027.2,0.578,1.00,0.00
14.050,12.000,11.980,0.020,9446.306,0.000,0.000,0.000,0.000,0.000,117027.2,0.573,1.00,0.00
14.060,12.000,11.980,0.020,9447.113,0.000,0.000,0.000,0.000,0.000,117030.3,0.587,1.00,0.00
14.070,12.000,11.980,0.020,9447.920,0.000,0.000,0.000,0.000,0.000,117033.5,0.602,1.00,0.00
14.080,12.000,11.980,0.020,9448.727,0.000,0.000,0.000,0.000,0.000,117036.6,0.616,1.00,0.00
14.090,12.000,11.980,0.020,9449.534,0.000,0.000,0.000,0.000,0.000,117039.8,0.631,1.00,0.00
14.100,12.000,11.990,0.010,0.000,21.516,0.000,0.000,0.000,0.000,117027.2,0.573,1.00,0.00
14.110,12.000,11.990,0.010,5932.678,0.000,0.000,0.000,0.000,0.000,117014.6,0.516,1.00,0.00
14.120,12.000,11.990,0.010,5932.464,0.000,0.000,0.000,0.000,0.000,117014.6,0.511,1.00,0.00
14.130,12.000,11.980,0.020,27000.740,0.000,0.000,0.000,0.000,0.000,117025.5,0.590,1.00,0.00
14.140,12.000,11.990,0.010,0.000,21.514,0.000,0.000,0.000,0.000,117026.4,0.597,1.00,0.00
14.150,12.000,11.990,0.010,5935.207,0.000,0.000,0.000,0.000,0.000,117012.9,0.575,1.00,0.00
14.160,12.000,11.980,0.020,27000.375,0.000,0.000,0.000,0.000,0.000,117012.9,0.642,1.00,0.00
14.170,12.000,11.980,0.020,9452.491,0.000,0.000,0.000,0.000,0.000,117023.8,0.721,1.00,0.00
14.180,12.000,11.990,0.010,0.000,21.502,0.000,0.000,0.000,0.000,117010.3,0.700,1.00,0.00
14.190,12.000,11.990,0.010,5937.641,0.000,0.000,0.000,0.000,0.000,116997.7,0.642,1.00,0.00
14.200,12.000,11.990,0.010,5937.426,0.000,0.000,0.000,0.000,0.000,116997.7,0.638,1.00,0.00
14.210,12.000,11.990,0.010,5937.766,0.000,0.000,0.000,0.000,0.000,116998.7,0.645,1.00,0.00
14.220,12.000,11.990,0.010,5938.106,0.000,0.000,0.000,0.000,0.000,116999.7,0.652,1.00,0.00
14.230,12.000,11.990,0.010,5938.445,0.000,0.000,0.000,0.000,0.000,117000.7,0.659,1.00,0.00
14.240,12.000,11.990,0.010,5938.785,0.000,0.000,0.000,0.000,0.000,117001.7,0.666,1.00,0.00
14.250,12.000,11.990,0.010,5939.125,0.000,0.000,0.000,0.000,0.000,117002.7,0.673,1.00,0.00
14.260,12.000,11.990,0.010,5939.464,0.000,0.000,0.000,0.000,0.000,117003.6,0.681,1.00,0.00
14.270,12.000,11.990,0.010,5939.804,0.000,0.000,0.000,0.000,0.000,117004.6,0.688,1.00,0.00
14.280,12.000,11.990,0.010,5940.144,0.000,0.000,0.000,0.000,0.000,117005.6,0.695,1.00,0.00
14.290,12.000,11.990,0.010,5940.483,0.000,0.000,0.000,0.000,0.000,117006.6,0.702,1.00,0.00
14.300,12.000,12.000,0.000,0.000,28.004,0.000,0.000,0.000,0.000,116997.7,0.638,1.00,0.00
14.310,12.000,12.000,0.000,2424.746,0.000,0.000,0.000,0.000,0.000,116988.8,0.573,1.00,0.00
14.320,12.000,11.990,0.010,23485.579,0.000,0.000,0.000,0.000,0.000,116988.8,0.640,1.00,0.00
14.330,12.000,11.990,0.010,5940.486,0.000,0.000,0.000,0.000,0.000,116992.8,0.712,1.00,0.00
14.340,12.000,12.000,0.000,0.000,27.995,0.000,0.000,0.000,0.000,116977.2,0.683,1.00,0.00
14.350,12.000,11.990,0.010,23485.840,0.000,0.000,0.000,0.000,0.000,116978.2,0.690,1.00,0.00
14.360,12.000,12.000,0.000,0.000,27.995,0.000,0.000,0.000,0.000,116978.2,0.685,1.00,0.00
14.370,12.000,11.990,0.010,23491.713,0.000,0.000,0.000,0.000,0.000,117001.7,0.728,1.00,0.00
14.380,12.000,11.990,0.010,5944.355,0.000,0.000,0.000,0.000,0.000,117001.7,0.795,1.00,0.00
14.390,12.000,12.000,0.000,0.000,27.990,0.000,0.000,0.000,0.000,116986.0,0.767,1.00,0.00
14.400,12.000,12.000,0.000,2430.326,0.000,0.000,0.000,0.000,0.000,116977.1,0.702,1.00,0.00
14.410,12.000,11.990,0.010,23489.038,0.000,0.000,0.000,0.000,0.000,116977.1,0.769,1.00,0.00
14.420,12.000,12.000,0.000,0.000,27.988,0.000,0.000,0.000,0.000,116977.1,0.769,1.00,0.00
14.430,12.000,12.000,0.000,2431.979,0.000,0.000,0.000,0.000,0.000,116961.4,0.740,1.00,0.00
14.440,12.000,12.000,0.000,2431.763,0.000,0.000,0.000,0.000,0.000,116961.4,0.735,1.00,0.00
14.450,12.000,12.000,0.000,2431.763,0.000,0.000,0.000,0.000,0.000,116961.4,0.735,1.00,0.00
14.460,12.000,11.990,0.010,23488.599,0.000,0.000,0.000,0.000,0.000,116965.5,0.807,1.00,0.00
14.470,12.000,11.990,0.010,5947.006,0.000,0.000,0.000,0.000,0.000,116969.5,0.879,1.00,0.00
14.480,12.000,12.000,0.000,0.000,27.975,0.000,0.000,0.000,0.000,116953.9,0.850,1.00,0.00
14.490,12.000,12.000,0.000,2433.947,0.000,0.000,0.000,0.000,0.000,116944.9,0.786,1.00,0.00
14.500,12.000,12.000,0.000,2433.731,0.000,0.000,0.000,0.000,0.000,116944.9,0.781,1.00,0.00
14.510,12.000,12.000,0.000,2433.731,0.000,0.000,0.000,0.000,0.000,116944.9,0.781,1.00,0.00
14.520,12.000,12.000,0.000,2433.731,0.000,0.000,0.000,0.000,0.000,116944.9,0.781,1.00,0.00
14.530,12.000,12.000,0.000,2433.731,0.000,0.000,0.000,0.000,0.000,116944.9,0.781,1.00,0.00
14.540,12.000,12.000,0.000,2433.731,0.000,0.000,0.000,0.000,0.000,116944.9,0.781,1.00,0.00
14.550,12.000,12.000,0.000,2433.731,0.000,0.000,0.000,0.000,0.000,116944.9,0.781,1.00,0.00
14.560,12.000,12.000,0.000,2433.731,0.000,0.000,0.000,0.000,0.000,116944.9,0.781,1.00,0.00
14.570,12.000,12.000,0.000,2433.731,0.000,0.000,0.000,0.000,0.000,116944.9,0.781,1.00,0.00
14.580,12.000,12.000,0.000,2433.731,0.000,0.000,0.000,0.000,0.000,116944.9,0.781,1.00,0.00
14.590,12.000,12.000,0.000,2433.731,0.000,0.000,0.000,0.000,0.000,116944.9,0.781,1.00,0.00
14.600,12.000,12.000,0.000,2433.731,0.000,0.000,0.000,0.000,0.000,116944.9,0.781,1.00,0.00
14.610,12.000,12.000,0.000,2433.731,0.000,0.000,0.000,0.000,0.000,116944.9,0.781,1.00,0.00
14.620,12.000,12.000,0.000,2433.731,0.000,0.000,0.000,0.000,0.000,116944.9,0.781,1.00,0.00
14.630,12.000,12.000,0.000,2433.731,0.000,0.000,0.000,0.000,0.000,116944.9,0.781,1.00,0.00
14.640,12.000,12.000,0.000,2433.731,0.000,0.000,0.000,0.000,0.000,116944.9,0.781,1.00,0.00
14.650,12.000,12.000,0.000,2433.731,0.000,0.000,0.000,0.000,0.000,116944.9,0.781,1.00,0.00
14.660,12.000,12.000,0.000,2433.731,0.000,0.000,0.000,0.000,0.000,116944.9,0.781,1.00,0.00
14.670,12.000,12.000,0.000,2433.731,0.000,0.000,0.000,0.000,0.000,116944.9,0.781,1.00,0.00
14.680,12.000,12.000,0.000,2433.731,0.000,0.000,0.000,0.000,0.000,116944.9,0.781,1.00,0.00
14.690,12.000,12.000,0.000,2433.731,0.000,0.000,0.000,0.000,0.000,116944.9,0.781,1.00,0.00
14.700,12.000,12.000,0.000,2433.731,0.000,0.000,0.000,0.000,0.000,116944.9,0.781,1.00,0.00
14.710,12.000,12.000,0.000,2433.731,0.000,0.000,0.000,0.000,0.000,116944.9,0.781,1.00,0.00
14.720,12.000,12.000,0.000,2433.731,0.000,0.000,0.000,0.000,0.000,116944.9,0.781,1.00,0.00
14.730,12.000,12.000,0.000,2433.731,0.000,0.000,0.000,0.000,0.000,116944.9,0.781,1.00,0.00
14.740,12.000,12.000,0.000,2433.731,0.000,0.000,0.000,0.000,0.000,116944.9,0.781,1.00,0.00
14.750,12.000,12.000,0.000,2433.731,0.000,0.000,0.000,0.000,0.000,116944.9,0.781,1.00,0.00
14.760,12.000,12.000,0.000,2433.731,0.000,0.000,0.000,0.000,0.000,116944.9,0.781,1.00,0.00
14.770,12.000,12.000,0.000,2433.731,0.000,0.000,0.000,0.000,0.000,116944.9,0.781,1.00,0.00
14.780,12.000,12.000,0.000,2433.731,0.000,0.000,0.000,0.000,0.000,116944.9,0.781,1.00,0.00
14.790,12.000,12.000,0.000,2433.731,0.000,0.000,0.000,0.000,0.000,116944.9,0.781,1.00,0.00
14.800,12.000,12.000,0.000,2433.731,0.000,0.000,0.000,0.000,0.000,116944.9,0.781,1.00,0.00
14.810,12.000,12.000,0.000,2433.731,0.000,0.000,0.000,0.000,0.000,116944.9,0.781,1.00,0.00
14.820,12.000,12.000,0.000,2433.731,0.000,0.000,0.000,0.000,0.000,116944.9,0.781,1.00,0.00
14.830,12.000,12.000,0.000,2433.731,0.000,0.000,0.000,0.000,0.000,116944.9,0.781,1.00,0.00
14.840,12.000,12.000,0.000,2433.731,0.000,0.000,0.000,0.000,0.000,116944.9,0.781,1.00,0.00
14.850,12.000,12.000,0.000,2433.731,0.000,0.000,0.000,0.000,0.000,116944.9,0.781,1.00,0.00
14.860,12.000,12.000,0.000,2433.731,0.000,0.000,0.000,0.000,0.000,116944.9,0.781,1.00,0.00
14.870,12.000,12.000,0.000,2433.731,0.000,0.000,0.000,0.000,0.000,116944.9,0.781,1.00,0.00
14.880,12.000,12.000,0.000,2433.731,0.000,0.000,0.000,0.000,0.000,116944.9,0.781,1.00,0.00
14.890,12.000,12.000,0.000,2433.731,0.000,0.000,0.000,0.000,0.000,116944.9,0.781,1.00,0.00
14.900,12.000,12.000,0.000,2433.731,0.000,0.000,0.000,0.000,0.000,116944.9,0.781,1.00,0.00
14.910,12.000,12.000,0.000,2433.731,0.000,0.000,0.000,0.000,0.000,116944.9,0.781,1.00,0.00
14.920,12.000,12.000,0.000,2433.731,0.000,0.000,0.000,0.000,0.000,116944.9,0.781,1.00,0.00
14.930,12.000,12.000,0.000,2433.731,0.000,0.000,0.000,0.000,0.000,116944.9,0.781,1.00,0.00
14.940,12.000,12.000,0.000,2433.731,0.000,0.000,0.000,0.000,0.000,116944.9,0.781,1.00,0.00
14.950,12.000,12.000,0.000,2433.731,0.000,0.000,0.000,0.000,0.000,116944.9,0.781,1.00,0.00
14.960,12.000,12.000,0.000,2433.731,0.000,0.000,0.000,0.000,0.000,116944.9,0.781,1.00,0.00
14.970,12.000,12.000,0.000,2433.731,0.000,0.000,0.000,0.000,0.000,116944.9,0.781,1.00,0.00
14.980,12.000,12.000,0.000,2433.731,0.000,0.000,0.000,0.000,0.000,116944.9,0.781,1.00,0.00
14.990,12.000,12.000,0.000,2433.731,0.000,0.000,0.000,0.000,0.000,116944.9,0.781,1.00,0.00
15.000,12.000,12.000,0.000,2433.731,0.000,0.000,0.000,0.000,0.000,116944.9,0.781,1.00,5.00
15.010,12.000,12.000,0.000,2433.731,0.000,0.000,0.000,0.000,0.000,116944.9,0.781,1.00,5.00
15.020,12.000,12.000,0.000,2433.731,0.000,0.000,0.000,0.000,0.000,116944.9,0.781,1.00,5.00
15.030,12.000,12.000,0.000,2433.731,0.000,0.000,0.000,0.000,0.000,116944.9,0.781,1.00,5.00
15.040,12.000,12.000,0.000,2433.731,0.000,0.000,0.000,0.000,0.000,116944.9,0.781,1.00,5.00
15.050,12.000,12.000,0.000,2433.731,0.000,0.000,0.000,0.000,0.000,116944.9,0.781,1.00,5.00
15.060,12.000,12.000,0.000,2433.731,0.000,0.000,0.000,0.000,0.000,116944.9,0.781,1.00,5.00
15.070,12.000,12.000,0.000,2433.731,0.000,0.000,0.000,0.000,0.000,116944.9,0.781,1.00,5.00
15.080,12.000,12.000,0.000,2433.731,0.000,0.000,0.000,0.000,0.000,116944.9,0.781,1.00,5.00
15.090,12.000,12.000,0.000,2433.731,0.000,0.000,0.000,0.000,0.000,116944.9,0.781,1.00,5.00
15.100,12.000,12.000,0.000,2433.731,0.000,0.000,0.000,0.000,0.000,116944.9,0.781,1.00,5.00
15.110,12.000,12.000,0.000,2433.731,0.000,0.000,0.000,0.000,0.000,116944.9,0.781,1.00,5.00
15.120,12.000,12.000,0.000,2433.731,0.000,0.000,0.000,0.000,0.000,116944.9,0.781,1.00,5.00
15.130,12.000,12.000,0.000,2433.731,0.000,0.000,0.000,0.000,0.000,116944.9,0.781,1.00,5.00
15.140,12.000,12.000,0.000,2433.731,0.000,0.000,0.000,0.000,0.000,116944.9,0.781,1.00,5.00
15.150,12.000,12.000,0.000,2433.731,0.000,0.000,0.000,0.000,0.000,116944.9,0.781,1.00,5.00
15.160,12.000,12.000,0.000,2433.731,0.000,0.000,0.000,0.000,0.000,116944.9,0.781,1.00,5.00
15.170,12.000,12.000,0.000,2433.731,0.000,0.000,0.000,0.000,0.000,116944.9,0.781,1.00,5.00
15.180,12.000,12.000,0.000,2433.731,0.000,0.000,0.000,0.000,0.000,116944.9,0.781,1.00,5.00
15.190,12.000,12.000,0.000,2433.731,0.000,0.000,0.000,0.000,0.000,116944.9,0.781,1.00,5.00
15.200,12.000,12.000,0.000,2433.731,0.000,0.000,0.000,0.000,0.000,116944.9,0.781,1.00,5.00
15.210,12.000,12.000,0.000,2433.731,0.000,0.000,0.000,0.000,0.000,116944.9,0.781,1.00,5.00
15.220,12.000,12.000,0.000,2433.731,0.000,0.000,0.000,0.000,0.000,116944.9,0.781,1.00,5.00
15.230,12.000,12.000,0.000,2433.731,0.000,0.000,0.000,0.000,0.000,116944.9,0.781,1.00,5.00
15.240,12.000,12.000,0.000,2433.731,0.000,0.000,0.000,0.000,0.000,116944.9,0.781,1.00,5.00
15.250,12.000,12.000,0.000,2433.731,0.000,0.000,0.000,0.000,0.000,116944.9,0.781,1.00,5.00
15.260,12.000,12.000,0.000,2433.731,0.000,0.000,0.000,0.000,0.000,116944.9,0.781,1.00,5.00
15.270,12.000,12.000,0.000,2433.731,0.000,0.000,0.000,0.000,0.000,116944.9,0.781,1.00,5.00
15.280,12.000,12.000,0.000,2433.731,0.000,0.000,0.000,0.000,0.000,116944.9,0.781,1.00,5.00
15.290,12.000,12.000,0.000,2433.731,0.000,0.000,0.000,0.000,0.000,116944.9,0.781,1.00,5.00
15.300,12.000,12.000,0.000,2433.731,0.000,0.000,0.000,0.000,0.000,116944.9,0.781,1.00,5.00
15.310,12.000,12.000,0.000,2433.731,0.000,0.000,0.000,0.000,0.000,116944.9,0.781,1.00,5.00
15.320,12.000,12.000,0.000,2433.731,0.000,0.000,0.000,0.000,0.000,116944.9,0.781,1.00,5.00
15.330,12.000,12.000,0.000,2433.731,0.000,0.000,0.000,0.000,0.000,116944.9,0.781,1.00,5.00
15.340,12.000,12.000,0.000,2433.731,0.000,0.000,0.000,0.000,0.000,116944.9,0.781,1.00,5.00
15.350,12.000,12.000,0.000,2433.731,0.000,0.000,0.000,0.000,0.000,116944.9,0.781,1.00,5.00
15.360,12.000,12.000,0.000,2433.731,0.000,0.000,0.000,0.000,0.000,116944.9,0.781,1.00,5.00
15.370,12.000,12.000,0.000,2433.731,0.000,0.000,0.000,0.000,0.000,116944.9,0.781,1.00,5.00
15.380,12.000,12.000,0.000,2433.731,0.000,0.000,0.000,0.000,0.000,116944.9,0.781,1.00,5.00
15.390,12.000,12.000,0.000,2433.731,0.000,0.000,0.000,0.000,0.000,116944.9,0.781,1.00,5.00
15.400,12.000,12.000,0.000,2433.731,0.000,0.000,0.000,0.000,0.000,116944.9,0.781,1.00,5.00
15.410,12.000,12.000,0.000,2433.731,0.000,0.000,0.000,0.000,0.000,116944.9,0.781,1.00,5.00
15.420,12.000,12.000,0.000,2433.731,0.000,0.000,0.000,0.000,0.000,116944.9,0.781,1.00,5.00
15.430,12.000,12.000,0.000,2433.731,0.000,0.000,0.000,0.000,0.000,116944.9,0.781,1.00,5.00
15.440,12.000,12.000,0.000,2433.731,0.000,0.000,0.000,0.000,0.000,116944.9,0.781,1.00,5.00
15.450,12.000,12.000,0.000,2433.731,0.000,0.000,0.000,0.000,0.000,116944.9,0.781,1.00,5.00
15.460,12.000,12.000,0.000,2433.731,0.000,0.000,0.000,0.000,0.000,116944.9,0.781,1.00,5.00
15.470,12.000,12.000,0.000,2433.731,0.000,0.000,0.000,0.000,0.000,116944.9,0.781,1.00,5.00
15.480,12.000,12.000,0.000,2433.731,0.000,0.000,0.000,0.000,0.000,116944.9,0.781,1.00,5.00
15.490,12.000,12.000,0.000,2433.731,0.000,0.000,0.000,0.000,0.000,116944.9,0.781,1.00,5.00
15.500,12.000,12.000,0.000,2433.731,0.000,0.000,0.000,0.000,0.000,116944.9,0.781,1.00,5.00
15.510,12.000,12.000,0.000,2433.731,0.000,0.000,0.000,0.000,0.000,116944.9,0.781,1.00,5.00
15.520,12.000,12.000,0.000,2433.731,0.000,0.000,0.000,0.000,0.000,116944.9,0.781,1.00,5.00
15.530,12.000,12.000,0.000,2433.731,0.000,0.000,0.000,0.000,0.000,116944.9,0.781,1.00,5.00
15.540,12.000,12.000,0.000,2433.731,0.000,0.000,0.000,0.000,0.000,116944.9,0.781,1.00,5.00
15.550,12.000,12.000,0.000,2433.731,0.000,0.000,0.000,0.000,0.000,116944.9,0.781,1.00,5.00
15.560,12.000,12.000,0.000,2433.731,0.000,0.000,0.000,0.000,0.000,116944.9,0.781,1.00,5.00
15.570,12.000,12.000,0.000,2433.731,0.000,0.000,0.000,0.000,0.000,116944.9,0.781,1.00,5.00
15.580,12.000,12.000,0.000,2433.731,0.000,0.000,0.000,0.000,0.000,116944.9,0.781,1.00,5.00
15.590,12.000,12.000,0.000,2433.731,0.000,0.000,0.000,0.000,0.000,116944.9,0.781,1.00,5.00
15.600,12.000,12.000,0.000,2433.731,0.000,0.000,0.000,0.000,0.000,116944.9,0.781,1.00,5.00
15.610,12.000,12.000,0.000,2433.731,0.000,0.000,0.000,0.000,0.000,116944.9,0.781,1.00,5.00
15.620,12.000,12.000,0.000,2433.731,0.000,0.000,0.000,0.000,0.000,116944.9,0.781,1.00,5.00
15.630,12.000,12.000,0.000,2433.731,0.000,0.000,0.000,0.000,0.000,116944.9,0.781,1.00,5.00
15.640,12.000,12.000,0.000,2433.731,0.000,0.000,0.000,0.000,0.000,116944.9,0.781,1.00,5.00
15.650,12.000,12.000,0.000,2433.731,0.000,0.000,0.000,0.000,0.000,116944.9,0.781,1.00,5.00
15.660,12.000,12.000,0.000,2433.731,0.000,0.000,0.000,0.000,0.000,116944.9,0.781,1.00,5.00
15.670,12.000,12.000,0.000,2433.731,0.000,0.000,0.000,0.000,0.000,116944.9,0.781,1.00,5.00
15.680,12.000,12.000,0.000,2433.731,0.000,0.000,0.000,0.000,0.000,116944.9,0.781,1.00,5.00
15.690,12.000,12.000,0.000,2433.731,0.000,0.000,0.000,0.000,0.000,116944.9,0.781,1.00,5.00
15.700,12.000,12.000,0.000,2433.731,0.000,0.000,0.000,0.000,0.000,116944.9,0.781,1.00,5.00
15.710,12.000,12.000,0.000,2433.731,0.000,0.000,0.000,0.000,0.000,116944.9,0.781,1.00,5.00
15.720,12.000,12.000,0.000,2433.731,0.000,0.000,0.000,0.000,0.000,116944.9,0.781,1.00,5.00
15.730,12.000,12.000,0.000,2433.731,0.000,0.000,0.000,0.000,0.000,116944.9,0.781,1.00,5.00
15.740,12.000,12.000,0.000,2433.731,0.000,0.000,0.000,0.000,0.000,116944.9,0.781,1.00,5.00
15.750,12.000,12.000,0.000,2433.731,0.000,0.000,0.000,0.000,0.000,116944.9,0.781,1.00,5.00
15.760,12.000,12.000,0.000,2433.731,0.000,0.000,0.000,0.000,0.000,116944.9,0.781,1.00,5.00
15.770,12.000,12.000,0.000,2433.731,0.000,0.000,0.000,0.000,0.000,116944.9,0.781,1.00,5.00
15.780,12.000,12.000,0.000,2433.731,0.000,0.000,0.000,0.000,0.000,116944.9,0.781,1.00,5.00
15.790,12.000,12.000,0.000,2433.731,0.000,0.000,0.000,0.000,0.000,116944.9,0.781,1.00,5.00
15.800,12.000,12.000,0.000,2433.731,0.000,0.000,0.000,0.000,0.000,116944.9,0.781,1.00,5.00
15.810,12.000,12.000,0.000,2433.731,0.000,0.000,0.000,0.000,0.000,116944.9,0.781,1.00,5.00
15.820,12.000,12.000,0.000,2433.731,0.000,0.000,0.000,0.000,0.000,116944.9,0.781,1.00,5.00
15.830,12.000,12.000,0.000,2433.731,0.000,0.000,0.000,0.000,0.000,116944.9,0.781,1.00,5.00
15.840,12.000,12.000,0.000,2433.731,0.000,0.000,0.000,0.000,0.000,116944.9,0.781,1.00,5.00
15.850,12.000,12.000,0.000,2433.731,0.000,0.000,0.000,0.000,0.000,116944.9,0.781,1.00,5.00
15.860,12.000,12.000,0.000,2433.731,0.000,0.000,0.000,0.000,0.000,116944.9,0.781,1.00,5.00
15.870,12.000,12.000,0.000,2433.731,0.000,0.000,0.000,0.000,0.000,116944.9,0.781,1.00,5.00
15.880,12.000,12.000,0.000,2433.731,0.000,0.000,0.000,0.000,0.000,116944.9,0.781,1.00,5.00
15.890,12.000,12.000,0.000,2433.731,0.000,0.000,0.000,0.000,0.000,116944.9,0.781,1.00,5.00
15.900,12.000,12.000,0.000,2433.731,0.000,0.000,0.000,0.000,0.000,116944.9,0.781,1.00,5.00
15.910,12.000,12.000,0.000,2433.731,0.000,0.000,0.000,0.000,0.000,116944.9,0.781,1.00,5.00
15.920,12.000,12.000,0.000,2433.731,0.000,0.000,0.000,0.000,0.000,116944.9,0.781,1.00,5.00
15.930,12.000,12.000,0.000,2433.731,0.000,0.000,0.000,0.000,0.000,116944.9,0.781,1.00,5.00
15.940,12.000,12.000,0.000,2433.731,0.000,0.000,0.000,0.000,0.000,116944.9,0.781,1.00,5.00
15.950,12.000,12.000,0.000,2433.731,0.000,0.000,0.000,0.000,0.000,116944.9,0.781,1.00,5.00
15.960,12.000,12.000,0.000,2433.731,0.000,0.000,0.000,0.000,0.000,116944.9,0.781,1.00,5.00
15.970,12.000,12.000,0.000,2433.731,0.000,0.000,0.000,0.000,0.000,116944.9,0.781,1.00,5.00
15.980,12.000,12.000,0.000,2433.731,0.000,0.000,0.000,0.000,0.000,116944.9,0.781,1.00,5.00
15.990,12.000,12.000,0.000,2433.731,0.000,0.000,0.000,0.000,0.000,116944.9,0.781,1.00,5.00
16.000,12.000,12.000,0.000,2433.731,0.000,0.000,0.000,0.000,0.000,116944.9,0.781,1.00,5.00
16.010,12.000,12.000,0.000,2433.731,0.000,0.000,0.000,0.000,0.000,116944.9,0.781,1.00,5.00
16.020,12.000,12.000,0.000,2433.731,0.000,0.000,0.000,0.000,0.000,116944.9,0.781,1.00,5.00
16.030,12.000,12.000,0.000,2433.731,0.000,0.000,0.000,0.000,0.000,116944.9,0.781,1.00,5.00
16.040,12.000,12.000,0.000,2433.731,0.000,0.000,0.000,0.000,0.000,116944.9,0.781,1.00,5.00
16.050,12.000,12.000,0.000,2433.731,0.000,0.000,0.000,0.000,0.000,116944.9,0.781,1.00,5.00
16.060,12.000,12.000,0.000,2433.731,0.000,0.000,0.000,0.000,0.000,116944.9,0.781,1.00,5.00
16.070,12.000,12.000,0.000,2433.731,0.000,0.000,0.000,0.000,0.000,116944.9,0.781,1.00,5.00
16.080,12.000,12.000,0.000,2433.731,0.000,0.000,0.000,0.000,0.000,116944.9,0.781,1.00,5.00
16.090,12.000,12.000,0.000,2433.731,0.000,0.000,0.000,0.000,0.000,116944.9,0.781,1.00,5.00
16.100,12.000,12.000,0.000,2433.731,0.000,0.000,0.000,0.000,0.000,116944.9,0.781,1.00,5.00
16.110,12.000,12.000,0.000,2433.731,0.000,0.000,0.000,0.000,0.000,116944.9,0.781,1.00,5.00
16.120,12.000,12.000,0.000,2433.731,0.000,0.000,0.000,0.000,0.000,116944.9,0.781,1.00,5.00
16.130,12.000,12.000,0.000,2433.731,0.000,0.000,0.000,0.000,0.000,116944.9,0.781,1.00,5.00
16.140,12.000,12.000,0.000,2433.731,0.000,0.000,0.000,0.000,0.000,116944.9,0.781,1.00,5.00
16.150,12.000,12.000,0.000,2433.731,0.000,0.000,0.000,0.000,0.000,116944.9,0.781,1.00,5.00
16.160,12.000,12.000,0.000,2433.731,0.000,0.000,0.000,0.000,0.000,116944.9,0.781,1.00,5.00
16.170,12.000,12.000,0.000,2433.731,0.000,0.000,0.000,0.000,0.000,116944.9,0.781,1.00,5.00
16.180,12.000,12.000,0.000,2433.731,0.000,0.000,0.000,0.000,0.000,116944.9,0.781,1.00,5.00
16.190,12.000,12.000,0.000,2433.731,0.000,0.000,0.000,0.000,0.000,116944.9,0.781,1.00,5.00
16.200,12.000,12.000,0.000,2433.731,0.000,0.000,0.000,0.000,0.000,116944.9,0.781,1.00,5.00
16.210,12.000,12.000,0.000,2433.731,0.000,0.000,0.000,0.000,0.000,116944.9,0.781,1.00,5.00
16.220,12.000,12.000,0.000,2433.731,0.000,0.000,0.000,0.000,0.000,116944.9,0.781,1.00,5.00
16.230,12.000,12.000,0.000,2433.731,0.000,0.000,0.000,0.000,0.000,116944.9,0.781,1.00,5.00
16.240,12.000,12.000,0.000,2433.731,0.000,0.000,0.000,0.000,0.000,116944.9,0.781,1.00,5.00
16.250,12.000,12.000,0.000,2433.731,0.000,0.000,0.000,0.000,0.000,116944.9,0.781,1.00,5.00
16.260,12.000,12.000,0.000,2433.731,0.000,0.000,0.000,0.000,0.000,116944.9,0.781,1.00,5.00
16.270,12.000,12.000,0.000,2433.731,0.000,0.000,0.000,0.000,0.000,116944.9,0.781,1.00,5.00
16.280,12.000,12.000,0.000,2433.731,0.000,0.000,0.000,0.000,0.000,116944.9,0.781,1.00,5.00
16.290,12.000,12.000,0.000,2433.731,0.000,0.000,0.000,0.000,0.000,116944.9,0.781,1.00,5.00
16.300,12.000,12.000,0.000,2433.731,0.000,0.000,0.000,0.000,0.000,116944.9,0.781,1.00,5.00
16.310,12.000,12.000,0.000,2433.731,0.000,0.000,0.000,0.000,0.000,116944.9,0.781,1.00,5.00
16.320,12.000,12.000,0.000,2433.731,0.000,0.000,0.000,0.000,0.000,116944.9,0.781,1.00,5.00
16.330,12.000,12.000,0.000,2433.731,0.000,0.000,0.000,0.000,0.000,116944.9,0.781,1.00,5.00
16.340,12.000,12.000,0.000,2433.731,0.000,0.000,0.000,0.000,0.000,116944.9,0.781,1.00,5.00
16.350,12.000,12.000,0.000,2433.731,0.000,0.000,0.000,0.000,0.000,116944.9,0.781,1.00,5.00
16.360,12.000,12.000,0.000,2433.731,0.000,0.000,0.000,0.000,0.000,116944.9,0.781,1.00,5.00
16.370,12.000,12.000,0.000,2433.731,0.000,0.000,0.000,0.000,0.000,116944.9,0.781,1.00,5.00
16.380,12.000,12.000,0.000,2433.731,0.000,0.000,0.000,0.000,0.000,116944.9,0.781,1.00,5.00
16.390,12.000,12.000,0.000,2433.731,0.000,0.000,0.000,0.000,0.000,116944.9,0.781,1.00,5.00
16.400,12.000,12.000,0.000,2433.731,0.000,0.000,0.000,0.000,0.000,116944.9,0.781,1.00,5.00
16.410,12.000,12.000,0.000,2433.731,0.000,0.000,0.000,0.000,0.000,116944.9,0.781,1.00,5.00
16.420,12.000,12.000,0.000,2433.731,0.000,0.000,0.000,0.000,0.000,116944.9,0.781,1.00,5.00
16.430,12.000,12.000,0.000,2433.731,0.000,0.000,0.000,0.000,0.000,116944.9,0.781,1.00,5.00
16.440,12.000,12.000,0.000,2433.731,0.000,0.000,0.000,0.000,0.000,116944.9,0.781,1.00,5.00
16.450,12.000,12.000,0.000,2433.731,0.000,0.000,0.000,0.000,0.000,116944.9,0.781,1.00,5.00
16.460,12.000,12.000,0.000,2433.731,0.000,0.000,0.000,0.000,0.000,116944.9,0.781,1.00,5.00
16.470,12.000,12.000,0.000,2433.731,0.000,0.000,0.000,0.000,0.000,116944.9,0.781,1.00,5.00
16.480,12.000,12.000,0.000,2433.731,0.000,0.000,0.000,0.000,0.000,116944.9,0.781,1.00,5.00
16.490,12.000,12.000,0.000,2433.731,0.000,0.000,0.000,0.000,0.000,116944.9,0.781,1.00,5.00
16.500,12.000,12.000,0.000,2433.731,0.000,0.000,0.000,0.000,0.000,116944.9,0.781,1.00,5.00
16.510,12.000,12.000,0.000,2433.731,0.000,0.000,0.000,0.000,0.000,116944.9,0.781,1.00,5.00
16.520,12.000,12.000,0.000,2433.731,0.000,0.000,0.000,0.000,0.000,116944.9,0.781,1.00,5.00
16.530,12.000,12.000,0.000,2433.731,0.000,0.000,0.000,0.000,0.000,116944.9,0.781,1.00,5.00
16.540,12.000,12.000,0.000,2433.731,0.000,0.000,0.000,0.000,0.000,116944.9,0.781,1.00,5.00
16.550,12.000,12.000,0.000,2433.731,0.000,0.000,0.000,0.000,0.000,116944.9,0.781,1.00,5.00
16.560,12.000,12.000,0.000,2433.731,0.000,0.000,0.000,0.000,0.000,116944.9,0.781,1.00,5.00
16.570,12.000,12.000,0.000,2433.731,0.000,0.000,0.000,0.000,0.000,116944.9,0.781,1.00,5.00
16.580,12.000,12.000,0.000,2433.731,0.000,0.000,0.000,0.000,0.000,116944.9,0.781,1.00,5.00
16.590,12.000,12.000,0.000,2433.731,0.000,0.000,0.000,0.000,0.000,116944.9,0.781,1.00,5.00
16.600,12.000,12.000,0.000,2433.731,0.000,0.000,0.000,0.000,0.000,116944.9,0.781,1.00,5.00
16.610,12.000,12.000,0.000,2433.731,0.000,0.000,0.000,0.000,0.000,116944.9,0.781,1.00,5.00
16.620,12.000,12.000,0.000,2433.731,0.000,0.000,0.000,0.000,0.000,116944.9,0.781,1.00,5.00
16.630,12.000,12.000,0.000,2433.731,0.000,0.000,0.000,0.000,0.000,116944.9,0.781,1.00,5.00
16.640,12.000,12.000,0.000,2433.731,0.000,0.000,0.000,0.000,0.000,116944.9,0.781,1.00,5.00
16.650,12.000,12.000,0.000,2433.731,0.000,0.000,0.000,0.000,0.000,116944.9,0.781,1.00,5.00
16.660,12.000,12.000,0.000,2433.731,0.000,0.000,0.000,0.000,0.000,116944.9,0.781,1.00,5.00
16.670,12.000,12.000,0.000,2433.731,0.000,0.000,0.000,0.000,0.000,116944.9,0.781,1.00,5.00
16.680,12.000,12.000,0.000,2433.731,0.000,0.000,0.000,0.000,0.000,116944.9,0.781,1.00,5.00
16.690,12.000,12.000,0.000,2433.731,0.000,0.000,0.000,0.000,0.000,116944.9,0.781,1.00,5.00
16.700,12.000,12.000,0.000,2433.731,0.000,0.000,0.000,0.000,0.000,116944.9,0.781,1.00,5.00
16.710,12.000,12.000,0.000,2433.731,0.000,0.000,0.000,0.000,0.000,116944.9,0.781,1.00,5.00
16.720,12.000,12.000,0.000,2433.731,0.000,0.000,0.000,0.000,0.000,116944.9,0.781,1.00,5.00
16.730,12.000,12.000,0.000,2433.731,0.000,0.000,0.000,0.000,0.000,116944.9,0.781,1.00,5.00
16.740,12.000,12.000,0.000,2433.731,0.000,0.000,0.000,0.000,0.000,116944.9,0.781,1.00,5.00
16.750,12.000,12.000,0.000,2433.731,0.000,0.000,0.000,0.000,0.000,116944.9,0.781,1.00,5.00
16.760,12.000,12.000,0.000,2433.731,0.000,0.000,0.000,0.000,0.000,116944.9,0.781,1.00,5.00
16.770,12.000,12.000,0.000,2433.731,0.000,0.000,0.000,0.000,0.000,116944.9,0.781,1.00,5.00
16.780,12.000,12.000,0.000,2433.731,0.000,0.000,0.000,0.000,0.000,116944.9,0.781,1.00,5.00
16.790,12.000,12.000,0.000,2433.731,0.000,0.000,0.000,0.000,0.000,116944.9,0.781,1.00,5.00
16.800,12.000,12.000,0.000,2433.731,0.000,0.000,0.000,0.000,0.000,116944.9,0.781,1.00,5.00
16.810,12.000,12.000,0.000,2433.731,0.000,0.000,0.000,0.000,0.000,116944.9,0.781,1.00,5.00
16.820,12.000,12.000,0.000,2433.731,0.000,0.000,0.000,0.000,0.000,116944.9,0.781,1.00,5.00
16.830,12.000,12.000,0.000,2433.731,0.000,0.000,0.000,0.000,0.000,116944.9,0.781,1.00,5.00
16.840,12.000,12.000,0.000,2433.731,0.000,0.000,0.000,0.000,0.000,116944.9,0.781,1.00,5.00
16.850,12.000,12.000,0.000,2433.731,0.000,0.000,0.000,0.000,0.000,116944.9,0.781,1.00,5.00
16.860,12.000,12.000,0.000,2433.731,0.000,0.000,0.000,0.000,0.000,116944.9,0.781,1.00,5.00
16.870,12.000,12.000,0.000,2433.731,0.000,0.000,0.000,0.000,0.000,116944.9,0.781,1.00,5.00
16.880,12.000,12.000,0.000,2433.731,0.000,0.000,0.000,0.000,0.000,116944.9,0.781,1.00,5.00
16.890,12.000,12.000,0.000,2433.731,0.000,0.000,0.000,0.000,0.000,116944.9,0.781,1.00,5.00
16.900,12.000,12.000,0.000,2433.731,0.000,0.000,0.000,0.000,0.000,116944.9,0.781,1.00,5.00
16.910,12.000,12.000,0.000,2433.731,0.000,0.000,0.000,0.000,0.000,116944.9,0.781,1.00,5.00
16.920,12.000,12.000,0.000,2433.731,0.000,0.000,0.000,0.000,0.000,116944.9,0.781,1.00,5.00
16.930,12.000,12.000,0.000,2433.731,0.000,0.000,0.000,0.000,0.000,116944.9,0.781,1.00,5.00
16.940,12.000,12.000,0.000,2433.731,0.000,0.000,0.000,0.000,0.000,116944.9,0.781,1.00,5.00
16.950,12.000,12.000,0.000,2433.731,0.000,0.000,0.000,0.000,0.000,116944.9,0.781,1.00,5.00
16.960,12.000,12.000,0.000,2433.731,0.000,0.000,0.000,0.000,0.000,116944.9,0.781,1.00,5.00
16.970,12.000,12.000,0.000,2433.731,0.000,0.000,0.000,0.000,0.000,116944.9,0.781,1.00,5.00
16.980,12.000,12.000,0.000,2433.731,0.000,0.000,0.000,0.000,0.000,116944.9,0.781,1.00,5.00
16.990,12.000,12.000,0.000,2433.731,0.000,0.000,0.000,0.000,0.000,116944.9,0.781,1.00,5.00
17.000,12.000,12.000,0.000,2433.731,0.000,0.000,0.000,0.000,0.000,116944.9,0.781,1.00,5.00
17.010,12.000,12.000,0.000,2433.731,0.000,0.000,0.000,0.000,0.000,116944.9,0.781,1.00,5.00
17.020,12.000,12.000,0.000,2433.731,0.000,0.000,0.000,0.000,0.000,116944.9,0.781,1.00,5.00
17.030,12.000,12.000,0.000,2433.731,0.000,0.000,0.000,0.000,0.000,116944.9,0.781,1.00,5.00
17.040,12.000,12.000,0.000,2433.731,0.000,0.000,0.000,0.000,0.000,116944.9,0.781,1.00,5.00
17.050,12.000,12.000,0.000,2433.731,0.000,0.000,0.000,0.000,0.000,116944.9,0.781,1.00,5.00
17.060,12.000,12.000,0.000,2433.731,0.000,0.000,0.000,0.000,0.000,116944.9,0.781,1.00,5.00
17.070,12.000,12.000,0.000,2433.731,0.000,0.000,0.000,0.000,0.000,116944.9,0.781,1.00,5.00
17.100,12.000,12.000,0.000,2433.731,0.000,0.000,0.000,0.000,0.000,116944.9,0.781,1.00,5.00
17.110,12.000,12.000,0.000,2433.731,0.000,0.000,0.000,0.000,0.000,116944.9,0.781,1.00,5.00
17.120,12.000,12.000,0.000,2433.731,0.000,0.000,0.000,0.000,0.000,116944.9,0.781,1.00,5.00
17.130,12.000,12.000,0.000,2433.731,0.000,0.000,0.000,0.000,0.000,116944.9,0.781,1.00,5.00
17.140,12.000,12.000,0.000,2433.731,0.000,0.000,0.000,0.000,0.000,116944.9,0.781,1.00,5.00
17.150,12.000,12.000,0.000,2433.731,0.000,0.000,0.000,0.000,0.000,116944.9,0.781,1.00,5.00
17.160,12.000,12.000,0.000,2433.731,0.000,0.000,0.000,0.000,0.000,116944.9,0.781,1.00,5.00
17.170,12.000,12.000,0.000,2433.731,0.000,0.000,0.000,0.000,0.000,116944.9,0.781,1.00,5.00
17.180,12.000,12.000,0.000,2433.731,0.000,0.000,0.000,0.000,0.000,116944.9,0.781,1.00,5.00
17.190,12.000,12.000,0.000,2433.731,0.000,0.000,0.000,0.000,0.000,116944.9,0.781,1.00,5.00
17.200,12.000,12.000,0.000,2433.731,0.000,0.000,0.000,0.000,0.000,116944.9,0.781,1.00,5.00
17.210,12.000,12.000,0.000,2433.731,0.000,0.000,0.000,0.000,0.000,116944.9,0.781,1.00,5.00
17.220,12.000,12.000,0.000,2433.731,0.000,0.000,0.000,0.000,0.000,116944.9,0.781,1.00,5.00
17.230,12.000,12.000,0.000,2433.731,0.000,0.000,0.000,0.000,0.000,116944.9,0.781,1.00,5.00
17.240,12.000,12.000,0.000,2433.731,0.000,0.000,0.000,0.000,0.000,116944.9,0.781,1.00,5.00
17.250,12.000,12.000,0.000,2433.731,0.000,0.000,0.000,0.000,0.000,116944.9,0.781,1.00,5.00
17.260,12.000,12.000,0.000,2433.731,0.000,0.000,0.000,0.000,0.000,116944.9,0.781,1.00,5.00
17.270,12.000,12.000,0.000,2433.731,0.000,0.000,0.000,0.000,0.000,116944.9,0.781,1.00,5.00
17.280,12.000,12.000,0.000,2433.731,0.000,0.000,0.000,0.000,0.000,116944.9,0.781,1.00,5.00
17.290,12.000,12.000,0.000,2433.731,0.000,0.000,0.000,0.000,0.000,116944.9,0.781,1.00,5.00
17.300,12.000,12.000,0.000,2433.731,0.000,0.000,0.000,0.000,0.000,116944.9,0.781,1.00,5.00
17.310,12.000,12.000,0.000,2433.731,0.000,0.000,0.000,0.000,0.000,116944.9,0.781,1.00,5.00
17.320,12.000,12.000,0.000,2433.731,0.000,0.000,0.000,0.000,0.000,116944.9,0.781,1.00,5.00
17.330,12.000,12.000,0.000,2433.731,0.000,0.000,0.000,0.000,0.000,116944.9,0.781,1.00,5.00
17.340,12.000,12.000,0.000,2433.731,0.000,0.000,0.000,0.000,0.000,116944.9,0.781,1.00,5.00
17.350,12.000,12.000,0.000,2433.731,0.000,0.000,0.000,0.000,0.000,116944.9,0.781,1.00,5.00
17.360,12.000,12.000,0.000,2433.731,0.000,0.000,0.000,0.000,0.000,116944.9,0.781,1.00,5.00
17.370,12.000,12.000,0.000,2433.731,0.000,0.000,0.000,0.000,0.000,116944.9,0.781,1.00,5.00
17.380,12.000,12.000,0.000,2433.731,0.000,0.000,0.000,0.000,0.000,116944.9,0.781,1.00,5.00
17.390,12.000,12.000,0.000,2433.731,0.000,0.000,0.000,0.000,0.000,116944.9,0.781,1.00,5.00
17.400,12.000,12.000,0.000,2433.731,0.000,0.000,0.000,0.000,0.000,116944.9,0.781,1.00,5.00
17.410,12.000,12.000,0.000,2433.731,0.000,0.000,0.000,0.000,0.000,116944.9,0.781,1.00,5.00
17.420,12.000,12.000,0.000,2433.731,0.000,0.000,0.000,0.000,0.000,116944.9,0.781,1.00,5.00
17.430,12.000,12.000,0.000,2433.731,0.000,0.000,0.000,0.000,0.000,116944.9,0.781,1.00,5.00
17.440,12.000,12.000,0.000,2433.731,0.000,0.000,0.000,0.000,0.000,116944.9,0.781,1.00,5.00
17.450,12.000,12.000,0.000,2433.731,0.000,0.000,0.000,0.000,0.000,116944.9,0.781,1.00,5.00
17.460,12.000,12.000,0.000,2433.731,0.000,0.000,0.000,0.000,0.000,116944.9,0.781,1.00,5.00
17.470,12.000,12.000,0.000,2433.731,0.000,0.000,0.000,0.000,0.000,116944.9,0.781,1.00,5.00
17.480,12.000,12.000,0.000,2433.731,0.000,0.000,0.000,0.000,0.000,116944.9,0.781,1.00,5.00
17.490,12.000,12.000,0.000,2433.731,0.000,0.000,0.000,0.000,0.000,116944.9,0.781,1.00,5.00
17.500,12.000,12.000,0.000,2433.731,0.000,0.000,0.000,0.000,0.000,116944.9,0.781,1.00,5.00
17.510,12.000,12.000,0.000,2433.731,0.000,0.000,0.000,0.000,0.000,116944.9,0.781,1.00,5.00
17.520,12.000,12.000,0.000,2433.731,0.000,0.000,0.000,0.000,0.000,116944.9,0.781,1.00,5.00
17.530,12.000,12.000,0.000,2433.731,0.000,0.000,0.000,0.000,0.000,116944.9,0.781,1.00,5.00
17.540,12.000,12.000,0.000,2433.731,0.000,0.000,0.000,0.000,0.000,116944.9,0.781,1.00,5.00
17.550,12.000,12.000,0.000,2433.731,0.000,0.000,0.000,0.000,0.000,116944.9,0.781,1.00,5.00
17.560,12.000,12.000,0.000,2433.731,0.000,0.000,0.000,0.000,0.000,116944.9,0.781,1.00,5.00
17.570,12.000,12.000,0.000,2433.731,0.000,0.000,0.000,0.000,0.000,116944.9,0.781,1.00,5.00
17.580,12.000,12.000,0.000,2433.731,0.000,0.000,0.000,0.000,0.000,116944.9,0.781,1.00,5.00
17.590,12.000,12.000,0.000,2433.731,0.000,0.000,0.000,0.000,0.000,116944.9,0.781,1.00,5.00
17.600,12.000,12.000,0.000,2433.731,0.000,0.000,0.000,0.000,0.000,116944.9,0.781,1.00,5.00
17.610,12.000,12.000,0.000,2433.731,0.000,0.000,0.000,0.000,0.000,116944.9,0.781,1.00,5.00
17.620,12.000,12.000,0.000,2433.731,0.000,0.000,0.000,0.000,0.000,116944.9,0.781,1.00,5.00
17.630,12.000,12.000,0.000,2433.731,0.000,0.000,0.000,0.000,0.000,116944.9,0.781,1.00,5.00
17.640,12.000,12.000,0.000,2433.731,0.000,0.000,0.000,0.000,0.000,116944.9,0.781,1.00,5.00
17.650,12.000,12.000,0.000,2433.731,0.000,0.000,0.000,0.000,0.000,116944.9,0.781,1.00,5.00
17.660,12.000,12.000,0.000,2433.731,0.000,0.000,0.000,0.000,0.000,116944.9,0.781,1.00,5.00
17.670,12.000,12.000,0.000,2433.731,0.000,0.000,0.000,0.000,0.000,116944.9,0.781,1.00,5.00
17.680,12.000,12.000,0.000,2433.731,0.000,0.000,0.000,0.000,0.000,116944.9,0.781,1.00,5.00
17.690,12.000,12.000,0.000,2433.731,0.000,0.000,0.000,0.000,0.000,116944.9,0.781,1.00,5.00
17.700,12.000,12.000,0.000,2433.731,0.000,0.000,0.000,0.000,0.000,116944.9,0.781,1.00,5.00
17.710,12.000,12.000,0.000,2433.731,0.000,0.000,0.000,0.000,0.000,116944.9,0.781,1.00,5.00
17.720,12.000,12.000,0.000,2433.731,0.000,0.000,0.000,0.000,0.000,116944.9,0.781,1.00,5.00
17.730,12.000,12.000,0.000,2433.731,0.000,0.000,0.000,0.000,0.000,116944.9,0.781,1.00,5.00
17.740,12.000,12.000,0.000,2433.731,0.000,0.000,0.000,0.000,0.000,116944.9,0.781,1.00,5.00
17.750,12.000,12.000,0.000,2433.731,0.000,0.000,0.000,0.000,0.000,116944.9,0.781,1.00,5.00
17.760,12.000,12.000,0.000,2433.731,0.000,0.000,0.000,0.000,0.000,116944.9,0.781,1.00,5.00
17.770,12.000,12.000,0.000,2433.731,0.000,0.000,0.000,0.000,0.000,116944.9,0.781,1.00,5.00
17.780,12.000,12.010,-0.010,0.000,34.479,0.000,0.000,0.000,0.000,116940.9,0.709,1.00,5.00
17.790,12.000,12.010,-0.010,0.000,2.001,0.000,0.000,0.000,0.000,116936.8,0.637,1.00,5.00
17.800,12.000,12.000,0.000,19970.934,0.000,0.000,0.000,0.000,0.000,116936.8,0.704,1.00,5.00
17.810,12.000,12.000,0.000,2433.310,0.000,0.000,0.000,0.000,0.000,116936.8,0.771,1.00,5.00
17.820,12.000,12.000,0.000,2434.865,0.000,0.000,0.000,0.000,0.000,116953.5,0.807,1.00,5.00
17.830,12.000,12.000,0.000,2434.865,0.000,0.000,0.000,0.000,0.000,116953.5,0.807,1.00,5.00
17.840,12.000,12.000,0.000,2434.865,0.000,0.000,0.000,0.000,0.000,116953.5,0.807,1.00,5.00
17.850,12.000,12.000,0.000,2434.865,0.000,0.000,0.000,0.000,0.000,116953.5,0.807,1.00,5.00
17.860,12.000,12.000,0.000,2434.865,0.000,0.000,0.000,0.000,0.000,116953.5,0.807,1.00,5.00
17.870,12.000,12.000,0.000,2434.865,0.000,0.000,0.000,0.000,0.000,116953.5,0.807,1.00,5.00
17.880,12.000,12.000,0.000,2434.865,0.000,0.000,0.000,0.000,0.000,116953.5,0.807,1.00,5.00
17.890,12.000,12.000,0.000,2434.865,0.000,0.000,0.000,0.000,0.000,116953.5,0.807,1.00,5.00
17.900,12.000,12.000,0.000,2434.865,0.000,0.000,0.000,0.000,0.000,116953.5,0.807,1.00,5.00
17.910,12.000,12.000,0.000,2434.865,0.000,0.000,0.000,0.000,0.000,116953.5,0.807,1.00,5.00
17.920,12.000,12.000,0.000,2434.865,0.000,0.000,0.000,0.000,0.000,116953.5,0.807,1.00,5.00
17.930,12.000,12.000,0.000,2434.865,0.000,0.000,0.000,0.000,0.000,116953.5,0.807,1.00,5.00
17.940,12.000,12.000,0.000,2434.865,0.000,0.000,0.000,0.000,0.000,116953.5,0.807,1.00,5.00
17.950,12.000,12.000,0.000,2434.865,0.000,0.000,0.000,0.000,0.000,116953.5,0.807,1.00,5.00
17.960,12.000,12.000,0.000,2434.865,0.000,0.000,0.000,0.000,0.000,116953.5,0.807,1.00,5.00
17.970,12.000,12.000,0.000,2434.865,0.000,0.000,0.000,0.000,0.000,116953.5,0.807,1.00,5.00
17.980,12.000,12.000,0.000,2434.865,0.000,0.000,0.000,0.000,0.000,116953.5,0.807,1.00,5.00
17.990,12.000,12.000,0.000,2434.865,0.000,0.000,0.000,0.000,0.000,116953.5,0.807,1.00,5.00
18.000,12.000,12.000,0.000,2434.865,0.000,0.000,0.000,0.000,0.000,116953.5,0.807,1.00,5.00
18.010,12.000,12.000,0.000,2434.865,0.000,0.000,0.000,0.000,0.000,116953.5,0.807,1.00,5.00
18.020,12.000,12.000,0.000,2434.865,0.000,0.000,0.000,0.000,0.000,116953.5,0.807,1.00,5.00
18.030,12.000,12.000,0.000,2434.865,0.000,0.000,0.000,0.000,0.000,116953.5,0.807,1.00,5.00
18.040,12.000,12.000,0.000,2434.865,0.000,0.000,0.000,0.000,0.000,116953.5,0.807,1.00,5.00
18.050,12.000,12.000,0.000,2434.865,0.000,0.000,0.000,0.000,0.000,116953.5,0.807,1.00,5.00
18.060,12.000,12.000,0.000,2434.865,0.000,0.000,0.000,0.000,0.000,116953.5,0.807,1.00,5.00
18.070,12.000,12.000,0.000,2434.865,0.000,0.000,0.000,0.000,0.000,116953.5,0.807,1.00,5.00
18.080,12.000,12.000,0.000,2434.865,0.000,0.000,0.000,0.000,0.000,116953.5,0.807,1.00,5.00
18.090,12.000,12.000,0.000,2434.865,0.000,0.000,0.000,0.000,0.000,116953.5,0.807,1.00,5.00
18.100,12.000,12.000,0.000,2434.865,0.000,0.000,0.000,0.000,0.000,116953.5,0.807,1.00,5.00
18.110,12.000,12.000,0.000,2434.865,0.000,0.000,0.000,0.000,0.000,116953.5,0.807,1.00,5.00
18.120,12.000,12.000,0.000,2434.865,0.000,0.000,0.000,0.000,0.000,116953.5,0.807,1.00,5.00
18.130,12.000,12.000,0.000,2434.865,0.000,0.000,0.000,0.000,0.000,116953.5,0.807,1.00,5.00
18.140,12.000,12.000,0.000,2434.865,0.000,0.000,0.000,0.000,0.000,116953.5,0.807,1.00,5.00
18.150,12.000,12.000,0.000,2434.865,0.000,0.000,0.000,0.000,0.000,116953.5,0.807,1.00,5.00
18.160,12.000,12.000,0.000,2434.865,0.000,0.000,0.000,0.000,0.000,116953.5,0.807,1.00,5.00
18.170,12.000,12.000,0.000,2434.865,0.000,0.000,0.000,0.000,0.000,116953.5,0.807,1.00,5.00
18.180,12.000,12.000,0.000,2434.865,0.000,0.000,0.000,0.000,0.000,116953.5,0.807,1.00,5.00
18.190,12.000,12.000,0.000,2434.865,0.000,0.000,0.000,0.000,0.000,116953.5,0.807,1.00,5.00
18.200,12.000,12.000,0.000,2434.865,0.000,0.000,0.000,0.000,0.000,116953.5,0.807,1.00,5.00
18.210,12.000,12.000,0.000,2434.865,0.000,0.000,0.000,0.000,0.000,116953.5,0.807,1.00,5.00
18.220,12.000,12.000,0.000,2434.865,0.000,0.000,0.000,0.000,0.000,116953.5,0.807,1.00,5.00
18.230,12.000,12.000,0.000,2434.865,0.000,0.000,0.000,0.000,0.000,116953.5,0.807,1.00,5.00
18.240,12.000,12.000,0.000,2434.865,0.000,0.000,0.000,0.000,0.000,116953.5,0.807,1.00,5.00
18.250,12.000,12.000,0.000,2434.865,0.000,0.000,0.000,0.000,0.000,116953.5,0.807,1.00,5.00
18.260,12.000,12.000,0.000,2434.865,0.000,0.000,0.000,0.000,0.000,116953.5,0.807,1.00,5.00
18.270,12.000,12.000,0.000,2434.865,0.000,0.000,0.000,0.000,0.000,116953.5,0.807,1.00,5.00
18.280,12.000,12.000,0.000,2434.865,0.000,0.000,0.000,0.000,0.000,116953.5,0.807,1.00,5.00
18.290,12.000,12.000,0.000,2434.865,0.000,0.000,0.000,0.000,0.000,116953.5,0.807,1.00,5.00
18.300,12.000,12.000,0.000,2434.865,0.000,0.000,0.000,0.000,0.000,116953.5,0.807,1.00,5.00
18.310,12.000,12.000,0.000,2434.865,0.000,0.000,0.000,0.000,0.000,116953.5,0.807,1.00,5.00
18.320,12.000,12.000,0.000,2434.865,0.000,0.000,0.000,0.000,0.000,116953.5,0.807,1.00,5.00
18.330,12.000,12.000,0.000,2434.865,0.000,0.000,0.000,0.000,0.000,116953.5,0.807,1.00,5.00
18.340,12.000,12.000,0.000,2434.865,0.000,0.000,0.000,0.000,0.000,116953.5,0.807,1.00,5.00
18.350,12.000,12.000,0.000,2434.865,0.000,0.000,0.000,0.000,0.000,116953.5,0.807,1.00,5.00
18.360,12.000,12.000,0.000,2434.865,0.000,0.000,0.000,0.000,0.000,116953.5,0.807,1.00,5.00
18.370,12.000,12.000,0.000,2434.865,0.000,0.000,0.000,0.000,0.000,116953.5,0.807,1.00,5.00
18.380,12.000,12.000,0.000,2434.865,0.000,0.000,0.000,0.000,0.000,116953.5,0.807,1.00,5.00
18.390,12.000,12.000,0.000,2434.865,0.000,0.000,0.000,0.000,0.000,116953.5,0.807,1.00,5.00
18.400,12.000,12.000,0.000,2434.865,0.000,0.000,0.000,0.000,0.000,116953.5,0.807,1.00,5.00
18.410,12.000,12.000,0.000,2434.865,0.000,0.000,0.000,0.000,0.000,116953.5,0.807,1.00,5.00
18.420,12.000,12.000,0.000,2434.865,0.000,0.000,0.000,0.000,0.000,116953.5,0.807,1.00,5.00
18.430,12.000,12.000,0.000,2434.865,0.000,0.000,0.000,0.000,0.000,116953.5,0.807,1.00,5.00
18.440,12.000,12.000,0.000,2434.865,0.000,0.000,0.000,0.000,0.000,116953.5,0.807,1.00,5.00
18.450,12.000,12.000,0.000,2434.865,0.000,0.000,0.000,0.000,0.000,116953.5,0.807,1.00,5.00
18.460,12.000,12.000,0.000,2434.865,0.000,0.000,0.000,0.000,0.000,116953.5,0.807,1.00,5.00
18.470,12.000,12.000,0.000,2434.865,0.000,0.000,0.000,0.000,0.000,116953.5,0.807,1.00,5.00
18.480,12.000,12.000,0.000,2434.865,0.000,0.000,0.000,0.000,0.000,116953.5,0.807,1.00,5.00
18.490,12.000,12.000,0.000,2434.865,0.000,0.000,0.000,0.000,0.000,116953.5,0.807,1.00,5.00
18.500,12.000,12.000,0.000,2434.865,0.000,0.000,0.000,0.000,0.000,116953.5,0.807,1.00,5.00
18.510,12.000,12.000,0.000,2434.865,0.000,0.000,0.000,0.000,0.000,116953.5,0.807,1.00,5.00
18.520,12.000,12.000,0.000,2434.865,0.000,0.000,0.000,0.000,0.000,116953.5,0.807,1.00,5.00
18.530,12.000,12.000,0.000,2434.865,0.000,0.000,0.000,0.000,0.000,116953.5,0.807,1.00,5.00
18.540,12.000,12.000,0.000,2434.865,0.000,0.000,0.000,0.000,0.000,116953.5,0.807,1.00,5.00
18.550,12.000,12.000,0.000,2434.865,0.000,0.000,0.000,0.000,0.000,116953.5,0.807,1.00,5.00
18.560,12.000,12.000,0.000,2434.865,0.000,0.000,0.000,0.000,0.000,116953.5,0.807,1.00,5.00
18.570,12.000,12.000,0.000,2434.865,0.000,0.000,0.000,0.000,0.000,116953.5,0.807,1.00,5.00
18.580,12.000,12.000,0.000,2434.865,0.000,0.000,0.000,0.000,0.000,116953.5,0.807,1.00,5.00
18.590,12.000,12.000,0.000,2434.865,0.000,0.000,0.000,0.000,0.000,116953.5,0.807,1.00,5.00
18.600,12.000,12.000,0.000,2434.865,0.000,0.000,0.000,0.000,0.000,116953.5,0.807,1.00,5.00
18.610,12.000,12.000,0.000,2434.865,0.000,0.000,0.000,0.000,0.000,116953.5,0.807,1.00,5.00
18.620,12.000,12.000,0.000,2434.865,0.000,0.000,0.000,0.000,0.000,116953.5,0.807,1.00,5.00
18.630,12.000,12.000,0.000,2434.865,0.000,0.000,0.000,0.000,0.000,116953.5,0.807,1.00,5.00
18.640,12.000,12.000,0.000,2434.865,0.000,0.000,0.000,0.000,0.000,116953.5,0.807,1.00,5.00
18.650,12.000,12.000,0.000,2434.865,0.000,0.000,0.000,0.000,0.000,116953.5,0.807,1.00,5.00
18.660,12.000,12.000,0.000,2434.865,0.000,0.000,0.000,0.000,0.000,116953.5,0.807,1.00,5.00
18.670,12.000,12.000,0.000,2434.865,0.000,0.000,0.000,0.000,0.000,116953.5,0.807,1.00,5.00
18.680,12.000,12.000,0.000,2434.865,0.000,0.000,0.000,0.000,0.000,116953.5,0.807,1.00,5.00
18.690,12.000,12.000,0.000,2434.865,0.000,0.000,0.000,0.000,0.000,116953.5,0.807,1.00,5.00
18.700,12.000,12.000,0.000,2434.865,0.000,0.000,0.000,0.000,0.000,116953.5,0.807,1.00,5.00
18.710,12.000,12.000,0.000,2434.865,0.000,0.000,0.000,0.000,0.000,116953.5,0.807,1.00,5.00
18.720,12.000,12.000,0.000,2434.865,0.000,0.000,0.000,0.000,0.000,116953.5,0.807,1.00,5.00
18.730,12.000,12.000,0.000,2434.865,0.000,0.000,0.000,0.000,0.000,116953.5,0.807,1.00,5.00
18.740,12.000,12.000,0.000,2434.865,0.000,0.000,0.000,0.000,0.000,116953.5,0.807,1.00,5.00
18.750,12.000,12.000,0.000,2434.865,0.000,0.000,0.000,0.000,0.000,116953.5,0.807,1.00,5.00
18.760,12.000,12.000,0.000,2434.865,0.000,0.000,0.000,0.000,0.000,116953.5,0.807,1.00,5.00
18.770,12.000,12.000,0.000,2434.865,0.000,0.000,0.000,0.000,0.000,116953.5,0.807,1.00,5.00
18.780,12.000,12.000,0.000,2434.865,0.000,0.000,0.000,0.000,0.000,116953.5,0.807,1.00,5.00
18.790,12.000,12.000,0.000,2434.865,0.000,0.000,0.000,0.000,0.000,116953.5,0.807,1.00,5.00
18.800,12.000,12.000,0.000,2434.865,0.000,0.000,0.000,0.000,0.000,116953.5,0.807,1.00,5.00
18.810,12.000,12.000,0.000,2434.865,0.000,0.000,0.000,0.000,0.000,116953.5,0.807,1.00,5.00
18.820,12.000,12.000,0.000,2434.865,0.000,0.000,0.000,0.000,0.000,116953.5,0.807,1.00,5.00
18.830,12.000,12.000,0.000,2434.865,0.000,0.000,0.000,0.000,0.000,116953.5,0.807,1.00,5.00
18.840,12.000,12.000,0.000,2434.865,0.000,0.000,0.000,0.000,0.000,116953.5,0.807,1.00,5.00
18.850,12.000,12.000,0.000,2434.865,0.000,0.000,0.000,0.000,0.000,116953.5,0.807,1.00,5.00
18.860,12.000,12.000,0.000,2434.865,0.000,0.000,0.000,0.000,0.000,116953.5,0.807,1.00,5.00
18.870,12.000,12.000,0.000,2434.865,0.000,0.000,0.000,0.000,0.000,116953.5,0.807,1.00,5.00
18.880,12.000,12.000,0.000,2434.865,0.000,0.000,0.000,0.000,0.000,116953.5,0.807,1.00,5.00
18.890,12.000,12.000,0.000,2434.865,0.000,0.000,0.000,0.000,0.000,116953.5,0.807,1.00,5.00
18.900,12.000,12.000,0.000,2434.865,0.000,0.000,0.000,0.000,0.000,116953.5,0.807,1.00,5.00
18.910,12.000,12.000,0.000,2434.865,0.000,0.000,0.000,0.000,0.000,116953.5,0.807,1.00,5.00
18.920,12.000,12.000,0.000,2434.865,0.000,0.000,0.000,0.000,0.000,116953.5,0.807,1.00,5.00
18.930,12.000,12.000,0.000,2434.865,0.000,0.000,0.000,0.000,0.000,116953.5,0.807,1.00,5.00
18.940,12.000,12.000,0.000,2434.865,0.000,0.000,0.000,0.000,0.000,116953.5,0.807,1.00,5.00
18.950,12.000,12.000,0.000,2434.865,0.000,0.000,0.000,0.000,0.000,116953.5,0.807,1.00,5.00
18.960,12.000,12.000,0.000,2434.865,0.000,0.000,0.000,0.000,0.000,116953.5,0.807,1.00,5.00
18.970,12.000,12.000,0.000,2434.865,0.000,0.000,0.000,0.000,0.000,116953.5,0.807,1.00,5.00
18.980,12.000,12.000,0.000,2434.865,0.000,0.000,0.000,0.000,0.000,116953.5,0.807,1.00,5.00
18.990,12.000,12.000,0.000,2434.865,0.000,0.000,0.000,0.000,0.000,116953.5,0.807,1.00,5.00
19.000,12.000,12.000,0.000,2434.865,0.000,0.000,0.000,0.000,0.000,116953.5,0.807,1.00,5.00
19.010,12.000,12.000,0.000,2434.865,0.000,0.000,0.000,0.000,0.000,116953.5,0.807,1.00,5.00
19.020,12.000,12.000,0.000,2434.865,0.000,0.000,0.000,0.000,0.000,116953.5,0.807,1.00,5.00
19.030,12.000,12.000,0.000,2434.865,0.000,0.000,0.000,0.000,0.000,116953.5,0.807,1.00,5.00
19.040,12.000,12.000,0.000,2434.865,0.000,0.000,0.000,0.000,0.000,116953.5,0.807,1.00,5.00
19.050,12.000,12.000,0.000,2434.865,0.000,0.000,0.000,0.000,0.000,116953.5,0.807,1.00,5.00
19.060,12.000,12.000,0.000,2434.865,0.000,0.000,0.000,0.000,0.000,116953.5,0.807,1.00,5.00
19.070,12.000,12.000,0.000,2434.865,0.000,0.000,0.000,0.000,0.000,116953.5,0.807,1.00,5.00
19.080,12.000,12.000,0.000,2434.865,0.000,0.000,0.000,0.000,0.000,116953.5,0.807,1.00,5.00
19.090,12.000,12.000,0.000,2434.865,0.000,0.000,0.000,0.000,0.000,116953.5,0.807,1.00,5.00
19.100,12.000,12.000,0.000,2434.865,0.000,0.000,0.000,0.000,0.000,116953.5,0.807,1.00,5.00
19.110,12.000,12.000,0.000,2434.865,0.000,0.000,0.000,0.000,0.000,116953.5,0.807,1.00,5.00
19.120,12.000,12.000,0.000,2434.865,0.000,0.000,0.000,0.000,0.000,116953.5,0.807,1.00,5.00
19.130,12.000,12.000,0.000,2434.865,0.000,0.000,0.000,0.000,0.000,116953.5,0.807,1.00,5.00
19.140,12.000,12.000,0.000,2434.865,0.000,0.000,0.000,0.000,0.000,116953.5,0.807,1.00,5.00
19.150,12.000,12.000,0.000,2434.865,0.000,0.000,0.000,0.000,0.000,116953.5,0.807,1.00,5.00
19.160,12.000,12.000,0.000,2434.865,0.000,0.000,0.000,0.000,0.000,116953.5,0.807,1.00,5.00
19.170,12.000,12.000,0.000,2434.865,0.000,0.000,0.000,0.000,0.000,116953.5,0.807,1.00,5.00
19.180,12.000,12.000,0.000,2434.865,0.000,0.000,0.000,0.000,0.000,116953.5,0.807,1.00,5.00
19.190,12.000,12.000,0.000,2434.865,0.000,0.000,0.000,0.000,0.000,116953.5,0.807,1.00,5.00
19.200,12.000,12.000,0.000,2434.865,0.000,0.000,0.000,0.000,0.000,116953.5,0.807,1.00,5.00
19.210,12.000,12.000,0.000,2434.865,0.000,0.000,0.000,0.000,0.000,116953.5,0.807,1.00,5.00
19.220,12.000,12.010,-0.010,0.000,34.480,0.000,0.000,0.000,0.000,116949.4,0.735,1.00,5.00
19.230,12.000,12.000,0.000,19974.165,0.000,0.000,0.000,0.000,0.000,116949.4,0.735,1.00,5.00
19.240,12.000,12.000,0.000,2434.654,0.000,0.000,0.000,0.000,0.000,116949.4,0.802,1.00,5.00
19.250,12.000,12.000,0.000,2436.209,0.000,0.000,0.000,0.000,0.000,116966.0,0.838,1.00,5.00
19.260,12.000,12.000,0.000,2436.209,0.000,0.000,0.000,0.000,0.000,116966.0,0.838,1.00,5.00
19.270,12.000,12.000,0.000,2436.209,0.000,0.000,0.000,0.000,0.000,116966.0,0.838,1.00,5.00
19.280,12.000,12.000,0.000,2436.209,0.000,0.000,0.000,0.000,0.000,116966.0,0.838,1.00,5.00
19.290,12.000,12.000,0.000,2436.209,0.000,0.000,0.000,0.000,0.000,116966.0,0.838,1.00,5.00
19.300,12.000,12.000,0.000,2436.209,0.000,0.000,0.000,0.000,0.000,116966.0,0.838,1.00,5.00
19.310,12.000,12.000,0.000,2436.209,0.000,0.000,0.000,0.000,0.000,116966.0,0.838,1.00,5.00
19.320,12.000,12.000,0.000,2436.209,0.000,0.000,0.000,0.000,0.000,116966.0,0.838,1.00,5.00
19.330,12.000,12.000,0.000,2436.209,0.000,0.000,0.000,0.000,0.000,116966.0,0.838,1.00,5.00
19.340,12.000,12.000,0.000,2436.209,0.000,0.000,0.000,0.000,0.000,116966.0,0.838,1.00,5.00
19.350,12.000,12.010,-0.010,0.000,34.481,0.000,0.000,0.000,0.000,116962.0,0.766,1.00,5.00
19.360,12.000,12.010,-0.010,0.000,1.998,0.000,0.000,0.000,0.000,116957.9,0.694,1.00,5.00
19.370,12.000,12.000,0.000,19976.577,0.000,0.000,0.000,0.000,0.000,116957.9,0.761,1.00,5.00
19.380,12.000,12.000,0.000,2435.788,0.000,0.000,0.000,0.000,0.000,116957.9,0.828,1.00,5.00
19.390,12.000,12.000,0.000,2437.343,0.000,0.000,0.000,0.000,0.000,116974.6,0.864,1.00,5.00
19.400,12.000,12.000,0.000,2437.343,0.000,0.000,0.000,0.000,0.000,116974.6,0.864,1.00,5.00
19.410,12.000,12.000,0.000,2437.343,0.000,0.000,0.000,0.000,0.000,116974.6,0.864,1.00,5.00
19.420,12.000,12.000,0.000,2437.343,0.000,0.000,0.000,0.000,0.000,116974.6,0.864,1.00,5.00
19.430,12.000,12.000,0.000,2437.343,0.000,0.000,0.000,0.000,0.000,116974.6,0.864,1.00,5.00
19.440,12.000,12.000,0.000,2437.343,0.000,0.000,0.000,0.000,0.000,116974.6,0.864,1.00,5.00
19.450,12.000,12.000,0.000,2437.343,0.000,0.000,0.000,0.000,0.000,116974.6,0.864,1.00,5.00
19.460,12.000,12.000,0.000,2437.343,0.000,0.000,0.000,0.000,0.000,116974.6,0.864,1.00,5.00
19.470,12.000,12.000,0.000,2437.343,0.000,0.000,0.000,0.000,0.000,116974.6,0.864,1.00,5.00
19.480,12.000,12.000,0.000,2437.343,0.000,0.000,0.000,0.000,0.000,116974.6,0.864,1.00,5.00
19.490,12.000,12.000,0.000,2437.343,0.000,0.000,0.000,0.000,0.000,116974.6,0.864,1.00,5.00
19.500,12.000,12.000,0.000,2437.343,0.000,0.000,0.000,0.000,0.000,116974.6,0.864,1.00,5.00
19.510,12.000,12.000,0.000,2437.343,0.000,0.000,0.000,0.000,0.000,116974.6,0.864,1.00,5.00
19.520,12.000,12.000,0.000,2437.343,0.000,0.000,0.000,0.000,0.000,116974.6,0.864,1.00,5.00
19.530,12.000,12.000,0.000,2437.343,0.000,0.000,0.000,0.000,0.000,116974.6,0.864,1.00,5.00
19.540,12.000,12.000,0.000,2437.343,0.000,0.000,0.000,0.000,0.000,116974.6,0.864,1.00,5.00
19.550,12.000,12.000,0.000,2437.343,0.000,0.000,0.000,0.000,0.000,116974.6,0.864,1.00,5.00
19.560,12.000,12.000,0.000,2437.343,0.000,0.000,0.000,0.000,0.000,116974.6,0.864,1.00,5.00
19.570,12.000,12.000,0.000,2437.343,0.000,0.000,0.000,0.000,0.000,116974.6,0.864,1.00,5.00
19.580,12.000,12.000,0.000,2437.343,0.000,0.000,0.000,0.000,0.000,116974.6,0.864,1.00,5.00
19.590,12.000,12.000,0.000,2437.343,0.000,0.000,0.000,0.000,0.000,116974.6,0.864,1.00,5.00
19.600,12.000,12.000,0.000,2437.343,0.000,0.000,0.000,0.000,0.000,116974.6,0.864,1.00,5.00
19.610,12.000,12.000,0.000,2437.343,0.000,0.000,0.000,0.000,0.000,116974.6,0.864,1.00,5.00
19.620,12.000,12.000,0.000,2437.343,0.000,0.000,0.000,0.000,0.000,116974.6,0.864,1.00,5.00
19.630,12.000,12.000,0.000,2437.343,0.000,0.000,0.000,0.000,0.000,116974.6,0.864,1.00,5.00
19.640,12.000,12.000,0.000,2437.343,0.000,0.000,0.000,0.000,0.000,116974.6,0.864,1.00,5.00
19.650,12.000,12.000,0.000,2437.343,0.000,0.000,0.000,0.000,0.000,116974.6,0.864,1.00,5.00
19.660,12.000,12.000,0.000,2437.343,0.000,0.000,0.000,0.000,0.000,116974.6,0.864,1.00,5.00
19.670,12.000,12.000,0.000,2437.343,0.000,0.000,0.000,0.000,0.000,116974.6,0.864,1.00,5.00
19.680,12.000,12.000,0.000,2437.343,0.000,0.000,0.000,0.000,0.000,116974.6,0.864,1.00,5.00
19.690,12.000,12.000,0.000,2437.343,0.000,0.000,0.000,0.000,0.000,116974.6,0.864,1.00,5.00
19.700,12.000,12.000,0.000,2437.343,0.000,0.000,0.000,0.000,0.000,116974.6,0.864,1.00,5.00
19.710,12.000,12.000,0.000,2437.343,0.000,0.000,0.000,0.000,0.000,116974.6,0.864,1.00,5.00
19.720,12.000,12.000,0.000,2437.343,0.000,0.000,0.000,0.000,0.000,116974.6,0.864,1.00,5.00
19.730,12.000,12.000,0.000,2437.343,0.000,0.000,0.000,0.000,0.000,116974.6,0.864,1.00,5.00
19.740,12.000,12.000,0.000,2437.343,0.000,0.000,0.000,0.000,0.000,116974.6,0.864,1.00,5.00
19.750,12.000,12.000,0.000,2437.343,0.000,0.000,0.000,0.000,0.000,116974.6,0.864,1.00,5.00
19.760,12.000,12.000,0.000,2437.343,0.000,0.000,0.000,0.000,0.000,116974.6,0.864,1.00,5.00
19.770,12.000,12.000,0.000,2437.343,0.000,0.000,0.000,0.000,0.000,116974.6,0.864,1.00,5.00
19.780,12.000,12.000,0.000,2437.343,0.000,0.000,0.000,0.000,0.000,116974.6,0.864,1.00,5.00
19.790,12.000,12.000,0.000,2437.343,0.000,0.000,0.000,0.000,0.000,116974.6,0.864,1.00,5.00
19.800,12.000,12.000,0.000,2437.343,0.000,0.000,0.000,0.000,0.000,116974.6,0.864,1.00,5.00
19.810,12.000,12.000,0.000,2437.343,0.000,0.000,0.000,0.000,0.000,116974.6,0.864,1.00,5.00
19.820,12.000,12.000,0.000,2437.343,0.000,0.000,0.000,0.000,0.000,116974.6,0.864,1.00,5.00
19.830,12.000,12.000,0.000,2437.343,0.000,0.000,0.000,0.000,0.000,116974.6,0.864,1.00,5.00
19.840,12.000,12.000,0.000,2437.343,0.000,0.000,0.000,0.000,0.000,116974.6,0.864,1.00,5.00
19.850,12.000,12.000,0.000,2437.343,0.000,0.000,0.000,0.000,0.000,116974.6,0.864,1.00,5.00
19.860,12.000,12.000,0.000,2437.343,0.000,0.000,0.000,0.000,0.000,116974.6,0.864,1.00,5.00
19.870,12.000,12.000,0.000,2437.343,0.000,0.000,0.000,0.000,0.000,116974.6,0.864,1.00,5.00
19.880,12.000,12.000,0.000,2437.343,0.000,0.000,0.000,0.000,0.000,116974.6,0.864,1.00,5.00
19.890,12.000,12.000,0.000,2437.343,0.000,0.000,0.000,0.000,0.000,116974.6,0.864,1.00,5.00
19.900,12.000,12.000,0.000,2437.343,0.000,0.000,0.000,0.000,0.000,116974.6,0.864,1.00,5.00
19.910,12.000,12.000,0.000,2437.343,0.000,0.000,0.000,0.000,0.000,116974.6,0.864,1.00,5.00
19.920,12.000,12.000,0.000,2437.343,0.000,0.000,0.000,0.000,0.000,116974.6,0.864,1.00,5.00
19.930,12.000,12.000,0.000,2437.343,0.000,0.000,0.000,0.000,0.000,116974.6,0.864,1.00,5.00
19.940,12.000,12.000,0.000,2437.343,0.000,0.000,0.000,0.000,0.000,116974.6,0.864,1.00,5.00
19.950,12.000,12.000,0.000,2437.343,0.000,0.000,0.000,0.000,0.000,116974.6,0.864,1.00,5.00
19.960,12.000,12.000,0.000,2437.343,0.000,0.000,0.000,0.000,0.000,116974.6,0.864,1.00,5.00
19.970,12.000,12.000,0.000,2437.343,0.000,0.000,0.000,0.000,0.000,116974.6,0.864,1.00,5.00
19.980,12.000,12.000,0.000,2437.343,0.000,0.000,0.000,0.000,0.000,116974.6,0.864,1.00,5.00
19.990,12.000,12.000,0.000,2437.343,0.000,0.000,0.000,0.000,0.000,116974.6,0.864,1.00,5.00
20.000,12.000,12.000,0.000,2437.343,0.000,0.000,0.000,0.000,0.000,116974.6,0.864,1.00,5.00
20.010,12.000,12.000,0.000,2437.343,0.000,0.000,0.000,0.000,0.000,116974.6,0.864,1.00,5.00
20.020,12.000,12.000,0.000,2437.343,0.000,0.000,0.000,0.000,0.000,116974.6,0.864,1.00,5.00
20.030,12.000,12.000,0.000,2437.343,0.000,0.000,0.000,0.000,0.000,116974.6,0.864,1.00,5.00
20.040,12.000,12.000,0.000,2437.343,0.000,0.000,0.000,0.000,0.000,116974.6,0.864,1.00,5.00
20.050,12.000,12.000,0.000,2437.343,0.000,0.000,0.000,0.000,0.000,116974.6,0.864,1.00,5.00
20.060,12.000,12.000,0.000,2437.343,0.000,0.000,0.000,0.000,0.000,116974.6,0.864,1.00,5.00
20.070,12.000,12.000,0.000,2437.343,0.000,0.000,0.000,0.000,0.000,116974.6,0.864,1.00,5.00
20.080,12.000,12.000,0.000,2437.343,0.000,0.000,0.000,0.000,0.000,116974.6,0.864,1.00,5.00
20.090,12.000,12.000,0.000,2437.343,0.000,0.000,0.000,0.000,0.000,116974.6,0.864,1.00,5.00
20.100,12.000,12.000,0.000,2437.343,0.000,0.000,0.000,0.000,0.000,116974.6,0.864,1.00,5.00
20.110,12.000,12.000,0.000,2437.343,0.000,0.000,0.000,0.000,0.000,116974.6,0.864,1.00,5.00
20.120,12.000,12.000,0.000,2437.343,0.000,0.000,0.000,0.000,0.000,116974.6,0.864,1.00,5.00
20.130,12.000,12.000,0.000,2437.343,0.000,0.000,0.000,0.000,0.000,116974.6,0.864,1.00,5.00
20.140,12.000,12.000,0.000,2437.343,0.000,0.000,0.000,0.000,0.000,116974.6,0.864,1.00,5.00
20.150,12.000,12.000,0.000,2437.343,0.000,0.000,0.000,0.000,0.000,116974.6,0.864,1.00,5.00
20.160,12.000,12.000,0.000,2437.343,0.000,0.000,0.000,0.000,0.000,116974.6,0.864,1.00,5.00
20.170,12.000,12.000,0.000,2437.343,0.000,0.000,0.000,0.000,0.000,116974.6,0.864,1.00,5.00
20.180,12.000,12.000,0.000,2437.343,0.000,0.000,0.000,0.000,0.000,116974.6,0.864,1.00,5.00
20.190,12.000,12.000,0.000,2437.343,0.000,0.000,0.000,0.000,0.000,116974.6,0.864,1.00,5.00
20.200,12.000,12.000,0.000,2437.343,0.000,0.000,0.000,0.000,0.000,116974.6,0.864,1.00,5.00
20.210,12.000,12.000,0.000,2437.343,0.000,0.000,0.000,0.000,0.000,116974.6,0.864,1.00,5.00
20.220,12.000,12.000,0.000,2437.343,0.000,0.000,0.000,0.000,0.000,116974.6,0.864,1.00,5.00
20.230,12.000,12.000,0.000,2437.343,0.000,0.000,0.000,0.000,0.000,116974.6,0.864,1.00,5.00
20.240,12.000,12.000,0.000,2437.343,0.000,0.000,0.000,0.000,0.000,116974.6,0.864,1.00,5.00
20.250,12.000,12.000,0.000,2437.343,0.000,0.000,0.000,0.000,0.000,116974.6,0.864,1.00,5.00
20.260,12.000,12.000,0.000,2437.343,0.000,0.000,0.000,0.000,0.000,116974.6,0.864,1.00,5.00
20.270,12.000,12.000,0.000,2437.343,0.000,0.000,0.000,0.000,0.000,116974.6,0.864,1.00,5.00
20.280,12.000,12.000,0.000,2437.343,0.000,0.000,0.000,0.000,0.000,116974.6,0.864,1.00,5.00
20.290,12.000,12.000,0.000,2437.343,0.000,0.000,0.000,0.000,0.000,116974.6,0.864,1.00,5.00
20.300,12.000,12.000,0.000,2437.343,0.000,0.000,0.000,0.000,0.000,116974.6,0.864,1.00,5.00
20.310,12.000,12.000,0.000,2437.343,0.000,0.000,0.000,0.000,0.000,116974.6,0.864,1.00,5.00
20.320,12.000,12.000,0.000,2437.343,0.000,0.000,0.000,0.000,0.000,116974.6,0.864,1.00,5.00
20.330,12.000,12.000,0.000,2437.343,0.000,0.000,0.000,0.000,0.000,116974.6,0.864,1.00,5.00
20.340,12.000,12.000,0.000,2437.343,0.000,0.000,0.000,0.000,0.000,116974.6,0.864,1.00,5.00
20.350,12.000,12.000,0.000,2437.343,0.000,0.000,0.000,0.000,0.000,116974.6,0.864,1.00,5.00
20.360,12.000,12.000,0.000,2437.343,0.000,0.000,0.000,0.000,0.000,116974.6,0.864,1.00,5.00
20.370,12.000,12.000,0.000,2437.343,0.000,0.000,0.000,0.000,0.000,116974.6,0.864,1.00,5.00
20.380,12.000,12.000,0.000,2437.343,0.000,0.000,0.000,0.000,0.000,116974.6,0.864,1.00,5.00
20.390,12.000,12.000,0.000,2437.343,0.000,0.000,0.000,0.000,0.000,116974.6,0.864,1.00,5.00
20.400,12.000,12.000,0.000,2437.343,0.000,0.000,0.000,0.000,0.000,116974.6,0.864,1.00,5.00
20.410,12.000,12.000,0.000,2437.343,0.000,0.000,0.000,0.000,0.000,116974.6,0.864,1.00,5.00
20.420,12.000,12.000,0.000,2437.343,0.000,0.000,0.000,0.000,0.000,116974.6,0.864,1.00,5.00
20.430,12.000,12.000,0.000,2437.343,0.000,0.000,0.000,0.000,0.000,116974.6,0.864,1.00,5.00
20.440,12.000,12.000,0.000,2437.343,0.000,0.000,0.000,0.000,0.000,116974.6,0.864,1.00,5.00
20.450,12.000,12.000,0.000,2437.343,0.000,0.000,0.000,0.000,0.000,116974.6,0.864,1.00,5.00
20.460,12.000,12.000,0.000,2437.343,0.000,0.000,0.000,0.000,0.000,116974.6,0.864,1.00,5.00
20.470,12.000,12.000,0.000,2437.343,0.000,0.000,0.000,0.000,0.000,116974.6,0.864,1.00,5.00
20.480,12.000,12.000,0.000,2437.343,0.000,0.000,0.000,0.000,0.000,116974.6,0.864,1.00,5.00
20.490,12.000,12.000,0.000,2437.343,0.000,0.000,0.000,0.000,0.000,116974.6,0.864,1.00,5.00
20.500,12.000,12.000,0.000,2437.343,0.000,0.000,0.000,0.000,0.000,116974.6,0.864,1.00,5.00
20.510,12.000,12.000,0.000,2437.343,0.000,0.000,0.000,0.000,0.000,116974.6,0.864,1.00,5.00
20.520,12.000,12.000,0.000,2437.343,0.000,0.000,0.000,0.000,0.000,116974.6,0.864,1.00,5.00
20.530,12.000,12.000,0.000,2437.343,0.000,0.000,0.000,0.000,0.000,116974.6,0.864,1.00,5.00
20.540,12.000,12.000,0.000,2437.343,0.000,0.000,0.000,0.000,0.000,116974.6,0.864,1.00,5.00
20.550,12.000,12.000,0.000,2437.343,0.000,0.000,0.000,0.000,0.000,116974.6,0.864,1.00,5.00
20.560,12.000,12.000,0.000,2437.343,0.000,0.000,0.000,0.000,0.000,116974.6,0.864,1.00,5.00
20.570,12.000,12.000,0.000,2437.343,0.000,0.000,0.000,0.000,0.000,116974.6,0.864,1.00,5.00
20.580,12.000,12.000,0.000,2437.343,0.000,0.000,0.000,0.000,0.000,116974.6,0.864,1.00,5.00
20.590,12.000,12.000,0.000,2437.343,0.000,0.000,0.000,0.000,0.000,116974.6,0.864,1.00,5.00
20.600,12.000,12.000,0.000,2437.343,0.000,0.000,0.000,0.000,0.000,116974.6,0.864,1.00,5.00
20.610,12.000,12.000,0.000,2437.343,0.000,0.000,0.000,0.000,0.000,116974.6,0.864,1.00,5.00
20.620,12.000,12.000,0.000,2437.343,0.000,0.000,0.000,0.000,0.000,116974.6,0.864,1.00,5.00
20.630,12.000,12.000,0.000,2437.343,0.000,0.000,0.000,0.000,0.000,116974.6,0.864,1.00,5.00
20.640,12.000,12.000,0.000,2437.343,0.000,0.000,0.000,0.000,0.000,116974.6,0.864,1.00,5.00
20.650,12.000,12.000,0.000,2437.343,0.000,0.000,0.000,0.000,0.000,116974.6,0.864,1.00,5.00
20.660,12.000,12.000,0.000,2437.343,0.000,0.000,0.000,0.000,0.000,116974.6,0.864,1.00,5.00
20.670,12.000,12.000,0.000,2437.343,0.000,0.000,0.000,0.000,0.000,116974.6,0.864,1.00,5.00
20.680,12.000,12.000,0.000,2437.343,0.000,0.000,0.000,0.000,0.000,116974.6,0.864,1.00,5.00
20.690,12.000,12.000,0.000,2437.343,0.000,0.000,0.000,0.000,0.000,116974.6,0.864,1.00,5.00
20.700,12.000,12.000,0.000,2437.343,0.000,0.000,0.000,0.000,0.000,116974.6,0.864,1.00,5.00
20.710,12.000,12.010,-0.010,0.000,34.482,0.000,0.000,0.000,0.000,116970.5,0.792,1.00,5.00
20.720,12.000,12.010,-0.010,0.000,1.996,0.000,0.000,0.000,0.000,116966.4,0.720,1.00,5.00
20.730,12.000,12.000,0.000,19978.989,0.000,0.000,0.000,0.000,0.000,116966.4,0.788,1.00,5.00
20.740,12.000,12.000,0.000,2436.921,0.000,0.000,0.000,0.000,0.000,116966.4,0.855,1.00,5.00
20.750,12.000,12.000,0.000,2438.476,0.000,0.000,0.000,0.000,0.000,116983.1,0.891,1.00,5.00
20.760,12.000,12.000,0.000,2438.476,0.000,0.000,0.000,0.000,0.000,116983.1,0.891,1.00,5.00
20.770,12.000,12.000,0.000,2438.476,0.000,0.000,0.000,0.000,0.000,116983.1,0.891,1.00,5.00
20.780,12.000,12.000,0.000,2438.476,0.000,0.000,0.000,0.000,0.000,116983.1,0.891,1.00,5.00
20.790,12.000,12.000,0.000,2438.476,0.000,0.000,0.000,0.000,0.000,116983.1,0.891,1.00,5.00
20.800,12.000,12.000,0.000,2438.476,0.000,0.000,0.000,0.000,0.000,116983.1,0.891,1.00,5.00
20.810,12.000,12.000,0.000,2438.476,0.000,0.000,0.000,0.000,0.000,116983.1,0.891,1.00,5.00
20.820,12.000,12.000,0.000,2438.476,0.000,0.000,0.000,0.000,0.000,116983.1,0.891,1.00,5.00
20.830,12.000,12.000,0.000,2438.476,0.000,0.000,0.000,0.000,0.000,116983.1,0.891,1.00,5.00
20.840,12.000,12.000,0.000,2438.476,0.000,0.000,0.000,0.000,0.000,116983.1,0.891,1.00,5.00
20.850,12.000,12.000,0.000,2438.476,0.000,0.000,0.000,0.000,0.000,116983.1,0.891,1.00,5.00
20.860,12.000,12.000,0.000,2438.476,0.000,0.000,0.000,0.000,0.000,116983.1,0.891,1.00,5.00
20.870,12.000,12.000,0.000,2438.476,0.000,0.000,0.000,0.000,0.000,116983.1,0.891,1.00,5.00
20.880,12.000,12.000,0.000,2438.476,0.000,0.000,0.000,0.000,0.000,116983.1,0.891,1.00,5.00
20.890,12.000,12.000,0.000,2438.476,0.000,0.000,0.000,0.000,0.000,116983.1,0.891,1.00,5.00
20.900,12.000,12.000,0.000,2438.476,0.000,0.000,0.000,0.000,0.000,116983.1,0.891,1.00,5.00
20.910,12.000,12.000,0.000,2438.476,0.000,0.000,0.000,0.000,0.000,116983.1,0.891,1.00,5.00
20.920,12.000,12.000,0.000,2438.476,0.000,0.000,0.000,0.000,0.000,116983.1,0.891,1.00,5.00
20.930,12.000,12.000,0.000,2438.476,0.000,0.000,0.000,0.000,0.000,116983.1,0.891,1.00,5.00
20.940,12.000,12.000,0.000,2438.476,0.000,0.000,0.000,0.000,0.000,116983.1,0.891,1.00,5.00
20.950,12.000,12.000,0.000,2438.476,0.000,0.000,0.000,0.000,0.000,116983.1,0.891,1.00,5.00
20.960,12.000,12.000,0.000,2438.476,0.000,0.000,0.000,0.000,0.000,116983.1,0.891,1.00,5.00
20.970,12.000,12.000,0.000,2438.476,0.000,0.000,0.000,0.000,0.000,116983.1,0.891,1.00,5.00
20.980,12.000,12.000,0.000,2438.476,0.000,0.000,0.000,0.000,0.000,116983.1,0.891,1.00,5.00
20.990,12.000,12.000,0.000,2438.476,0.000,0.000,0.000,0.000,0.000,116983.1,0.891,1.00,5.00
21.000,12.000,12.000,0.000,2438.476,0.000,0.000,0.000,0.000,0.000,116983.1,0.891,1.00,5.00
21.010,12.000,12.000,0.000,2438.476,0.000,0.000,0.000,0.000,0.000,116983.1,0.891,1.00,5.00
21.020,12.000,12.000,0.000,2438.476,0.000,0.000,0.000,0.000,0.000,116983.1,0.891,1.00,5.00
21.030,12.000,12.000,0.000,2438.476,0.000,0.000,0.000,0.000,0.000,116983.1,0.891,1.00,5.00
21.040,12.000,12.000,0.000,2438.476,0.000,0.000,0.000,0.000,0.000,116983.1,0.891,1.00,5.00
21.050,12.000,12.000,0.000,2438.476,0.000,0.000,0.000,0.000,0.000,116983.1,0.891,1.00,5.00
21.060,12.000,12.000,0.000,2438.476,0.000,0.000,0.000,0.000,0.000,116983.1,0.891,1.00,5.00
21.070,12.000,12.000,0.000,2438.476,0.000,0.000,0.000,0.000,0.000,116983.1,0.891,1.00,5.00
21.080,12.000,12.000,0.000,2438.476,0.000,0.000,0.000,0.000,0.000,116983.1,0.891,1.00,5.00
21.090,12.000,12.000,0.000,2438.476,0.000,0.000,0.000,0.000,0.000,116983.1,0.891,1.00,5.00
21.100,12.000,12.000,0.000,2438.476,0.000,0.000,0.000,0.000,0.000,116983.1,0.891,1.00,5.00
21.110,12.000,12.000,0.000,2438.476,0.000,0.000,0.000,0.000,0.000,116983.1,0.891,1.00,5.00
21.120,12.000,12.000,0.000,2438.476,0.000,0.000,0.000,0.000,0.000,116983.1,0.891,1.00,5.00
21.130,12.000,12.000,0.000,2438.476,0.000,0.000,0.000,0.000,0.000,116983.1,0.891,1.00,5.00
21.140,12.000,12.000,0.000,2438.476,0.000,0.000,0.000,0.000,0.000,116983.1,0.891,1.00,5.00
21.150,12.000,12.000,0.000,2438.476,0.000,0.000,0.000,0.000,0.000,116983.1,0.891,1.00,5.00
21.160,12.000,12.000,0.000,2438.476,0.000,0.000,0.000,0.000,0.000,116983.1,0.891,1.00,5.00
21.170,12.000,12.000,0.000,2438.476,0.000,0.000,0.000,0.000,0.000,116983.1,0.891,1.00,5.00
21.180,12.000,12.000,0.000,2438.476,0.000,0.000,0.000,0.000,0.000,116983.1,0.891,1.00,5.00
21.190,12.000,12.000,0.000,2438.476,0.000,0.000,0.000,0.000,0.000,116983.1,0.891,1.00,5.00
21.200,12.000,12.000,0.000,2438.476,0.000,0.000,0.000,0.000,0.000,116983.1,0.891,1.00,5.00
21.210,12.000,12.000,0.000,2438.476,0.000,0.000,0.000,0.000,0.000,116983.1,0.891,1.00,5.00
21.220,12.000,12.000,0.000,2438.476,0.000,0.000,0.000,0.000,0.000,116983.1,0.891,1.00,5.00
21.230,12.000,12.000,0.000,2438.476,0.000,0.000,0.000,0.000,0.000,116983.1,0.891,1.00,5.00
21.240,12.000,12.000,0.000,2438.476,0.000,0.000,0.000,0.000,0.000,116983.1,0.891,1.00,5.00
21.250,12.000,12.000,0.000,2438.476,0.000,0.000,0.000,0.000,0.000,116983.1,0.891,1.00,5.00
21.260,12.000,12.000,0.000,2438.476,0.000,0.000,0.000,0.000,0.000,116983.1,0.891,1.00,5.00
21.270,12.000,12.000,0.000,2438.476,0.000,0.000,0.000,0.000,0.000,116983.1,0.891,1.00,5.00
21.280,12.000,12.000,0.000,2438.476,0.000,0.000,0.000,0.000,0.000,116983.1,0.891,1.00,5.00
21.290,12.000,12.000,0.000,2438.476,0.000,0.000,0.000,0.000,0.000,116983.1,0.891,1.00,5.00
21.300,12.000,12.000,0.000,2438.476,0.000,0.000,0.000,0.000,0.000,116983.1,0.891,1.00,5.00
21.310,12.000,12.000,0.000,2438.476,0.000,0.000,0.000,0.000,0.000,116983.1,0.891,1.00,5.00
21.320,12.000,12.000,0.000,2438.476,0.000,0.000,0.000,0.000,0.000,116983.1,0.891,1.00,5.00
21.330,12.000,12.000,0.000,2438.476,0.000,0.000,0.000,0.000,0.000,116983.1,0.891,1.00,5.00
21.340,12.000,12.000,0.000,2438.476,0.000,0.000,0.000,0.000,0.000,116983.1,0.891,1.00,5.00
21.350,12.000,12.000,0.000,2438.476,0.000,0.000,0.000,0.000,0.000,116983.1,0.891,1.00,5.00
21.360,12.000,12.000,0.000,2438.476,0.000,0.000,0.000,0.000,0.000,116983.1,0.891,1.00,5.00
21.370,12.000,12.000,0.000,2438.476,0.000,0.000,0.000,0.000,0.000,116983.1,0.891,1.00,5.00
21.380,12.000,12.000,0.000,2438.476,0.000,0.000,0.000,0.000,0.000,116983.1,0.891,1.00,5.00
21.390,12.000,12.000,0.000,2438.476,0.000,0.000,0.000,0.000,0.000,116983.1,0.891,1.00,5.00
21.400,12.000,12.000,0.000,2438.476,0.000,0.000,0.000,0.000,0.000,116983.1,0.891,1.00,5.00
21.410,12.000,12.000,0.000,2438.476,0.000,0.000,0.000,0.000,0.000,116983.1,0.891,1.00,5.00
21.420,12.000,12.000,0.000,2438.476,0.000,0.000,0.000,0.000,0.000,116983.1,0.891,1.00,5.00
21.430,12.000,12.000,0.000,2438.476,0.000,0.000,0.000,0.000,0.000,116983.1,0.891,1.00,5.00
21.440,12.000,12.000,0.000,2438.476,0.000,0.000,0.000,0.000,0.000,116983.1,0.891,1.00,5.00
21.450,12.000,12.000,0.000,2438.476,0.000,0.000,0.000,0.000,0.000,116983.1,0.891,1.00,5.00
21.460,12.000,12.000,0.000,2438.476,0.000,0.000,0.000,0.000,0.000,116983.1,0.891,1.00,5.00
21.470,12.000,12.000,0.000,2438.476,0.000,0.000,0.000,0.000,0.000,116983.1,0.891,1.00,5.00
21.480,12.000,12.000,0.000,2438.476,0.000,0.000,0.000,0.000,0.000,116983.1,0.891,1.00,5.00
21.490,12.000,12.000,0.000,2438.476,0.000,0.000,0.000,0.000,0.000,116983.1,0.891,1.00,5.00
21.500,12.000,12.000,0.000,2438.476,0.000,0.000,0.000,0.000,0.000,116983.1,0.891,1.00,5.00
21.510,12.000,12.000,0.000,2438.476,0.000,0.000,0.000,0.000,0.000,116983.1,0.891,1.00,5.00
21.520,12.000,12.000,0.000,2438.476,0.000,0.000,0.000,0.000,0.000,116983.1,0.891,1.00,5.00
21.530,12.000,12.000,0.000,2438.476,0.000,0.000,0.000,0.000,0.000,116983.1,0.891,1.00,5.00
21.540,12.000,12.000,0.000,2438.476,0.000,0.000,0.000,0.000,0.000,116983.1,0.891,1.00,5.00
21.550,12.000,12.000,0.000,2438.476,0.000,0.000,0.000,0.000,0.000,116983.1,0.891,1.00,5.00
21.560,12.000,12.000,0.000,2438.476,0.000,0.000,0.000,0.000,0.000,116983.1,0.891,1.00,5.00
21.580,12.000,12.000,0.000,2438.476,0.000,0.000,0.000,0.000,0.000,116983.1,0.891,1.00,5.00
21.590,12.000,12.000,0.000,2438.476,0.000,0.000,0.000,0.000,0.000,116983.1,0.891,1.00,5.00
21.600,12.000,12.000,0.000,2438.476,0.000,0.000,0.000,0.000,0.000,116983.1,0.891,1.00,5.00
21.610,12.000,12.000,0.000,2438.476,0.000,0.000,0.000,0.000,0.000,116983.1,0.891,1.00,5.00
21.620,12.000,12.000,0.000,2438.476,0.000,0.000,0.000,0.000,0.000,116983.1,0.891,1.00,5.00
21.630,12.000,12.000,0.000,2438.476,0.000,0.000,0.000,0.000,0.000,116983.1,0.891,1.00,5.00
21.640,12.000,12.000,0.000,2438.476,0.000,0.000,0.000,0.000,0.000,116983.1,0.891,1.00,5.00
21.650,12.000,12.000,0.000,2438.476,0.000,0.000,0.000,0.000,0.000,116983.1,0.891,1.00,5.00
21.660,12.000,12.000,0.000,2438.476,0.000,0.000,0.000,0.000,0.000,116983.1,0.891,1.00,5.00
21.670,12.000,12.000,0.000,2438.476,0.000,0.000,0.000,0.000,0.000,116983.1,0.891,1.00,5.00
21.680,12.000,12.000,0.000,2438.476,0.000,0.000,0.000,0.000,0.000,116983.1,0.891,1.00,5.00
21.690,12.000,12.000,0.000,2438.476,0.000,0.000,0.000,0.000,0.000,116983.1,0.891,1.00,5.00
21.700,12.000,12.000,0.000,2438.476,0.000,0.000,0.000,0.000,0.000,116983.1,0.891,1.00,5.00
21.710,12.000,12.000,0.000,2438.476,0.000,0.000,0.000,0.000,0.000,116983.1,0.891,1.00,5.00
21.720,12.000,12.000,0.000,2438.476,0.000,0.000,0.000,0.000,0.000,116983.1,0.891,1.00,5.00
21.730,12.000,12.000,0.000,2438.476,0.000,0.000,0.000,0.000,0.000,116983.1,0.891,1.00,5.00
21.740,12.000,12.000,0.000,2438.476,0.000,0.000,0.000,0.000,0.000,116983.1,0.891,1.00,5.00
21.750,12.000,12.000,0.000,2438.476,0.000,0.000,0.000,0.000,0.000,116983.1,0.891,1.00,5.00
21.760,12.000,12.000,0.000,2438.476,0.000,0.000,0.000,0.000,0.000,116983.1,0.891,1.00,5.00
21.770,12.000,12.000,0.000,2438.476,0.000,0.000,0.000,0.000,0.000,116983.1,0.891,1.00,5.00
21.780,12.000,12.000,0.000,2438.476,0.000,0.000,0.000,0.000,0.000,116983.1,0.891,1.00,5.00
21.790,12.000,12.000,0.000,2438.476,0.000,0.000,0.000,0.000,0.000,116983.1,0.891,1.00,5.00
21.800,12.000,12.000,0.000,2438.476,0.000,0.000,0.000,0.000,0.000,116983.1,0.891,1.00,5.00
21.810,12.000,12.000,0.000,2438.476,0.000,0.000,0.000,0.000,0.000,116983.1,0.891,1.00,5.00
21.820,12.000,12.000,0.000,2438.476,0.000,0.000,0.000,0.000,0.000,116983.1,0.891,1.00,5.00
21.830,12.000,12.000,0.000,2438.476,0.000,0.000,0.000,0.000,0.000,116983.1,0.891,1.00,5.00
21.840,12.000,12.000,0.000,2438.476,0.000,0.000,0.000,0.000,0.000,116983.1,0.891,1.00,5.00
21.850,12.000,12.000,0.000,2438.476,0.000,0.000,0.000,0.000,0.000,116983.1,0.891,1.00,5.00
21.860,12.000,12.000,0.000,2438.476,0.000,0.000,0.000,0.000,0.000,116983.1,0.891,1.00,5.00
21.870,12.000,12.000,0.000,2438.476,0.000,0.000,0.000,0.000,0.000,116983.1,0.891,1.00,5.00
21.880,12.000,12.000,0.000,2438.476,0.000,0.000,0.000,0.000,0.000,116983.1,0.891,1.00,5.00
21.890,12.000,12.000,0.000,2438.476,0.000,0.000,0.000,0.000,0.000,116983.1,0.891,1.00,5.00
21.900,12.000,12.000,0.000,2438.476,0.000,0.000,0.000,0.000,0.000,116983.1,0.891,1.00,5.00
21.910,12.000,12.000,0.000,2438.476,0.000,0.000,0.000,0.000,0.000,116983.1,0.891,1.00,5.00
21.920,12.000,12.000,0.000,2438.476,0.000,0.000,0.000,0.000,0.000,116983.1,0.891,1.00,5.00
21.930,12.000,12.000,0.000,2438.476,0.000,0.000,0.000,0.000,0.000,116983.1,0.891,1.00,5.00
21.940,12.000,12.000,0.000,2438.476,0.000,0.000,0.000,0.000,0.000,116983.1,0.891,1.00,5.00
21.950,12.000,12.000,0.000,2438.476,0.000,0.000,0.000,0.000,0.000,116983.1,0.891,1.00,5.00
21.960,12.000,12.000,0.000,2438.476,0.000,0.000,0.000,0.000,0.000,116983.1,0.891,1.00,5.00
21.970,12.000,12.000,0.000,2438.476,0.000,0.000,0.000,0.000,0.000,116983.1,0.891,1.00,5.00
21.980,12.000,12.000,0.000,2438.476,0.000,0.000,0.000,0.000,0.000,116983.1,0.891,1.00,5.00
21.990,12.000,12.000,0.000,2438.476,0.000,0.000,0.000,0.000,0.000,116983.1,0.891,1.00,5.00
22.000,12.000,12.000,0.000,2438.476,0.000,0.000,0.000,0.000,0.000,116983.1,0.891,1.00,5.00
22.010,12.000,12.000,0.000,2438.476,0.000,0.000,0.000,0.000,0.000,116983.1,0.891,1.00,5.00
22.020,12.000,12.000,0.000,2438.476,0.000,0.000,0.000,0.000,0.000,116983.1,0.891,1.00,5.00
22.030,12.000,12.000,0.000,2438.476,0.000,0.000,0.000,0.000,0.000,116983.1,0.891,1.00,5.00
22.040,12.000,12.000,0.000,2438.476,0.000,0.000,0.000,0.000,0.000,116983.1,0.891,1.00,5.00
22.050,12.000,12.000,0.000,2438.476,0.000,0.000,0.000,0.000,0.000,116983.1,0.891,1.00,5.00
22.060,12.000,12.000,0.000,2438.476,0.000,0.000,0.000,0.000,0.000,116983.1,0.891,1.00,5.00
22.070,12.000,12.010,-0.010,0.000,34.483,0.000,0.000,0.000,0.000,116979.0,0.819,1.00,5.00
22.080,12.000,12.000,0.000,19982.220,0.000,0.000,0.000,0.000,0.000,116979.0,0.819,1.00,5.00
22.090,12.000,12.000,0.000,2438.265,0.000,0.000,0.000,0.000,0.000,116979.0,0.886,1.00,5.00
22.100,12.000,12.000,0.000,2439.820,0.000,0.000,0.000,0.000,0.000,116995.7,0.922,1.00,5.00
22.110,12.000,12.000,0.000,2439.820,0.000,0.000,0.000,0.000,0.000,116995.7,0.922,1.00,5.00
22.120,12.000,12.000,0.000,2439.820,0.000,0.000,0.000,0.000,0.000,116995.7,0.922,1.00,5.00
22.130,12.000,12.000,0.000,2439.820,0.000,0.000,0.000,0.000,0.000,116995.7,0.922,1.00,5.00
22.140,12.000,12.000,0.000,2439.820,0.000,0.000,0.000,0.000,0.000,116995.7,0.922,1.00,5.00
22.150,12.000,12.000,0.000,2439.820,0.000,0.000,0.000,0.000,0.000,116995.7,0.922,1.00,5.00
22.160,12.000,12.000,0.000,2439.820,0.000,0.000,0.000,0.000,0.000,116995.7,0.922,1.00,5.00
22.170,12.000,12.000,0.000,2439.820,0.000,0.000,0.000,0.000,0.000,116995.7,0.922,1.00,5.00
22.180,12.000,12.000,0.000,2439.820,0.000,0.000,0.000,0.000,0.000,116995.7,0.922,1.00,5.00
22.190,12.000,12.000,0.000,2439.820,0.000,0.000,0.000,0.000,0.000,116995.7,0.922,1.00,5.00
22.200,12.000,12.010,-0.010,0.000,34.485,0.000,0.000,0.000,0.000,116991.6,0.850,1.00,5.00
22.210,12.000,12.010,-0.010,0.000,1.993,0.000,0.000,0.000,0.000,116987.5,0.778,1.00,5.00
22.220,12.000,12.010,-0.010,0.000,1.993,0.000,0.000,0.000,0.000,116987.5,0.773,1.00,5.00
22.230,12.000,12.000,0.000,19984.415,0.000,0.000,0.000,0.000,0.000,116987.5,0.840,1.00,5.00
22.240,12.000,12.000,0.000,2439.183,0.000,0.000,0.000,0.000,0.000,116987.5,0.907,1.00,5.00
22.250,12.000,12.000,0.000,2440.738,0.000,0.000,0.000,0.000,0.000,117004.2,0.943,1.00,5.00
22.260,12.000,12.000,0.000,2440.737,0.000,0.000,0.000,0.000,0.000,117004.2,0.943,1.00,5.00
22.270,12.000,12.000,0.000,2440.737,0.000,0.000,0.000,0.000,0.000,117004.2,0.943,1.00,5.00
22.280,12.000,12.000,0.000,2440.737,0.000,0.000,0.000,0.000,0.000,117004.2,0.943,1.00,5.00
22.290,12.000,12.000,0.000,2440.737,0.000,0.000,0.000,0.000,0.000,117004.2,0.943,1.00,5.00
22.300,12.000,12.000,0.000,2440.737,0.000,0.000,0.000,0.000,0.000,117004.2,0.943,1.00,5.00
22.310,12.000,12.000,0.000,2440.737,0.000,0.000,0.000,0.000,0.000,117004.2,0.943,1.00,5.00
22.320,12.000,12.000,0.000,2440.737,0.000,0.000,0.000,0.000,0.000,117004.2,0.943,1.00,5.00
22.330,12.000,12.000,0.000,2440.737,0.000,0.000,0.000,0.000,0.000,117004.2,0.943,1.00,5.00
22.340,12.000,12.000,0.000,2440.737,0.000,0.000,0.000,0.000,0.000,117004.2,0.943,1.00,5.00
22.350,12.000,12.000,0.000,2440.737,0.000,0.000,0.000,0.000,0.000,117004.2,0.943,1.00,5.00
22.360,12.000,12.000,0.000,2440.737,0.000,0.000,0.000,0.000,0.000,117004.2,0.943,1.00,5.00
22.370,12.000,12.000,0.000,2440.737,0.000,0.000,0.000,0.000,0.000,117004.2,0.943,1.00,5.00
22.380,12.000,12.000,0.000,2440.737,0.000,0.000,0.000,0.000,0.000,117004.2,0.943,1.00,5.00
22.390,12.000,12.000,0.000,2440.737,0.000,0.000,0.000,0.000,0.000,117004.2,0.943,1.00,5.00
22.400,12.000,12.000,0.000,2440.737,0.000,0.000,0.000,0.000,0.000,117004.2,0.943,1.00,5.00
22.410,12.000,12.000,0.000,2440.737,0.000,0.000,0.000,0.000,0.000,117004.2,0.943,1.00,5.00
22.420,12.000,12.000,0.000,2440.737,0.000,0.000,0.000,0.000,0.000,117004.2,0.943,1.00,5.00
22.430,12.000,12.000,0.000,2440.737,0.000,0.000,0.000,0.000,0.000,117004.2,0.943,1.00,5.00
22.440,12.000,12.000,0.000,2440.737,0.000,0.000,0.000,0.000,0.000,117004.2,0.943,1.00,5.00
22.450,12.000,12.000,0.000,2440.737,0.000,0.000,0.000,0.000,0.000,117004.2,0.943,1.00,5.00
22.460,12.000,12.000,0.000,2440.737,0.000,0.000,0.000,0.000,0.000,117004.2,0.943,1.00,5.00
22.470,12.000,12.000,0.000,2440.737,0.000,0.000,0.000,0.000,0.000,117004.2,0.943,1.00,5.00
22.480,12.000,12.000,0.000,2440.737,0.000,0.000,0.000,0.000,0.000,117004.2,0.943,1.00,5.00
22.490,12.000,12.000,0.000,2440.737,0.000,0.000,0.000,0.000,0.000,117004.2,0.943,1.00,5.00
22.500,12.000,12.000,0.000,2440.737,0.000,0.000,0.000,0.000,0.000,117004.2,0.943,1.00,5.00
22.510,12.000,12.000,0.000,2440.737,0.000,0.000,0.000,0.000,0.000,117004.2,0.943,1.00,5.00
22.520,12.000,12.000,0.000,2440.737,0.000,0.000,0.000,0.000,0.000,117004.2,0.943,1.00,5.00
22.530,12.000,12.000,0.000,2440.737,0.000,0.000,0.000,0.000,0.000,117004.2,0.943,1.00,5.00
22.540,12.000,12.000,0.000,2440.737,0.000,0.000,0.000,0.000,0.000,117004.2,0.943,1.00,5.00
22.550,12.000,12.000,0.000,2440.737,0.000,0.000,0.000,0.000,0.000,117004.2,0.943,1.00,5.00
22.560,12.000,12.000,0.000,2440.737,0.000,0.000,0.000,0.000,0.000,117004.2,0.943,1.00,5.00
22.570,12.000,12.000,0.000,2440.737,0.000,0.000,0.000,0.000,0.000,117004.2,0.943,1.00,5.00
22.580,12.000,12.000,0.000,2440.737,0.000,0.000,0.000,0.000,0.000,117004.2,0.943,1.00,5.00
22.590,12.000,12.000,0.000,2440.737,0.000,0.000,0.000,0.000,0.000,117004.2,0.943,1.00,5.00
22.600,12.000,12.000,0.000,2440.737,0.000,0.000,0.000,0.000,0.000,117004.2,0.943,1.00,5.00
22.610,12.000,12.000,0.000,2440.737,0.000,0.000,0.000,0.000,0.000,117004.2,0.943,1.00,5.00
22.620,12.000,12.000,0.000,2440.737,0.000,0.000,0.000,0.000,0.000,117004.2,0.943,1.00,5.00
22.630,12.000,12.000,0.000,2440.737,0.000,0.000,0.000,0.000,0.000,117004.2,0.943,1.00,5.00
22.640,12.000,12.000,0.000,2440.737,0.000,0.000,0.000,0.000,0.000,117004.2,0.943,1.00,5.00
22.650,12.000,12.000,0.000,2440.737,0.000,0.000,0.000,0.000,0.000,117004.2,0.943,1.00,5.00
22.660,12.000,12.000,0.000,2440.737,0.000,0.000,0.000,0.000,0.000,117004.2,0.943,1.00,5.00
22.670,12.000,12.000,0.000,2440.737,0.000,0.000,0.000,0.000,0.000,117004.2,0.943,1.00,5.00
22.680,12.000,12.000,0.000,2440.737,0.000,0.000,0.000,0.000,0.000,117004.2,0.943,1.00,5.00
22.690,12.000,12.000,0.000,2440.737,0.000,0.000,0.000,0.000,0.000,117004.2,0.943,1.00,5.00
22.700,12.000,12.000,0.000,2440.737,0.000,0.000,0.000,0.000,0.000,117004.2,0.943,1.00,5.00
22.710,12.000,12.000,0.000,2440.737,0.000,0.000,0.000,0.000,0.000,117004.2,0.943,1.00,5.00
22.720,12.000,12.000,0.000,2440.737,0.000,0.000,0.000,0.000,0.000,117004.2,0.943,1.00,5.00
22.730,12.000,12.000,0.000,2440.737,0.000,0.000,0.000,0.000,0.000,117004.2,0.943,1.00,5.00
22.740,12.000,12.000,0.000,2440.737,0.000,0.000,0.000,0.000,0.000,117004.2,0.943,1.00,5.00
22.750,12.000,12.000,0.000,2440.737,0.000,0.000,0.000,0.000,0.000,117004.2,0.943,1.00,5.00
22.760,12.000,12.000,0.000,2440.737,0.000,0.000,0.000,0.000,0.000,117004.2,0.943,1.00,5.00
22.770,12.000,12.000,0.000,2440.737,0.000,0.000,0.000,0.000,0.000,117004.2,0.943,1.00,5.00
22.780,12.000,12.000,0.000,2440.737,0.000,0.000,0.000,0.000,0.000,117004.2,0.943,1.00,5.00
22.790,12.000,12.000,0.000,2440.737,0.000,0.000,0.000,0.000,0.000,117004.2,0.943,1.00,5.00
22.800,12.000,12.000,0.000,2440.737,0.000,0.000,0.000,0.000,0.000,117004.2,0.943,1.00,5.00
22.810,12.000,12.000,0.000,2440.737,0.000,0.000,0.000,0.000,0.000,117004.2,0.943,1.00,5.00
22.820,12.000,12.000,0.000,2440.737,0.000,0.000,0.000,0.000,0.000,117004.2,0.943,1.00,5.00
22.830,12.000,12.000,0.000,2440.737,0.000,0.000,0.000,0.000,0.000,117004.2,0.943,1.00,5.00
22.840,12.000,12.000,0.000,2440.737,0.000,0.000,0.000,0.000,0.000,117004.2,0.943,1.00,5.00
22.850,12.000,12.000,0.000,2440.737,0.000,0.000,0.000,0.000,0.000,117004.2,0.943,1.00,5.00
22.860,12.000,12.000,0.000,2440.737,0.000,0.000,0.000,0.000,0.000,117004.2,0.943,1.00,5.00
22.870,12.000,12.000,0.000,2440.737,0.000,0.000,0.000,0.000,0.000,117004.2,0.943,1.00,5.00
22.880,12.000,12.000,0.000,2440.737,0.000,0.000,0.000,0.000,0.000,117004.2,0.943,1.00,5.00
22.890,12.000,12.000,0.000,2440.737,0.000,0.000,0.000,0.000,0.000,117004.2,0.943,1.00,5.00
22.900,12.000,12.000,0.000,2440.737,0.000,0.000,0.000,0.000,0.000,117004.2,0.943,1.00,5.00
22.910,12.000,12.000,0.000,2440.737,0.000,0.000,0.000,0.000,0.000,117004.2,0.943,1.00,5.00
22.920,12.000,12.000,0.000,2440.737,0.000,0.000,0.000,0.000,0.000,117004.2,0.943,1.00,5.00
22.930,12.000,12.000,0.000,2440.737,0.000,0.000,0.000,0.000,0.000,117004.2,0.943,1.00,5.00
22.940,12.000,12.000,0.000,2440.737,0.000,0.000,0.000,0.000,0.000,117004.2,0.943,1.00,5.00
22.950,12.000,12.000,0.000,2440.737,0.000,0.000,0.000,0.000,0.000,117004.2,0.943,1.00,5.00
22.960,12.000,12.000,0.000,2440.737,0.000,0.000,0.000,0.000,0.000,117004.2,0.943,1.00,5.00
22.970,12.000,12.000,0.000,2440.737,0.000,0.000,0.000,0.000,0.000,117004.2,0.943,1.00,5.00
22.980,12.000,12.000,0.000,2440.737,0.000,0.000,0.000,0.000,0.000,117004.2,0.943,1.00,5.00
22.990,12.000,12.000,0.000,2440.737,0.000,0.000,0.000,0.000,0.000,117004.2,0.943,1.00,5.00
23.000,12.000,12.000,0.000,2440.737,0.000,0.000,0.000,0.000,0.000,117004.2,0.943,1.00,5.00
23.010,12.000,12.000,0.000,2440.737,0.000,0.000,0.000,0.000,0.000,117004.2,0.943,1.00,5.00
23.020,12.000,12.000,0.000,2440.737,0.000,0.000,0.000,0.000,0.000,117004.2,0.943,1.00,5.00
23.030,12.000,12.000,0.000,2440.737,0.000,0.000,0.000,0.000,0.000,117004.2,0.943,1.00,5.00
23.040,12.000,12.000,0.000,2440.737,0.000,0.000,0.000,0.000,0.000,117004.2,0.943,1.00,5.00
23.050,12.000,12.000,0.000,2440.737,0.000,0.000,0.000,0.000,0.000,117004.2,0.943,1.00,5.00
23.060,12.000,12.000,0.000,2440.737,0.000,0.000,0.000,0.000,0.000,117004.2,0.943,1.00,5.00
23.070,12.000,12.000,0.000,2440.737,0.000,0.000,0.000,0.000,0.000,117004.2,0.943,1.00,5.00
23.080,12.000,12.000,0.000,2440.737,0.000,0.000,0.000,0.000,0.000,117004.2,0.943,1.00,5.00
23.090,12.000,12.000,0.000,2440.737,0.000,0.000,0.000,0.000,0.000,117004.2,0.943,1.00,5.00
23.100,12.000,12.000,0.000,2440.737,0.000,0.000,0.000,0.000,0.000,117004.2,0.943,1.00,5.00
23.110,12.000,12.000,0.000,2440.737,0.000,0.000,0.000,0.000,0.000,117004.2,0.943,1.00,5.00
23.120,12.000,12.000,0.000,2440.737,0.000,0.000,0.000,0.000,0.000,117004.2,0.943,1.00,5.00
23.130,12.000,12.000,0.000,2440.737,0.000,0.000,0.000,0.000,0.000,117004.2,0.943,1.00,5.00
23.140,12.000,12.000,0.000,2440.737,0.000,0.000,0.000,0.000,0.000,117004.2,0.943,1.00,5.00
23.150,12.000,12.000,0.000,2440.737,0.000,0.000,0.000,0.000,0.000,117004.2,0.943,1.00,5.00
23.160,12.000,12.000,0.000,2440.737,0.000,0.000,0.000,0.000,0.000,117004.2,0.943,1.00,5.00
23.170,12.000,12.000,0.000,2440.737,0.000,0.000,0.000,0.000,0.000,117004.2,0.943,1.00,5.00
23.180,12.000,12.000,0.000,2440.737,0.000,0.000,0.000,0.000,0.000,117004.2,0.943,1.00,5.00
23.190,12.000,12.000,0.000,2440.737,0.000,0.000,0.000,0.000,0.000,117004.2,0.943,1.00,5.00
23.200,12.000,12.000,0.000,2440.737,0.000,0.000,0.000,0.000,0.000,117004.2,0.943,1.00,5.00
23.210,12.000,12.000,0.000,2440.737,0.000,0.000,0.000,0.000,0.000,117004.2,0.943,1.00,5.00
23.220,12.000,12.000,0.000,2440.737,0.000,0.000,0.000,0.000,0.000,117004.2,0.943,1.00,5.00
23.230,12.000,12.000,0.000,2440.737,0.000,0.000,0.000,0.000,0.000,117004.2,0.943,1.00,5.00
23.240,12.000,12.000,0.000,2440.737,0.000,0.000,0.000,0.000,0.000,117004.2,0.943,1.00,5.00
23.250,12.000,12.000,0.000,2440.737,0.000,0.000,0.000,0.000,0.000,117004.2,0.943,1.00,5.00
23.260,12.000,12.000,0.000,2440.737,0.000,0.000,0.000,0.000,0.000,117004.2,0.943,1.00,5.00
23.270,12.000,12.000,0.000,2440.737,0.000,0.000,0.000,0.000,0.000,117004.2,0.943,1.00,5.00
23.280,12.000,12.000,0.000,2440.737,0.000,0.000,0.000,0.000,0.000,117004.2,0.943,1.00,5.00
23.290,12.000,12.000,0.000,2440.737,0.000,0.000,0.000,0.000,0.000,117004.2,0.943,1.00,5.00
23.300,12.000,12.000,0.000,2440.737,0.000,0.000,0.000,0.000,0.000,117004.2,0.943,1.00,5.00
23.310,12.000,12.000,0.000,2440.737,0.000,0.000,0.000,0.000,0.000,117004.2,0.943,1.00,5.00
23.320,12.000,12.000,0.000,2440.737,0.000,0.000,0.000,0.000,0.000,117004.2,0.943,1.00,5.00
23.330,12.000,12.000,0.000,2440.737,0.000,0.000,0.000,0.000,0.000,117004.2,0.943,1.00,5.00
23.340,12.000,12.000,0.000,2440.737,0.000,0.000,0.000,0.000,0.000,117004.2,0.943,1.00,5.00
23.350,12.000,12.000,0.000,2440.737,0.000,0.000,0.000,0.000,0.000,117004.2,0.943,1.00,5.00
23.360,12.000,12.000,0.000,2440.737,0.000,0.000,0.000,0.000,0.000,117004.2,0.943,1.00,5.00
23.370,12.000,12.000,0.000,2440.737,0.000,0.000,0.000,0.000,0.000,117004.2,0.943,1.00,5.00
23.380,12.000,12.000,0.000,2440.737,0.000,0.000,0.000,0.000,0.000,117004.2,0.943,1.00,5.00
23.390,12.000,12.000,0.000,2440.737,0.000,0.000,0.000,0.000,0.000,117004.2,0.943,1.00,5.00
23.400,12.000,12.000,0.000,2440.737,0.000,0.000,0.000,0.000,0.000,117004.2,0.943,1.00,5.00
23.410,12.000,12.000,0.000,2440.737,0.000,0.000,0.000,0.000,0.000,117004.2,0.943,1.00,5.00
23.420,12.000,12.000,0.000,2440.737,0.000,0.000,0.000,0.000,0.000,117004.2,0.943,1.00,5.00
23.430,12.000,12.000,0.000,2440.737,0.000,0.000,0.000,0.000,0.000,117004.2,0.943,1.00,5.00
23.440,12.000,12.000,0.000,2440.737,0.000,0.000,0.000,0.000,0.000,117004.2,0.943,1.00,5.00
23.450,12.000,12.000,0.000,2440.737,0.000,0.000,0.000,0.000,0.000,117004.2,0.943,1.00,5.00
23.460,12.000,12.000,0.000,2440.737,0.000,0.000,0.000,0.000,0.000,117004.2,0.943,1.00,5.00
23.470,12.000,12.000,0.000,2440.737,0.000,0.000,0.000,0.000,0.000,117004.2,0.943,1.00,5.00
23.480,12.000,12.000,0.000,2440.737,0.000,0.000,0.000,0.000,0.000,117004.2,0.943,1.00,5.00
23.490,12.000,12.000,0.000,2440.737,0.000,0.000,0.000,0.000,0.000,117004.2,0.943,1.00,5.00
23.500,12.000,12.000,0.000,2440.737,0.000,0.000,0.000,0.000,0.000,117004.2,0.943,1.00,5.00
23.510,12.000,12.000,0.000,2440.737,0.000,0.000,0.000,0.000,0.000,117004.2,0.943,1.00,5.00
23.520,12.000,12.000,0.000,2440.737,0.000,0.000,0.000,0.000,0.000,117004.2,0.943,1.00,5.00
23.530,12.000,12.000,0.000,2440.737,0.000,0.000,0.000,0.000,0.000,117004.2,0.943,1.00,5.00
23.540,12.000,12.000,0.000,2440.737,0.000,0.000,0.000,0.000,0.000,117004.2,0.943,1.00,5.00
23.550,12.000,12.000,0.000,2440.737,0.000,0.000,0.000,0.000,0.000,117004.2,0.943,1.00,5.00
23.560,12.000,12.000,0.000,2440.737,0.000,0.000,0.000,0.000,0.000,117004.2,0.943,1.00,5.00
23.570,12.000,12.000,0.000,2440.737,0.000,0.000,0.000,0.000,0.000,117004.2,0.943,1.00,5.00
23.580,12.000,12.000,0.000,2440.737,0.000,0.000,0.000,0.000,0.000,117004.2,0.943,1.00,5.00
23.590,12.000,12.000,0.000,2440.737,0.000,0.000,0.000,0.000,0.000,117004.2,0.943,1.00,5.00
23.600,12.000,12.000,0.000,2440.737,0.000,0.000,0.000,0.000,0.000,117004.2,0.943,1.00,5.00
23.610,12.000,12.000,0.000,2440.737,0.000,0.000,0.000,0.000,0.000,117004.2,0.943,1.00,5.00
23.620,12.000,12.000,0.000,2440.737,0.000,0.000,0.000,0.000,0.000,117004.2,0.943,1.00,5.00
23.630,12.000,12.000,0.000,2440.737,0.000,0.000,0.000,0.000,0.000,117004.2,0.943,1.00,5.00
23.640,12.000,12.000,0.000,2440.737,0.000,0.000,0.000,0.000,0.000,117004.2,0.943,1.00,5.00
23.650,12.000,12.000,0.000,2440.737,0.000,0.000,0.000,0.000,0.000,117004.2,0.943,1.00,5.00
23.660,12.000,12.000,0.000,2440.737,0.000,0.000,0.000,0.000,0.000,117004.2,0.943,1.00,5.00
23.670,12.000,12.000,0.000,2440.737,0.000,0.000,0.000,0.000,0.000,117004.2,0.943,1.00,5.00
23.680,12.000,12.000,0.000,2440.737,0.000,0.000,0.000,0.000,0.000,117004.2,0.943,1.00,5.00
23.690,12.000,12.000,0.000,2440.737,0.000,0.000,0.000,0.000,0.000,117004.2,0.943,1.00,5.00
23.700,12.000,12.000,0.000,2440.737,0.000,0.000,0.000,0.000,0.000,117004.2,0.943,1.00,5.00
23.710,12.000,12.000,0.000,2440.737,0.000,0.000,0.000,0.000,0.000,117004.2,0.943,1.00,5.00
23.720,12.000,12.000,0.000,2440.737,0.000,0.000,0.000,0.000,0.000,117004.2,0.943,1.00,5.00
23.730,12.000,12.000,0.000,2440.737,0.000,0.000,0.000,0.000,0.000,117004.2,0.943,1.00,5.00
23.740,12.000,12.000,0.000,2440.737,0.000,0.000,0.000,0.000,0.000,117004.2,0.943,1.00,5.00
23.750,12.000,12.000,0.000,2440.737,0.000,0.000,0.000,0.000,0.000,117004.2,0.943,1.00,5.00
23.760,12.000,12.000,0.000,2440.737,0.000,0.000,0.000,0.000,0.000,117004.2,0.943,1.00,5.00
23.770,12.000,12.000,0.000,2440.737,0.000,0.000,0.000,0.000,0.000,117004.2,0.943,1.00,5.00
23.780,12.000,12.000,0.000,2440.737,0.000,0.000,0.000,0.000,0.000,117004.2,0.943,1.00,5.00
23.790,12.000,12.000,0.000,2440.737,0.000,0.000,0.000,0.000,0.000,117004.2,0.943,1.00,5.00
23.800,12.000,12.000,0.000,2440.737,0.000,0.000,0.000,0.000,0.000,117004.2,0.943,1.00,5.00
23.810,12.000,12.000,0.000,2440.737,0.000,0.000,0.000,0.000,0.000,117004.2,0.943,1.00,5.00
23.820,12.000,12.000,0.000,2440.737,0.000,0.000,0.000,0.000,0.000,117004.2,0.943,1.00,5.00
23.830,12.000,12.000,0.000,2440.737,0.000,0.000,0.000,0.000,0.000,117004.2,0.943,1.00,5.00
23.840,12.000,12.000,0.000,2440.737,0.000,0.000,0.000,0.000,0.000,117004.2,0.943,1.00,5.00
23.850,12.000,12.000,0.000,2440.737,0.000,0.000,0.000,0.000,0.000,117004.2,0.943,1.00,5.00
23.860,12.000,12.000,0.000,2440.737,0.000,0.000,0.000,0.000,0.000,117004.2,0.943,1.00,5.00
23.870,12.000,12.000,0.000,2440.737,0.000,0.000,0.000,0.000,0.000,117004.2,0.943,1.00,5.00
23.880,12.000,12.000,0.000,2440.737,0.000,0.000,0.000,0.000,0.000,117004.2,0.943,1.00,5.00
23.890,12.000,12.000,0.000,2440.737,0.000,0.000,0.000,0.000,0.000,117004.2,0.943,1.00,5.00
23.900,12.000,12.000,0.000,2440.737,0.000,0.000,0.000,0.000,0.000,117004.2,0.943,1.00,5.00
23.910,12.000,12.000,0.000,2440.737,0.000,0.000,0.000,0.000,0.000,117004.2,0.943,1.00,5.00
23.920,12.000,12.000,0.000,2440.737,0.000,0.000,0.000,0.000,0.000,117004.2,0.943,1.00,5.00
23.930,12.000,12.000,0.000,2440.737,0.000,0.000,0.000,0.000,0.000,117004.2,0.943,1.00,5.00
23.940,12.000,12.000,0.000,2440.737,0.000,0.000,0.000,0.000,0.000,117004.2,0.943,1.00,5.00
23.950,12.000,12.000,0.000,2440.737,0.000,0.000,0.000,0.000,0.000,117004.2,0.943,1.00,5.00
23.960,12.000,12.000,0.000,2440.737,0.000,0.000,0.000,0.000,0.000,117004.2,0.943,1.00,5.00
23.970,12.000,12.000,0.000,2440.737,0.000,0.000,0.000,0.000,0.000,117004.2,0.943,1.00,5.00
23.980,12.000,12.000,0.000,2440.737,0.000,0.000,0.000,0.000,0.000,117004.2,0.943,1.00,5.00
23.990,12.000,12.000,0.000,2440.737,0.000,0.000,0.000,0.000,0.000,117004.2,0.943,1.00,5.00
24.000,12.000,12.000,0.000,2440.737,0.000,0.000,0.000,0.000,0.000,117004.2,0.943,1.00,5.00
24.010,12.000,12.000,0.000,2440.737,0.000,0.000,0.000,0.000,0.000,117004.2,0.943,1.00,5.00
24.020,12.000,12.000,0.000,2440.737,0.000,0.000,0.000,0.000,0.000,117004.2,0.943,1.00,5.00
24.030,12.000,12.000,0.000,2440.737,0.000,0.000,0.000,0.000,0.000,117004.2,0.943,1.00,5.00
24.040,12.000,12.000,0.000,2440.737,0.000,0.000,0.000,0.000,0.000,117004.2,0.943,1.00,5.00
24.050,12.000,12.000,0.000,2440.737,0.000,0.000,0.000,0.000,0.000,117004.2,0.943,1.00,5.00
24.060,12.000,12.000,0.000,2440.737,0.000,0.000,0.000,0.000,0.000,117004.2,0.943,1.00,5.00
24.070,12.000,12.000,0.000,2440.737,0.000,0.000,0.000,0.000,0.000,117004.2,0.943,1.00,5.00
24.080,12.000,12.000,0.000,2440.737,0.000,0.000,0.000,0.000,0.000,117004.2,0.943,1.00,5.00
24.090,12.000,12.000,0.000,2440.737,0.000,0.000,0.000,0.000,0.000,117004.2,0.943,1.00,5.00
24.100,12.000,12.000,0.000,2440.737,0.000,0.000,0.000,0.000,0.000,117004.2,0.943,1.00,5.00
24.110,12.000,12.000,0.000,2440.737,0.000,0.000,0.000,0.000,0.000,117004.2,0.943,1.00,5.00
24.120,12.000,12.000,0.000,2440.737,0.000,0.000,0.000,0.000,0.000,117004.2,0.943,1.00,5.00
24.130,12.000,12.000,0.000,2440.737,0.000,0.000,0.000,0.000,0.000,117004.2,0.943,1.00,5.00
24.140,12.000,12.000,0.000,2440.737,0.000,0.000,0.000,0.000,0.000,117004.2,0.943,1.00,5.00
24.150,12.000,12.000,0.000,2440.737,0.000,0.000,0.000,0.000,0.000,117004.2,0.943,1.00,5.00
24.160,12.000,12.000,0.000,2440.737,0.000,0.000,0.000,0.000,0.000,117004.2,0.943,1.00,5.00
24.170,12.000,12.000,0.000,2440.737,0.000,0.000,0.000,0.000,0.000,117004.2,0.943,1.00,5.00
24.180,12.000,12.000,0.000,2440.737,0.000,0.000,0.000,0.000,0.000,117004.2,0.943,1.00,5.00
24.190,12.000,12.000,0.000,2440.737,0.000,0.000,0.000,0.000,0.000,117004.2,0.943,1.00,5.00
24.200,12.000,12.000,0.000,2440.737,0.000,0.000,0.000,0.000,0.000,117004.2,0.943,1.00,5.00
24.210,12.000,12.000,0.000,2440.737,0.000,0.000,0.000,0.000,0.000,117004.2,0.943,1.00,5.00
24.220,12.000,12.000,0.000,2440.737,0.000,0.000,0.000,0.000,0.000,117004.2,0.943,1.00,5.00
24.230,12.000,12.000,0.000,2440.737,0.000,0.000,0.000,0.000,0.000,117004.2,0.943,1.00,5.00
24.240,12.000,12.000,0.000,2440.737,0.000,0.000,0.000,0.000,0.000,117004.2,0.943,1.00,5.00
24.250,12.000,12.000,0.000,2440.737,0.000,0.000,0.000,0.000,0.000,117004.2,0.943,1.00,5.00
24.260,12.000,12.000,0.000,2440.737,0.000,0.000,0.000,0.000,0.000,117004.2,0.943,1.00,5.00
24.270,12.000,12.000,0.000,2440.737,0.000,0.000,0.000,0.000,0.000,117004.2,0.943,1.00,5.00
24.280,12.000,12.000,0.000,2440.737,0.000,0.000,0.000,0.000,0.000,117004.2,0.943,1.00,5.00
24.290,12.000,12.000,0.000,2440.737,0.000,0.000,0.000,0.000,0.000,117004.2,0.943,1.00,5.00
24.300,12.000,12.000,0.000,2440.737,0.000,0.000,0.000,0.000,0.000,117004.2,0.943,1.00,5.00
24.310,12.000,12.000,0.000,2440.737,0.000,0.000,0.000,0.000,0.000,117004.2,0.943,1.00,5.00
24.320,12.000,12.000,0.000,2440.737,0.000,0.000,0.000,0.000,0.000,117004.2,0.943,1.00,5.00
24.330,12.000,12.000,0.000,2440.737,0.000,0.000,0.000,0.000,0.000,117004.2,0.943,1.00,5.00
24.340,12.000,12.000,0.000,2440.737,0.000,0.000,0.000,0.000,0.000,117004.2,0.943,1.00,5.00
24.350,12.000,12.000,0.000,2440.737,0.000,0.000,0.000,0.000,0.000,117004.2,0.943,1.00,5.00
24.360,12.000,12.000,0.000,2440.737,0.000,0.000,0.000,0.000,0.000,117004.2,0.943,1.00,5.00
24.370,12.000,12.000,0.000,2440.737,0.000,0.000,0.000,0.000,0.000,117004.2,0.943,1.00,5.00
24.380,12.000,12.000,0.000,2440.737,0.000,0.000,0.000,0.000,0.000,117004.2,0.943,1.00,5.00
24.390,12.000,12.000,0.000,2440.737,0.000,0.000,0.000,0.000,0.000,117004.2,0.943,1.00,5.00
24.400,12.000,12.000,0.000,2440.737,0.000,0.000,0.000,0.000,0.000,117004.2,0.943,1.00,5.00
24.410,12.000,12.000,0.000,2440.737,0.000,0.000,0.000,0.000,0.000,117004.2,0.943,1.00,5.00
24.420,12.000,12.000,0.000,2440.737,0.000,0.000,0.000,0.000,0.000,117004.2,0.943,1.00,5.00
24.430,12.000,12.000,0.000,2440.737,0.000,0.000,0.000,0.000,0.000,117004.2,0.943,1.00,5.00
24.440,12.000,12.000,0.000,2440.737,0.000,0.000,0.000,0.000,0.000,117004.2,0.943,1.00,5.00
24.450,12.000,12.000,0.000,2440.737,0.000,0.000,0.000,0.000,0.000,117004.2,0.943,1.00,5.00
24.460,12.000,12.000,0.000,2440.737,0.000,0.000,0.000,0.000,0.000,117004.2,0.943,1.00,5.00
24.470,12.000,12.000,0.000,2440.737,0.000,0.000,0.000,0.000,0.000,117004.2,0.943,1.00,5.00
24.480,12.000,12.000,0.000,2440.737,0.000,0.000,0.000,0.000,0.000,117004.2,0.943,1.00,5.00
24.490,12.000,12.000,0.000,2440.737,0.000,0.000,0.000,0.000,0.000,117004.2,0.943,1.00,5.00
24.500,12.000,12.000,0.000,2440.737,0.000,0.000,0.000,0.000,0.000,117004.2,0.943,1.00,5.00
24.510,12.000,12.000,0.000,2440.737,0.000,0.000,0.000,0.000,0.000,117004.2,0.943,1.00,5.00
24.520,12.000,12.000,0.000,2440.737,0.000,0.000,0.000,0.000,0.000,117004.2,0.943,1.00,5.00
24.530,12.000,12.000,0.000,2440.737,0.000,0.000,0.000,0.000,0.000,117004.2,0.943,1.00,5.00
24.540,12.000,12.000,0.000,2440.737,0.000,0.000,0.000,0.000,0.000,117004.2,0.943,1.00,5.00
24.550,12.000,12.000,0.000,2440.737,0.000,0.000,0.000,0.000,0.000,117004.2,0.943,1.00,5.00
24.560,12.000,12.000,0.000,2440.737,0.000,0.000,0.000,0.000,0.000,117004.2,0.943,1.00,5.00
24.570,12.000,12.000,0.000,2440.737,0.000,0.000,0.000,0.000,0.000,117004.2,0.943,1.00,5.00
24.580,12.000,12.000,0.000,2440.737,0.000,0.000,0.000,0.000,0.000,117004.2,0.943,1.00,5.00
24.590,12.000,12.000,0.000,2440.737,0.000,0.000,0.000,0.000,0.000,117004.2,0.943,1.00,5.00
24.600,12.000,12.000,0.000,2440.737,0.000,0.000,0.000,0.000,0.000,117004.2,0.943,1.00,5.00
24.610,12.000,12.000,0.000,2440.737,0.000,0.000,0.000,0.000,0.000,117004.2,0.943,1.00,5.00
24.620,12.000,12.000,0.000,2440.737,0.000,0.000,0.000,0.000,0.000,117004.2,0.943,1.00,5.00
24.630,12.000,12.000,0.000,2440.737,0.000,0.000,0.000,0.000,0.000,117004.2,0.943,1.00,5.00
24.640,12.000,12.000,0.000,2440.737,0.000,0.000,0.000,0.000,0.000,117004.2,0.943,1.00,5.00
24.650,12.000,12.000,0.000,2440.737,0.000,0.000,0.000,0.000,0.000,117004.2,0.943,1.00,5.00
24.660,12.000,12.000,0.000,2440.737,0.000,0.000,0.000,0.000,0.000,117004.2,0.943,1.00,5.00
24.670,12.000,12.000,0.000,2440.737,0.000,0.000,0.000,0.000,0.000,117004.2,0.943,1.00,5.00
24.680,12.000,12.000,0.000,2440.737,0.000,0.000,0.000,0.000,0.000,117004.2,0.943,1.00,5.00
24.690,12.000,12.000,0.000,2440.737,0.000,0.000,0.000,0.000,0.000,117004.2,0.943,1.00,5.00
24.700,12.000,12.000,0.000,2440.737,0.000,0.000,0.000,0.000,0.000,117004.2,0.943,1.00,5.00
24.710,12.000,12.000,0.000,2440.737,0.000,0.000,0.000,0.000,0.000,117004.2,0.943,1.00,5.00
24.720,12.000,12.000,0.000,2440.737,0.000,0.000,0.000,0.000,0.000,117004.2,0.943,1.00,5.00
24.730,12.000,12.000,0.000,2440.737,0.000,0.000,0.000,0.000,0.000,117004.2,0.943,1.00,5.00
24.740,12.000,12.000,0.000,2440.737,0.000,0.000,0.000,0.000,0.000,117004.2,0.943,1.00,5.00
24.750,12.000,12.000,0.000,2440.737,0.000,0.000,0.000,0.000,0.000,117004.2,0.943,1.00,5.00
24.760,12.000,12.000,0.000,2440.737,0.000,0.000,0.000,0.000,0.000,117004.2,0.943,1.00,5.00
24.770,12.000,12.000,0.000,2440.737,0.000,0.000,0.000,0.000,0.000,117004.2,0.943,1.00,5.00
24.780,12.000,12.010,-0.010,0.000,34.486,0.000,0.000,0.000,0.000,117000.1,0.871,1.00,5.00
24.790,12.000,12.000,0.000,19987.646,0.000,0.000,0.000,0.000,0.000,117000.1,0.871,1.00,5.00
24.800,12.000,12.000,0.000,2440.526,0.000,0.000,0.000,0.000,0.000,117000.1,0.938,1.00,5.00
24.810,12.000,12.000,0.000,2442.081,0.000,0.000,0.000,0.000,0.000,117016.8,0.974,1.00,5.00
24.820,12.000,12.000,0.000,2442.081,0.000,0.000,0.000,0.000,0.000,117016.8,0.974,1.00,5.00
24.830,12.000,12.000,0.000,2442.081,0.000,0.000,0.000,0.000,0.000,117016.8,0.974,1.00,5.00
24.840,12.000,12.000,0.000,2442.081,0.000,0.000,0.000,0.000,0.000,117016.8,0.974,1.00,5.00
24.850,12.000,12.000,0.000,2442.081,0.000,0.000,0.000,0.000,0.000,117016.8,0.974,1.00,5.00
24.860,12.000,12.000,0.000,2442.081,0.000,0.000,0.000,0.000,0.000,117016.8,0.974,1.00,5.00
24.870,12.000,12.000,0.000,2442.081,0.000,0.000,0.000,0.000,0.000,117016.8,0.974,1.00,5.00
24.880,12.000,12.000,0.000,2442.081,0.000,0.000,0.000,0.000,0.000,117016.8,0.974,1.00,5.00
24.890,12.000,12.000,0.000,2442.081,0.000,0.000,0.000,0.000,0.000,117016.8,0.974,1.00,5.00
24.900,12.000,12.000,0.000,2442.081,0.000,0.000,0.000,0.000,0.000,117016.8,0.974,1.00,5.00
24.910,12.000,12.000,0.000,2442.081,0.000,0.000,0.000,0.000,0.000,117016.8,0.974,1.00,5.00
24.920,12.000,12.010,-0.010,0.000,34.488,0.000,0.000,0.000,0.000,117012.7,0.902,1.00,5.00
24.930,12.000,12.010,-0.010,0.000,1.990,0.000,0.000,0.000,0.000,117008.6,0.830,1.00,5.00
24.940,12.000,12.010,-0.010,0.000,1.990,0.000,0.000,0.000,0.000,117008.6,0.825,1.00,5.00
24.950,12.000,12.010,-0.010,0.000,1.990,0.000,0.000,0.000,0.000,117008.6,0.820,1.00,5.00
24.960,12.000,12.000,0.000,19989.624,0.000,0.000,0.000,0.000,0.000,117008.6,0.887,1.00,5.00
24.970,12.000,11.990,0.010,23505.824,0.000,0.000,0.000,0.000,0.000,117008.6,1.026,1.00,5.00
24.980,12.000,12.000,0.000,0.000,27.978,0.000,0.000,0.000,0.000,117025.3,1.062,1.00,5.00
24.990,12.000,11.990,0.010,23516.463,0.000,0.000,0.000,0.000,0.000,117048.8,1.106,1.00,5.00
25.000,12.000,11.990,0.010,5962.033,0.000,0.000,0.000,0.000,0.000,117048.8,1.173,1.00,-5.00
25.010,12.000,12.000,0.000,0.000,27.973,0.000,0.000,0.000,0.000,117033.1,1.144,1.00,-5.00
25.020,12.000,12.000,0.000,2446.617,0.000,0.000,0.000,0.000,0.000,117024.2,1.079,1.00,-5.00
25.030,12.000,11.990,0.010,23513.779,0.000,0.000,0.000,0.000,0.000,117024.2,1.146,1.00,-5.00
25.040,12.000,12.000,0.000,0.000,27.971,0.000,0.000,0.000,0.000,117024.2,1.146,1.00,-5.00
25.050,12.000,12.000,0.000,2448.268,0.000,0.000,0.000,0.000,0.000,117008.5,1.117,1.00,-5.00
25.060,12.000,11.990,0.010,23512.605,0.000,0.000,0.000,0.000,0.000,117008.5,1.184,1.00,-5.00
25.070,12.000,12.000,0.000,0.000,27.963,0.000,0.000,0.000,0.000,117008.5,1.184,1.00,-5.00
25.080,12.000,11.990,0.010,23518.697,0.000,0.000,0.000,0.000,0.000,117032.0,1.227,1.00,-5.00
25.090,12.000,12.000,0.000,0.000,27.967,0.000,0.000,0.000,0.000,117032.0,1.222,1.00,-5.00
25.100,12.000,12.000,0.000,2451.565,0.000,0.000,0.000,0.000,0.000,117016.3,1.194,1.00,-5.00
25.110,12.000,11.990,0.010,23517.306,0.000,0.000,0.000,0.000,0.000,117016.3,1.261,1.00,-5.00
25.120,12.000,11.990,0.010,5968.085,0.000,0.000,0.000,0.000,0.000,117020.4,1.333,1.00,-5.00
25.130,12.000,11.990,0.010,5970.650,0.000,0.000,0.000,0.000,0.000,117043.9,1.376,1.00,-5.00
25.140,12.000,12.000,0.000,0.000,27.960,0.000,0.000,0.000,0.000,117035.0,1.311,1.00,-5.00
25.150,12.000,11.990,0.010,23523.327,0.000,0.000,0.000,0.000,0.000,117036.0,1.318,1.00,-5.00
25.160,12.000,11.990,0.010,5970.819,0.000,0.000,0.000,0.000,0.000,117036.0,1.385,1.00,-5.00
25.170,12.000,11.990,0.010,5973.384,0.000,0.000,0.000,0.000,0.000,117059.5,1.428,1.00,-5.00
25.180,12.000,12.000,0.000,0.000,27.961,0.000,0.000,0.000,0.000,117050.5,1.364,1.00,-5.00
25.190,12.000,12.000,0.000,2456.113,0.000,0.000,0.000,0.000,0.000,117041.6,1.299,1.00,-5.00
25.200,12.000,12.000,0.000,2455.896,0.000,0.000,0.000,0.000,0.000,117041.6,1.294,1.00,-5.00
25.210,12.000,12.000,0.000,2455.896,0.000,0.000,0.000,0.000,0.000,117041.6,1.294,1.00,-5.00
25.220,12.000,12.000,0.000,2455.896,0.000,0.000,0.000,0.000,0.000,117041.6,1.294,1.00,-5.00
25.230,12.000,12.000,0.000,2455.896,0.000,0.000,0.000,0.000,0.000,117041.6,1.294,1.00,-5.00
25.240,12.000,12.000,0.000,2455.896,0.000,0.000,0.000,0.000,0.000,117041.6,1.294,1.00,-5.00
25.250,12.000,12.000,0.000,2455.896,0.000,0.000,0.000,0.000,0.000,117041.6,1.294,1.00,-5.00
25.260,12.000,12.000,0.000,2455.896,0.000,0.000,0.000,0.000,0.000,117041.6,1.294,1.00,-5.00
25.270,12.000,12.000,0.000,2455.896,0.000,0.000,0.000,0.000,0.000,117041.6,1.294,1.00,-5.00
25.280,12.000,12.000,0.000,2455.896,0.000,0.000,0.000,0.000,0.000,117041.6,1.294,1.00,-5.00
25.290,12.000,12.000,0.000,2455.896,0.000,0.000,0.000,0.000,0.000,117041.6,1.294,1.00,-5.00
25.300,12.000,12.000,0.000,2455.896,0.000,0.000,0.000,0.000,0.000,117041.6,1.294,1.00,-5.00
25.310,12.000,12.000,0.000,2455.896,0.000,0.000,0.000,0.000,0.000,117041.6,1.294,1.00,-5.00
25.320,12.000,12.000,0.000,2455.896,0.000,0.000,0.000,0.000,0.000,117041.6,1.294,1.00,-5.00
25.330,12.000,12.000,0.000,2455.896,0.000,0.000,0.000,0.000,0.000,117041.6,1.294,1.00,-5.00
25.340,12.000,12.000,0.000,2455.896,0.000,0.000,0.000,0.000,0.000,117041.6,1.294,1.00,-5.00
25.350,12.000,12.000,0.000,2455.896,0.000,0.000,0.000,0.000,0.000,117041.6,1.294,1.00,-5.00
25.360,12.000,12.000,0.000,2455.896,0.000,0.000,0.000,0.000,0.000,117041.6,1.294,1.00,-5.00
25.370,12.000,12.000,0.000,2455.896,0.000,0.000,0.000,0.000,0.000,117041.6,1.294,1.00,-5.00
25.380,12.000,12.000,0.000,2455.896,0.000,0.000,0.000,0.000,0.000,117041.6,1.294,1.00,-5.00
25.390,12.000,12.000,0.000,2455.896,0.000,0.000,0.000,0.000,0.000,117041.6,1.294,1.00,-5.00
25.400,12.000,12.000,0.000,2455.896,0.000,0.000,0.000,0.000,0.000,117041.6,1.294,1.00,-5.00
25.410,12.000,12.000,0.000,2455.896,0.000,0.000,0.000,0.000,0.000,117041.6,1.294,1.00,-5.00
25.420,12.000,12.000,0.000,2455.896,0.000,0.000,0.000,0.000,0.000,117041.6,1.294,1.00,-5.00
25.430,12.000,12.000,0.000,2455.896,0.000,0.000,0.000,0.000,0.000,117041.6,1.294,1.00,-5.00
25.440,12.000,12.000,0.000,2455.896,0.000,0.000,0.000,0.000,0.000,117041.6,1.294,1.00,-5.00
25.450,12.000,12.000,0.000,2455.896,0.000,0.000,0.000,0.000,0.000,117041.6,1.294,1.00,-5.00
25.460,12.000,12.000,0.000,2455.896,0.000,0.000,0.000,0.000,0.000,117041.6,1.294,1.00,-5.00
25.470,12.000,12.000,0.000,2455.896,0.000,0.000,0.000,0.000,0.000,117041.6,1.294,1.00,-5.00
25.480,12.000,12.000,0.000,2455.896,0.000,0.000,0.000,0.000,0.000,117041.6,1.294,1.00,-5.00
25.490,12.000,12.000,0.000,2455.896,0.000,0.000,0.000,0.000,0.000,117041.6,1.294,1.00,-5.00
25.500,12.000,12.000,0.000,2455.896,0.000,0.000,0.000,0.000,0.000,117041.6,1.294,1.00,-5.00
25.510,12.000,12.000,0.000,2455.896,0.000,0.000,0.000,0.000,0.000,117041.6,1.294,1.00,-5.00
25.520,12.000,12.000,0.000,2455.896,0.000,0.000,0.000,0.000,0.000,117041.6,1.294,1.00,-5.00
25.530,12.000,12.000,0.000,2455.896,0.000,0.000,0.000,0.000,0.000,117041.6,1.294,1.00,-5.00
25.540,12.000,12.000,0.000,2455.896,0.000,0.000,0.000,0.000,0.000,117041.6,1.294,1.00,-5.00
25.550,12.000,12.000,0.000,2455.896,0.000,0.000,0.000,0.000,0.000,117041.6,1.294,1.00,-5.00
25.560,12.000,12.000,0.000,2455.896,0.000,0.000,0.000,0.000,0.000,117041.6,1.294,1.00,-5.00
25.570,12.000,12.000,0.000,2455.896,0.000,0.000,0.000,0.000,0.000,117041.6,1.294,1.00,-5.00
25.580,12.000,12.000,0.000,2455.896,0.000,0.000,0.000,0.000,0.000,117041.6,1.294,1.00,-5.00
25.590,12.000,12.000,0.000,2455.896,0.000,0.000,0.000,0.000,0.000,117041.6,1.294,1.00,-5.00
25.600,12.000,12.000,0.000,2455.896,0.000,0.000,0.000,0.000,0.000,117041.6,1.294,1.00,-5.00
25.610,12.000,12.000,0.000,2455.896,0.000,0.000,0.000,0.000,0.000,117041.6,1.294,1.00,-5.00
25.620,12.000,12.000,0.000,2455.896,0.000,0.000,0.000,0.000,0.000,117041.6,1.294,1.00,-5.00
25.630,12.000,12.000,0.000,2455.896,0.000,0.000,0.000,0.000,0.000,117041.6,1.294,1.00,-5.00
25.640,12.000,12.000,0.000,2455.896,0.000,0.000,0.000,0.000,0.000,117041.6,1.294,1.00,-5.00
25.650,12.000,12.000,0.000,2455.896,0.000,0.000,0.000,0.000,0.000,117041.6,1.294,1.00,-5.00
25.660,12.000,12.000,0.000,2455.896,0.000,0.000,0.000,0.000,0.000,117041.6,1.294,1.00,-5.00
25.670,12.000,12.000,0.000,2455.896,0.000,0.000,0.000,0.000,0.000,117041.6,1.294,1.00,-5.00
25.680,12.000,12.000,0.000,2455.896,0.000,0.000,0.000,0.000,0.000,117041.6,1.294,1.00,-5.00
25.690,12.000,12.000,0.000,2455.896,0.000,0.000,0.000,0.000,0.000,117041.6,1.294,1.00,-5.00
25.700,12.000,12.000,0.000,2455.896,0.000,0.000,0.000,0.000,0.000,117041.6,1.294,1.00,-5.00
25.710,12.000,12.000,0.000,2455.896,0.000,0.000,0.000,0.000,0.000,117041.6,1.294,1.00,-5.00
25.720,12.000,12.000,0.000,2455.896,0.000,0.000,0.000,0.000,0.000,117041.6,1.294,1.00,-5.00
25.730,12.000,12.000,0.000,2455.896,0.000,0.000,0.000,0.000,0.000,117041.6,1.294,1.00,-5.00
25.740,12.000,12.000,0.000,2455.896,0.000,0.000,0.000,0.000,0.000,117041.6,1.294,1.00,-5.00
25.750,12.000,12.000,0.000,2455.896,0.000,0.000,0.000,0.000,0.000,117041.6,1.294,1.00,-5.00
25.760,12.000,12.000,0.000,2455.896,0.000,0.000,0.000,0.000,0.000,117041.6,1.294,1.00,-5.00
25.770,12.000,12.000,0.000,2455.896,0.000,0.000,0.000,0.000,0.000,117041.6,1.294,1.00,-5.00
25.780,12.000,12.000,0.000,2455.896,0.000,0.000,0.000,0.000,0.000,117041.6,1.294,1.00,-5.00
25.790,12.000,12.000,0.000,2455.896,0.000,0.000,0.000,0.000,0.000,117041.6,1.294,1.00,-5.00
25.800,12.000,12.000,0.000,2455.896,0.000,0.000,0.000,0.000,0.000,117041.6,1.294,1.00,-5.00
25.810,12.000,12.000,0.000,2455.896,0.000,0.000,0.000,0.000,0.000,117041.6,1.294,1.00,-5.00
25.820,12.000,12.000,0.000,2455.896,0.000,0.000,0.000,0.000,0.000,117041.6,1.294,1.00,-5.00
25.830,12.000,12.000,0.000,2455.896,0.000,0.000,0.000,0.000,0.000,117041.6,1.294,1.00,-5.00
25.840,12.000,12.000,0.000,2455.896,0.000,0.000,0.000,0.000,0.000,117041.6,1.294,1.00,-5.00
25.850,12.000,12.000,0.000,2455.896,0.000,0.000,0.000,0.000,0.000,117041.6,1.294,1.00,-5.00
25.860,12.000,12.000,0.000,2455.896,0.000,0.000,0.000,0.000,0.000,117041.6,1.294,1.00,-5.00
25.870,12.000,12.000,0.000,2455.896,0.000,0.000,0.000,0.000,0.000,117041.6,1.294,1.00,-5.00
25.880,12.000,12.000,0.000,2455.896,0.000,0.000,0.000,0.000,0.000,117041.6,1.294,1.00,-5.00
25.890,12.000,12.000,0.000,2455.896,0.000,0.000,0.000,0.000,0.000,117041.6,1.294,1.00,-5.00
25.900,12.000,12.000,0.000,2455.896,0.000,0.000,0.000,0.000,0.000,117041.6,1.294,1.00,-5.00
25.910,12.000,12.000,0.000,2455.896,0.000,0.000,0.000,0.000,0.000,117041.6,1.294,1.00,-5.00
25.920,12.000,12.000,0.000,2455.896,0.000,0.000,0.000,0.000,0.000,117041.6,1.294,1.00,-5.00
25.930,12.000,12.000,0.000,2455.896,0.000,0.000,0.000,0.000,0.000,117041.6,1.294,1.00,-5.00
25.940,12.000,12.000,0.000,2455.896,0.000,0.000,0.000,0.000,0.000,117041.6,1.294,1.00,-5.00
25.950,12.000,12.000,0.000,2455.896,0.000,0.000,0.000,0.000,0.000,117041.6,1.294,1.00,-5.00
25.960,12.000,12.000,0.000,2455.896,0.000,0.000,0.000,0.000,0.000,117041.6,1.294,1.00,-5.00
25.970,12.000,12.000,0.000,2455.896,0.000,0.000,0.000,0.000,0.000,117041.6,1.294,1.00,-5.00
25.980,12.000,12.000,0.000,2455.896,0.000,0.000,0.000,0.000,0.000,117041.6,1.294,1.00,-5.00
25.990,12.000,12.000,0.000,2455.896,0.000,0.000,0.000,0.000,0.000,117041.6,1.294,1.00,-5.00
26.000,12.000,12.000,0.000,2455.896,0.000,0.000,0.000,0.000,0.000,117041.6,1.294,1.00,-5.00
26.010,12.000,12.000,0.000,2455.896,0.000,0.000,0.000,0.000,0.000,117041.6,1.294,1.00,-5.00
26.020,12.000,12.000,0.000,2455.896,0.000,0.000,0.000,0.000,0.000,117041.6,1.294,1.00,-5.00
26.030,12.000,12.000,0.000,2455.896,0.000,0.000,0.000,0.000,0.000,117041.6,1.294,1.00,-5.00
26.040,12.000,12.000,0.000,2455.896,0.000,0.000,0.000,0.000,0.000,117041.6,1.294,1.00,-5.00
26.050,12.000,12.000,0.000,2455.896,0.000,0.000,0.000,0.000,0.000,117041.6,1.294,1.00,-5.00
26.060,12.000,12.000,0.000,2455.896,0.000,0.000,0.000,0.000,0.000,117041.6,1.294,1.00,-5.00
26.070,12.000,12.000,0.000,2455.896,0.000,0.000,0.000,0.000,0.000,117041.6,1.294,1.00,-5.00
26.080,12.000,12.000,0.000,2455.896,0.000,0.000,0.000,0.000,0.000,117041.6,1.294,1.00,-5.00
26.090,12.000,12.000,0.000,2455.896,0.000,0.000,0.000,0.000,0.000,117041.6,1.294,1.00,-5.00
26.100,12.000,12.000,0.000,2455.896,0.000,0.000,0.000,0.000,0.000,117041.6,1.294,1.00,-5.00
26.110,12.000,12.000,0.000,2455.896,0.000,0.000,0.000,0.000,0.000,117041.6,1.294,1.00,-5.00
26.120,12.000,12.000,0.000,2455.896,0.000,0.000,0.000,0.000,0.000,117041.6,1.294,1.00,-5.00
26.130,12.000,12.000,0.000,2455.896,0.000,0.000,0.000,0.000,0.000,117041.6,1.294,1.00,-5.00
26.140,12.000,12.000,0.000,2455.896,0.000,0.000,0.000,0.000,0.000,117041.6,1.294,1.00,-5.00
26.150,12.000,12.000,0.000,2455.896,0.000,0.000,0.000,0.000,0.000,117041.6,1.294,1.00,-5.00
26.160,12.000,12.000,0.000,2455.896,0.000,0.000,0.000,0.000,0.000,117041.6,1.294,1.00,-5.00
26.170,12.000,12.000,0.000,2455.896,0.000,0.000,0.000,0.000,0.000,117041.6,1.294,1.00,-5.00
26.180,12.000,12.000,0.000,2455.896,0.000,0.000,0.000,0.000,0.000,117041.6,1.294,1.00,-5.00
26.190,12.000,12.000,0.000,2455.896,0.000,0.000,0.000,0.000,0.000,117041.6,1.294,1.00,-5.00
26.200,12.000,12.000,0.000,2455.896,0.000,0.000,0.000,0.000,0.000,117041.6,1.294,1.00,-5.00
26.210,12.000,12.000,0.000,2455.896,0.000,0.000,0.000,0.000,0.000,117041.6,1.294,1.00,-5.00
26.220,12.000,12.000,0.000,2455.896,0.000,0.000,0.000,0.000,0.000,117041.6,1.294,1.00,-5.00
26.230,12.000,12.000,0.000,2455.896,0.000,0.000,0.000,0.000,0.000,117041.6,1.294,1.00,-5.00
26.240,12.000,12.000,0.000,2455.896,0.000,0.000,0.000,0.000,0.000,117041.6,1.294,1.00,-5.00
26.250,12.000,12.000,0.000,2455.896,0.000,0.000,0.000,0.000,0.000,117041.6,1.294,1.00,-5.00
26.260,12.000,12.000,0.000,2455.896,0.000,0.000,0.000,0.000,0.000,117041.6,1.294,1.00,-5.00
26.270,12.000,12.000,0.000,2455.896,0.000,0.000,0.000,0.000,0.000,117041.6,1.294,1.00,-5.00
26.280,12.000,12.000,0.000,2455.896,0.000,0.000,0.000,0.000,0.000,117041.6,1.294,1.00,-5.00
26.290,12.000,12.000,0.000,2455.896,0.000,0.000,0.000,0.000,0.000,117041.6,1.294,1.00,-5.00
26.300,12.000,12.000,0.000,2455.896,0.000,0.000,0.000,0.000,0.000,117041.6,1.294,1.00,-5.00
26.310,12.000,12.000,0.000,2455.896,0.000,0.000,0.000,0.000,0.000,117041.6,1.294,1.00,-5.00
26.320,12.000,12.000,0.000,2455.896,0.000,0.000,0.000,0.000,0.000,117041.6,1.294,1.00,-5.00
26.330,12.000,12.000,0.000,2455.896,0.000,0.000,0.000,0.000,0.000,117041.6,1.294,1.00,-5.00
26.340,12.000,12.000,0.000,2455.896,0.000,0.000,0.000,0.000,0.000,117041.6,1.294,1.00,-5.00
26.350,12.000,12.000,0.000,2455.896,0.000,0.000,0.000,0.000,0.000,117041.6,1.294,1.00,-5.00
26.360,12.000,12.000,0.000,2455.896,0.000,0.000,0.000,0.000,0.000,117041.6,1.294,1.00,-5.00
26.370,12.000,12.000,0.000,2455.896,0.000,0.000,0.000,0.000,0.000,117041.6,1.294,1.00,-5.00
26.380,12.000,12.000,0.000,2455.896,0.000,0.000,0.000,0.000,0.000,117041.6,1.294,1.00,-5.00
26.390,12.000,12.000,0.000,2455.896,0.000,0.000,0.000,0.000,0.000,117041.6,1.294,1.00,-5.00
26.400,12.000,12.000,0.000,2455.896,0.000,0.000,0.000,0.000,0.000,117041.6,1.294,1.00,-5.00
26.410,12.000,12.000,0.000,2455.896,0.000,0.000,0.000,0.000,0.000,117041.6,1.294,1.00,-5.00
26.420,12.000,12.000,0.000,2455.896,0.000,0.000,0.000,0.000,0.000,117041.6,1.294,1.00,-5.00
26.430,12.000,12.000,0.000,2455.896,0.000,0.000,0.000,0.000,0.000,117041.6,1.294,1.00,-5.00
26.440,12.000,12.000,0.000,2455.896,0.000,0.000,0.000,0.000,0.000,117041.6,1.294,1.00,-5.00
26.450,12.000,12.000,0.000,2455.896,0.000,0.000,0.000,0.000,0.000,117041.6,1.294,1.00,-5.00
26.460,12.000,12.000,0.000,2455.896,0.000,0.000,0.000,0.000,0.000,117041.6,1.294,1.00,-5.00
26.470,12.000,12.000,0.000,2455.896,0.000,0.000,0.000,0.000,0.000,117041.6,1.294,1.00,-5.00
26.480,12.000,12.000,0.000,2455.896,0.000,0.000,0.000,0.000,0.000,117041.6,1.294,1.00,-5.00
26.490,12.000,12.000,0.000,2455.896,0.000,0.000,0.000,0.000,0.000,117041.6,1.294,1.00,-5.00
26.500,12.000,12.000,0.000,2455.896,0.000,0.000,0.000,0.000,0.000,117041.6,1.294,1.00,-5.00
26.510,12.000,12.000,0.000,2455.896,0.000,0.000,0.000,0.000,0.000,117041.6,1.294,1.00,-5.00
26.520,12.000,12.000,0.000,2455.896,0.000,0.000,0.000,0.000,0.000,117041.6,1.294,1.00,-5.00
26.530,12.000,12.000,0.000,2455.896,0.000,0.000,0.000,0.000,0.000,117041.6,1.294,1.00,-5.00
26.540,12.000,12.000,0.000,2455.896,0.000,0.000,0.000,0.000,0.000,117041.6,1.294,1.00,-5.00
26.550,12.000,12.000,0.000,2455.896,0.000,0.000,0.000,0.000,0.000,117041.6,1.294,1.00,-5.00
26.560,12.000,12.000,0.000,2455.896,0.000,0.000,0.000,0.000,0.000,117041.6,1.294,1.00,-5.00
26.570,12.000,12.000,0.000,2455.896,0.000,0.000,0.000,0.000,0.000,117041.6,1.294,1.00,-5.00
26.580,12.000,12.000,0.000,2455.896,0.000,0.000,0.000,0.000,0.000,117041.6,1.294,1.00,-5.00
26.590,12.000,12.000,0.000,2455.896,0.000,0.000,0.000,0.000,0.000,117041.6,1.294,1.00,-5.00
26.600,12.000,12.000,0.000,2455.896,0.000,0.000,0.000,0.000,0.000,117041.6,1.294,1.00,-5.00
26.610,12.000,12.000,0.000,2455.896,0.000,0.000,0.000,0.000,0.000,117041.6,1.294,1.00,-5.00
26.620,12.000,12.000,0.000,2455.896,0.000,0.000,0.000,0.000,0.000,117041.6,1.294,1.00,-5.00
26.630,12.000,12.000,0.000,2455.896,0.000,0.000,0.000,0.000,0.000,117041.6,1.294,1.00,-5.00
26.640,12.000,12.000,0.000,2455.896,0.000,0.000,0.000,0.000,0.000,117041.6,1.294,1.00,-5.00
26.650,12.000,12.000,0.000,2455.896,0.000,0.000,0.000,0.000,0.000,117041.6,1.294,1.00,-5.00
26.660,12.000,12.000,0.000,2455.896,0.000,0.000,0.000,0.000,0.000,117041.6,1.294,1.00,-5.00
26.670,12.000,12.000,0.000,2455.896,0.000,0.000,0.000,0.000,0.000,117041.6,1.294,1.00,-5.00
26.680,12.000,12.000,0.000,2455.896,0.000,0.000,0.000,0.000,0.000,117041.6,1.294,1.00,-5.00
26.690,12.000,12.000,0.000,2455.896,0.000,0.000,0.000,0.000,0.000,117041.6,1.294,1.00,-5.00
26.700,12.000,12.000,0.000,2455.896,0.000,0.000,0.000,0.000,0.000,117041.6,1.294,1.00,-5.00
26.710,12.000,12.000,0.000,2455.896,0.000,0.000,0.000,0.000,0.000,117041.6,1.294,1.00,-5.00
26.720,12.000,12.000,0.000,2455.896,0.000,0.000,0.000,0.000,0.000,117041.6,1.294,1.00,-5.00
26.730,12.000,12.000,0.000,2455.896,0.000,0.000,0.000,0.000,0.000,117041.6,1.294,1.00,-5.00
26.740,12.000,12.000,0.000,2455.896,0.000,0.000,0.000,0.000,0.000,117041.6,1.294,1.00,-5.00
26.750,12.000,12.000,0.000,2455.896,0.000,0.000,0.000,0.000,0.000,117041.6,1.294,1.00,-5.00
26.760,12.000,12.000,0.000,2455.896,0.000,0.000,0.000,0.000,0.000,117041.6,1.294,1.00,-5.00
26.770,12.000,12.000,0.000,2455.896,0.000,0.000,0.000,0.000,0.000,117041.6,1.294,1.00,-5.00
26.780,12.000,12.000,0.000,2455.896,0.000,0.000,0.000,0.000,0.000,117041.6,1.294,1.00,-5.00
26.790,12.000,12.000,0.000,2455.896,0.000,0.000,0.000,0.000,0.000,117041.6,1.294,1.00,-5.00
26.800,12.000,12.000,0.000,2455.896,0.000,0.000,0.000,0.000,0.000,117041.6,1.294,1.00,-5.00
26.810,12.000,12.000,0.000,2455.896,0.000,0.000,0.000,0.000,0.000,117041.6,1.294,1.00,-5.00
26.820,12.000,12.000,0.000,2455.896,0.000,0.000,0.000,0.000,0.000,117041.6,1.294,1.00,-5.00
26.830,12.000,12.000,0.000,2455.896,0.000,0.000,0.000,0.000,0.000,117041.6,1.294,1.00,-5.00
26.840,12.000,12.000,0.000,2455.896,0.000,0.000,0.000,0.000,0.000,117041.6,1.294,1.00,-5.00
26.850,12.000,12.000,0.000,2455.896,0.000,0.000,0.000,0.000,0.000,117041.6,1.294,1.00,-5.00
26.860,12.000,12.000,0.000,2455.896,0.000,0.000,0.000,0.000,0.000,117041.6,1.294,1.00,-5.00
26.870,12.000,12.000,0.000,2455.896,0.000,0.000,0.000,0.000,0.000,117041.6,1.294,1.00,-5.00
26.880,12.000,12.000,0.000,2455.896,0.000,0.000,0.000,0.000,0.000,117041.6,1.294,1.00,-5.00
26.890,12.000,12.000,0.000,2455.896,0.000,0.000,0.000,0.000,0.000,117041.6,1.294,1.00,-5.00
26.900,12.000,12.000,0.000,2455.896,0.000,0.000,0.000,0.000,0.000,117041.6,1.294,1.00,-5.00
26.910,12.000,12.000,0.000,2455.896,0.000,0.000,0.000,0.000,0.000,117041.6,1.294,1.00,-5.00
26.920,12.000,12.000,0.000,2455.896,0.000,0.000,0.000,0.000,0.000,117041.6,1.294,1.00,-5.00
26.930,12.000,12.000,0.000,2455.896,0.000,0.000,0.000,0.000,0.000,117041.6,1.294,1.00,-5.00
26.940,12.000,12.000,0.000,2455.896,0.000,0.000,0.000,0.000,0.000,117041.6,1.294,1.00,-5.00
26.950,12.000,12.000,0.000,2455.896,0.000,0.000,0.000,0.000,0.000,117041.6,1.294,1.00,-5.00
26.960,12.000,12.000,0.000,2455.896,0.000,0.000,0.000,0.000,0.000,117041.6,1.294,1.00,-5.00
26.970,12.000,12.000,0.000,2455.896,0.000,0.000,0.000,0.000,0.000,117041.6,1.294,1.00,-5.00
26.980,12.000,12.000,0.000,2455.896,0.000,0.000,0.000,0.000,0.000,117041.6,1.294,1.00,-5.00
26.990,12.000,12.000,0.000,2455.896,0.000,0.000,0.000,0.000,0.000,117041.6,1.294,1.00,-5.00
27.000,12.000,12.000,0.000,2455.896,0.000,0.000,0.000,0.000,0.000,117041.6,1.294,1.00,-5.00
27.010,12.000,12.000,0.000,2455.896,0.000,0.000,0.000,0.000,0.000,117041.6,1.294,1.00,-5.00
27.020,12.000,12.000,0.000,2455.896,0.000,0.000,0.000,0.000,0.000,117041.6,1.294,1.00,-5.00
27.030,12.000,12.000,0.000,2455.896,0.000,0.000,0.000,0.000,0.000,117041.6,1.294,1.00,-5.00
27.040,12.000,12.000,0.000,2455.896,0.000,0.000,0.000,0.000,0.000,117041.6,1.294,1.00,-5.00
27.050,12.000,12.000,0.000,2455.896,0.000,0.000,0.000,0.000,0.000,117041.6,1.294,1.00,-5.00
27.060,12.000,12.000,0.000,2455.896,0.000,0.000,0.000,0.000,0.000,117041.6,1.294,1.00,-5.00
27.070,12.000,12.000,0.000,2455.896,0.000,0.000,0.000,0.000,0.000,117041.6,1.294,1.00,-5.00
27.080,12.000,12.000,0.000,2455.896,0.000,0.000,0.000,0.000,0.000,117041.6,1.294,1.00,-5.00
27.090,12.000,12.000,0.000,2455.896,0.000,0.000,0.000,0.000,0.000,117041.6,1.294,1.00,-5.00
27.100,12.000,12.000,0.000,2455.896,0.000,0.000,0.000,0.000,0.000,117041.6,1.294,1.00,-5.00
27.110,12.000,12.000,0.000,2455.896,0.000,0.000,0.000,0.000,0.000,117041.6,1.294,1.00,-5.00
27.120,12.000,12.000,0.000,2455.896,0.000,0.000,0.000,0.000,0.000,117041.6,1.294,1.00,-5.00
27.130,12.000,12.000,0.000,2455.896,0.000,0.000,0.000,0.000,0.000,117041.6,1.294,1.00,-5.00
27.140,12.000,12.000,0.000,2455.896,0.000,0.000,0.000,0.000,0.000,117041.6,1.294,1.00,-5.00
27.150,12.000,12.000,0.000,2455.896,0.000,0.000,0.000,0.000,0.000,117041.6,1.294,1.00,-5.00
27.160,12.000,12.000,0.000,2455.896,0.000,0.000,0.000,0.000,0.000,117041.6,1.294,1.00,-5.00
27.170,12.000,12.000,0.000,2455.896,0.000,0.000,0.000,0.000,0.000,117041.6,1.294,1.00,-5.00
27.180,12.000,12.000,0.000,2455.896,0.000,0.000,0.000,0.000,0.000,117041.6,1.294,1.00,-5.00
27.190,12.000,12.000,0.000,2455.896,0.000,0.000,0.000,0.000,0.000,117041.6,1.294,1.00,-5.00
27.200,12.000,12.000,0.000,2455.896,0.000,0.000,0.000,0.000,0.000,117041.6,1.294,1.00,-5.00
27.210,12.000,12.000,0.000,2455.896,0.000,0.000,0.000,0.000,0.000,117041.6,1.294,1.00,-5.00
27.220,12.000,12.000,0.000,2455.896,0.000,0.000,0.000,0.000,0.000,117041.6,1.294,1.00,-5.00
27.230,12.000,12.000,0.000,2455.896,0.000,0.000,0.000,0.000,0.000,117041.6,1.294,1.00,-5.00
27.240,12.000,12.000,0.000,2455.896,0.000,0.000,0.000,0.000,0.000,117041.6,1.294,1.00,-5.00
27.250,12.000,12.000,0.000,2455.896,0.000,0.000,0.000,0.000,0.000,117041.6,1.294,1.00,-5.00
27.260,12.000,12.000,0.000,2455.896,0.000,0.000,0.000,0.000,0.000,117041.6,1.294,1.00,-5.00
27.270,12.000,12.000,0.000,2455.896,0.000,0.000,0.000,0.000,0.000,117041.6,1.294,1.00,-5.00
27.280,12.000,12.000,0.000,2455.896,0.000,0.000,0.000,0.000,0.000,117041.6,1.294,1.00,-5.00
27.290,12.000,12.000,0.000,2455.896,0.000,0.000,0.000,0.000,0.000,117041.6,1.294,1.00,-5.00
27.300,12.000,12.000,0.000,2455.896,0.000,0.000,0.000,0.000,0.000,117041.6,1.294,1.00,-5.00
27.310,12.000,12.000,0.000,2455.896,0.000,0.000,0.000,0.000,0.000,117041.6,1.294,1.00,-5.00
27.320,12.000,12.000,0.000,2455.896,0.000,0.000,0.000,0.000,0.000,117041.6,1.294,1.00,-5.00
27.330,12.000,12.000,0.000,2455.896,0.000,0.000,0.000,0.000,0.000,117041.6,1.294,1.00,-5.00
27.340,12.000,12.000,0.000,2455.896,0.000,0.000,0.000,0.000,0.000,117041.6,1.294,1.00,-5.00
27.350,12.000,12.000,0.000,2455.896,0.000,0.000,0.000,0.000,0.000,117041.6,1.294,1.00,-5.00
27.360,12.000,12.000,0.000,2455.896,0.000,0.000,0.000,0.000,0.000,117041.6,1.294,1.00,-5.00
27.370,12.000,12.000,0.000,2455.896,0.000,0.000,0.000,0.000,0.000,117041.6,1.294,1.00,-5.00
27.380,12.000,12.000,0.000,2455.896,0.000,0.000,0.000,0.000,0.000,117041.6,1.294,1.00,-5.00
27.390,12.000,12.000,0.000,2455.896,0.000,0.000,0.000,0.000,0.000,117041.6,1.294,1.00,-5.00
27.400,12.000,12.000,0.000,2455.896,0.000,0.000,0.000,0.000,0.000,117041.6,1.294,1.00,-5.00
27.410,12.000,12.000,0.000,2455.896,0.000,0.000,0.000,0.000,0.000,117041.6,1.294,1.00,-5.00
27.420,12.000,12.000,0.000,2455.896,0.000,0.000,0.000,0.000,0.000,117041.6,1.294,1.00,-5.00
27.430,12.000,12.000,0.000,2455.896,0.000,0.000,0.000,0.000,0.000,117041.6,1.294,1.00,-5.00
27.440,12.000,12.000,0.000,2455.896,0.000,0.000,0.000,0.000,0.000,117041.6,1.294,1.00,-5.00
27.450,12.000,12.000,0.000,2455.896,0.000,0.000,0.000,0.000,0.000,117041.6,1.294,1.00,-5.00
27.460,12.000,12.000,0.000,2455.896,0.000,0.000,0.000,0.000,0.000,117041.6,1.294,1.00,-5.00
27.470,12.000,12.000,0.000,2455.896,0.000,0.000,0.000,0.000,0.000,117041.6,1.294,1.00,-5.00
27.480,12.000,12.000,0.000,2455.896,0.000,0.000,0.000,0.000,0.000,117041.6,1.294,1.00,-5.00
27.490,12.000,12.000,0.000,2455.896,0.000,0.000,0.000,0.000,0.000,117041.6,1.294,1.00,-5.00
27.500,12.000,12.000,0.000,2455.896,0.000,0.000,0.000,0.000,0.000,117041.6,1.294,1.00,-5.00
27.510,12.000,12.000,0.000,2455.896,0.000,0.000,0.000,0.000,0.000,117041.6,1.294,1.00,-5.00
27.520,12.000,12.000,0.000,2455.896,0.000,0.000,0.000,0.000,0.000,117041.6,1.294,1.00,-5.00
27.530,12.000,12.000,0.000,2455.896,0.000,0.000,0.000,0.000,0.000,117041.6,1.294,1.00,-5.00
27.540,12.000,12.000,0.000,2455.896,0.000,0.000,0.000,0.000,0.000,117041.6,1.294,1.00,-5.00
27.550,12.000,12.000,0.000,2455.896,0.000,0.000,0.000,0.000,0.000,117041.6,1.294,1.00,-5.00
27.560,12.000,12.000,0.000,2455.896,0.000,0.000,0.000,0.000,0.000,117041.6,1.294,1.00,-5.00
27.570,12.000,12.000,0.000,2455.896,0.000,0.000,0.000,0.000,0.000,117041.6,1.294,1.00,-5.00
27.580,12.000,12.000,0.000,2455.896,0.000,0.000,0.000,0.000,0.000,117041.6,1.294,1.00,-5.00
27.590,12.000,12.000,0.000,2455.896,0.000,0.000,0.000,0.000,0.000,117041.6,1.294,1.00,-5.00
27.600,12.000,12.000,0.000,2455.896,0.000,0.000,0.000,0.000,0.000,117041.6,1.294,1.00,-5.00
27.610,12.000,12.000,0.000,2455.896,0.000,0.000,0.000,0.000,0.000,117041.6,1.294,1.00,-5.00
27.620,12.000,12.000,0.000,2455.896,0.000,0.000,0.000,0.000,0.000,117041.6,1.294,1.00,-5.00
27.630,12.000,12.000,0.000,2455.896,0.000,0.000,0.000,0.000,0.000,117041.6,1.294,1.00,-5.00
27.640,12.000,12.000,0.000,2455.896,0.000,0.000,0.000,0.000,0.000,117041.6,1.294,1.00,-5.00
27.650,12.000,12.000,0.000,2455.896,0.000,0.000,0.000,0.000,0.000,117041.6,1.294,1.00,-5.00
27.660,12.000,12.000,0.000,2455.896,0.000,0.000,0.000,0.000,0.000,117041.6,1.294,1.00,-5.00
27.670,12.000,12.000,0.000,2455.896,0.000,0.000,0.000,0.000,0.000,117041.6,1.294,1.00,-5.00
27.680,12.000,12.000,0.000,2455.896,0.000,0.000,0.000,0.000,0.000,117041.6,1.294,1.00,-5.00
27.690,12.000,12.000,0.000,2455.896,0.000,0.000,0.000,0.000,0.000,117041.6,1.294,1.00,-5.00
27.700,12.000,12.000,0.000,2455.896,0.000,0.000,0.000,0.000,0.000,117041.6,1.294,1.00,-5.00
27.710,12.000,12.000,0.000,2455.896,0.000,0.000,0.000,0.000,0.000,117041.6,1.294,1.00,-5.00
27.720,12.000,12.000,0.000,2455.896,0.000,0.000,0.000,0.000,0.000,117041.6,1.294,1.00,-5.00
27.730,12.000,12.000,0.000,2455.896,0.000,0.000,0.000,0.000,0.000,117041.6,1.294,1.00,-5.00
27.740,12.000,12.000,0.000,2455.896,0.000,0.000,0.000,0.000,0.000,117041.6,1.294,1.00,-5.00
27.750,12.000,12.000,0.000,2455.896,0.000,0.000,0.000,0.000,0.000,117041.6,1.294,1.00,-5.00
27.760,12.000,12.000,0.000,2455.896,0.000,0.000,0.000,0.000,0.000,117041.6,1.294,1.00,-5.00
27.770,12.000,12.000,0.000,2455.896,0.000,0.000,0.000,0.000,0.000,117041.6,1.294,1.00,-5.00
27.780,12.000,12.000,0.000,2455.896,0.000,0.000,0.000,0.000,0.000,117041.6,1.294,1.00,-5.00
27.790,12.000,12.000,0.000,2455.896,0.000,0.000,0.000,0.000,0.000,117041.6,1.294,1.00,-5.00
27.800,12.000,12.000,0.000,2455.896,0.000,0.000,0.000,0.000,0.000,117041.6,1.294,1.00,-5.00
27.810,12.000,12.000,0.000,2455.896,0.000,0.000,0.000,0.000,0.000,117041.6,1.294,1.00,-5.00
27.820,12.000,12.000,0.000,2455.896,0.000,0.000,0.000,0.000,0.000,117041.6,1.294,1.00,-5.00
27.830,12.000,12.000,0.000,2455.896,0.000,0.000,0.000,0.000,0.000,117041.6,1.294,1.00,-5.00
27.840,12.000,12.000,0.000,2455.896,0.000,0.000,0.000,0.000,0.000,117041.6,1.294,1.00,-5.00
27.850,12.000,12.000,0.000,2455.896,0.000,0.000,0.000,0.000,0.000,117041.6,1.294,1.00,-5.00
27.860,12.000,12.000,0.000,2455.896,0.000,0.000,0.000,0.000,0.000,117041.6,1.294,1.00,-5.00
27.870,12.000,12.000,0.000,2455.896,0.000,0.000,0.000,0.000,0.000,117041.6,1.294,1.00,-5.00
27.880,12.000,12.000,0.000,2455.896,0.000,0.000,0.000,0.000,0.000,117041.6,1.294,1.00,-5.00
27.890,12.000,12.000,0.000,2455.896,0.000,0.000,0.000,0.000,0.000,117041.6,1.294,1.00,-5.00
27.900,12.000,12.000,0.000,2455.896,0.000,0.000,0.000,0.000,0.000,117041.6,1.294,1.00,-5.00
27.910,12.000,12.000,0.000,2455.896,0.000,0.000,0.000,0.000,0.000,117041.6,1.294,1.00,-5.00
27.920,12.000,12.000,0.000,2455.896,0.000,0.000,0.000,0.000,0.000,117041.6,1.294,1.00,-5.00
27.930,12.000,12.000,0.000,2455.896,0.000,0.000,0.000,0.000,0.000,117041.6,1.294,1.00,-5.00
27.940,12.000,12.000,0.000,2455.896,0.000,0.000,0.000,0.000,0.000,117041.6,1.294,1.00,-5.00
27.950,12.000,12.000,0.000,2455.896,0.000,0.000,0.000,0.000,0.000,117041.6,1.294,1.00,-5.00
27.960,12.000,12.000,0.000,2455.896,0.000,0.000,0.000,0.000,0.000,117041.6,1.294,1.00,-5.00
27.970,12.000,12.010,-0.010,0.000,34.470,0.000,0.000,0.000,0.000,117037.5,1.222,1.00,-5.00
27.980,12.000,12.010,-0.010,0.000,1.965,0.000,0.000,0.000,0.000,117033.4,1.150,1.00,-5.00
27.990,12.000,12.000,0.000,20007.581,0.000,0.000,0.000,0.000,0.000,117033.4,1.217,1.00,-5.00
28.000,12.000,12.000,0.000,2455.471,0.000,0.000,0.000,0.000,0.000,117033.4,1.284,1.00,-5.00
28.010,12.000,12.000,0.000,2457.026,0.000,0.000,0.000,0.000,0.000,117050.1,1.320,1.00,-5.00
28.020,12.000,12.000,0.000,2457.026,0.000,0.000,0.000,0.000,0.000,117050.1,1.320,1.00,-5.00
28.030,12.000,12.000,0.000,2457.026,0.000,0.000,0.000,0.000,0.000,117050.1,1.320,1.00,-5.00
28.040,12.000,12.000,0.000,2457.026,0.000,0.000,0.000,0.000,0.000,117050.1,1.320,1.00,-5.00
28.050,12.000,12.000,0.000,2457.026,0.000,0.000,0.000,0.000,0.000,117050.1,1.320,1.00,-5.00
28.060,12.000,12.000,0.000,2457.026,0.000,0.000,0.000,0.000,0.000,117050.1,1.320,1.00,-5.00
28.070,12.000,12.000,0.000,2457.026,0.000,0.000,0.000,0.000,0.000,117050.1,1.320,1.00,-5.00
28.080,12.000,12.000,0.000,2457.026,0.000,0.000,0.000,0.000,0.000,117050.1,1.320,1.00,-5.00
28.090,12.000,12.000,0.000,2457.026,0.000,0.000,0.000,0.000,0.000,117050.1,1.320,1.00,-5.00
28.100,12.000,12.000,0.000,2457.026,0.000,0.000,0.000,0.000,0.000,117050.1,1.320,1.00,-5.00
28.110,12.000,12.000,0.000,2457.026,0.000,0.000,0.000,0.000,0.000,117050.1,1.320,1.00,-5.00
28.120,12.000,12.000,0.000,2457.026,0.000,0.000,0.000,0.000,0.000,117050.1,1.320,1.00,-5.00
28.130,12.000,12.000,0.000,2457.026,0.000,0.000,0.000,0.000,0.000,117050.1,1.320,1.00,-5.00
28.140,12.000,12.000,0.000,2457.026,0.000,0.000,0.000,0.000,0.000,117050.1,1.320,1.00,-5.00
28.150,12.000,12.000,0.000,2457.026,0.000,0.000,0.000,0.000,0.000,117050.1,1.320,1.00,-5.00
28.160,12.000,12.000,0.000,2457.026,0.000,0.000,0.000,0.000,0.000,117050.1,1.320,1.00,-5.00
28.170,12.000,12.000,0.000,2457.026,0.000,0.000,0.000,0.000,0.000,117050.1,1.320,1.00,-5.00
28.180,12.000,12.000,0.000,2457.026,0.000,0.000,0.000,0.000,0.000,117050.1,1.320,1.00,-5.00
28.190,12.000,12.000,0.000,2457.026,0.000,0.000,0.000,0.000,0.000,117050.1,1.320,1.00,-5.00
28.200,12.000,12.000,0.000,2457.026,0.000,0.000,0.000,0.000,0.000,117050.1,1.320,1.00,-5.00
28.210,12.000,12.000,0.000,2457.026,0.000,0.000,0.000,0.000,0.000,117050.1,1.320,1.00,-5.00
28.220,12.000,12.000,0.000,2457.026,0.000,0.000,0.000,0.000,0.000,117050.1,1.320,1.00,-5.00
28.230,12.000,12.000,0.000,2457.026,0.000,0.000,0.000,0.000,0.000,117050.1,1.320,1.00,-5.00
28.240,12.000,12.000,0.000,2457.026,0.000,0.000,0.000,0.000,0.000,117050.1,1.320,1.00,-5.00
28.250,12.000,12.000,0.000,2457.026,0.000,0.000,0.000,0.000,0.000,117050.1,1.320,1.00,-5.00
28.260,12.000,12.000,0.000,2457.026,0.000,0.000,0.000,0.000,0.000,117050.1,1.320,1.00,-5.00
28.270,12.000,12.000,0.000,2457.026,0.000,0.000,0.000,0.000,0.000,117050.1,1.320,1.00,-5.00
28.280,12.000,12.000,0.000,2457.026,0.000,0.000,0.000,0.000,0.000,117050.1,1.320,1.00,-5.00
28.290,12.000,12.000,0.000,2457.026,0.000,0.000,0.000,0.000,0.000,117050.1,1.320,1.00,-5.00
28.300,12.000,12.000,0.000,2457.026,0.000,0.000,0.000,0.000,0.000,117050.1,1.320,1.00,-5.00
28.310,12.000,12.000,0.000,2457.026,0.000,0.000,0.000,0.000,0.000,117050.1,1.320,1.00,-5.00
28.320,12.000,12.000,0.000,2457.026,0.000,0.000,0.000,0.000,0.000,117050.1,1.320,1.00,-5.00
28.330,12.000,12.000,0.000,2457.026,0.000,0.000,0.000,0.000,0.000,117050.1,1.320,1.00,-5.00
28.340,12.000,12.000,0.000,2457.026,0.000,0.000,0.000,0.000,0.000,117050.1,1.320,1.00,-5.00
28.350,12.000,12.000,0.000,2457.026,0.000,0.000,0.000,0.000,0.000,117050.1,1.320,1.00,-5.00
28.360,12.000,12.000,0.000,2457.026,0.000,0.000,0.000,0.000,0.000,117050.1,1.320,1.00,-5.00
28.370,12.000,12.000,0.000,2457.026,0.000,0.000,0.000,0.000,0.000,117050.1,1.320,1.00,-5.00
28.380,12.000,12.000,0.000,2457.026,0.000,0.000,0.000,0.000,0.000,117050.1,1.320,1.00,-5.00
28.390,12.000,12.000,0.000,2457.026,0.000,0.000,0.000,0.000,0.000,117050.1,1.320,1.00,-5.00
28.400,12.000,12.000,0.000,2457.026,0.000,0.000,0.000,0.000,0.000,117050.1,1.320,1.00,-5.00
28.410,12.000,12.000,0.000,2457.026,0.000,0.000,0.000,0.000,0.000,117050.1,1.320,1.00,-5.00
28.420,12.000,12.000,0.000,2457.026,0.000,0.000,0.000,0.000,0.000,117050.1,1.320,1.00,-5.00
28.430,12.000,12.000,0.000,2457.026,0.000,0.000,0.000,0.000,0.000,117050.1,1.320,1.00,-5.00
28.440,12.000,12.000,0.000,2457.026,0.000,0.000,0.000,0.000,0.000,117050.1,1.320,1.00,-5.00
28.450,12.000,12.000,0.000,2457.026,0.000,0.000,0.000,0.000,0.000,117050.1,1.320,1.00,-5.00
28.460,12.000,12.000,0.000,2457.026,0.000,0.000,0.000,0.000,0.000,117050.1,1.320,1.00,-5.00
28.470,12.000,12.000,0.000,2457.026,0.000,0.000,0.000,0.000,0.000,117050.1,1.320,1.00,-5.00
28.480,12.000,12.000,0.000,2457.026,0.000,0.000,0.000,0.000,0.000,117050.1,1.320,1.00,-5.00
28.490,12.000,12.000,0.000,2457.026,0.000,0.000,0.000,0.000,0.000,117050.1,1.320,1.00,-5.00
28.500,12.000,12.000,0.000,2457.026,0.000,0.000,0.000,0.000,0.000,117050.1,1.320,1.00,-5.00
28.510,12.000,12.000,0.000,2457.026,0.000,0.000,0.000,0.000,0.000,117050.1,1.320,1.00,-5.00
28.520,12.000,12.000,0.000,2457.026,0.000,0.000,0.000,0.000,0.000,117050.1,1.320,1.00,-5.00
28.530,12.000,12.000,0.000,2457.026,0.000,0.000,0.000,0.000,0.000,117050.1,1.320,1.00,-5.00
28.540,12.000,12.000,0.000,2457.026,0.000,0.000,0.000,0.000,0.000,117050.1,1.320,1.00,-5.00
28.550,12.000,12.000,0.000,2457.026,0.000,0.000,0.000,0.000,0.000,117050.1,1.320,1.00,-5.00
28.560,12.000,12.000,0.000,2457.026,0.000,0.000,0.000,0.000,0.000,117050.1,1.320,1.00,-5.00
28.570,12.000,12.000,0.000,2457.026,0.000,0.000,0.000,0.000,0.000,117050.1,1.320,1.00,-5.00
28.580,12.000,12.000,0.000,2457.026,0.000,0.000,0.000,0.000,0.000,117050.1,1.320,1.00,-5.00
28.590,12.000,12.000,0.000,2457.026,0.000,0.000,0.000,0.000,0.000,117050.1,1.320,1.00,-5.00
28.600,12.000,12.000,0.000,2457.026,0.000,0.000,0.000,0.000,0.000,117050.1,1.320,1.00,-5.00
28.610,12.000,12.000,0.000,2457.026,0.000,0.000,0.000,0.000,0.000,117050.1,1.320,1.00,-5.00
28.620,12.000,12.000,0.000,2457.026,0.000,0.000,0.000,0.000,0.000,117050.1,1.320,1.00,-5.00
28.630,12.000,12.000,0.000,2457.026,0.000,0.000,0.000,0.000,0.000,117050.1,1.320,1.00,-5.00
28.640,12.000,12.000,0.000,2457.026,0.000,0.000,0.000,0.000,0.000,117050.1,1.320,1.00,-5.00
28.650,12.000,12.000,0.000,2457.026,0.000,0.000,0.000,0.000,0.000,117050.1,1.320,1.00,-5.00
28.660,12.000,12.000,0.000,2457.026,0.000,0.000,0.000,0.000,0.000,117050.1,1.320,1.00,-5.00
28.670,12.000,12.000,0.000,2457.026,0.000,0.000,0.000,0.000,0.000,117050.1,1.320,1.00,-5.00
28.680,12.000,12.000,0.000,2457.026,0.000,0.000,0.000,0.000,0.000,117050.1,1.320,1.00,-5.00
28.690,12.000,12.000,0.000,2457.026,0.000,0.000,0.000,0.000,0.000,117050.1,1.320,1.00,-5.00
28.700,12.000,12.000,0.000,2457.026,0.000,0.000,0.000,0.000,0.000,117050.1,1.320,1.00,-5.00
28.710,12.000,12.000,0.000,2457.026,0.000,0.000,0.000,0.000,0.000,117050.1,1.320,1.00,-5.00
28.720,12.000,12.000,0.000,2457.026,0.000,0.000,0.000,0.000,0.000,117050.1,1.320,1.00,-5.00
28.730,12.000,12.000,0.000,2457.026,0.000,0.000,0.000,0.000,0.000,117050.1,1.320,1.00,-5.00
28.740,12.000,12.000,0.000,2457.026,0.000,0.000,0.000,0.000,0.000,117050.1,1.320,1.00,-5.00
28.750,12.000,12.000,0.000,2457.026,0.000,0.000,0.000,0.000,0.000,117050.1,1.320,1.00,-5.00
28.760,12.000,12.000,0.000,2457.026,0.000,0.000,0.000,0.000,0.000,117050.1,1.320,1.00,-5.00
28.770,12.000,12.000,0.000,2457.026,0.000,0.000,0.000,0.000,0.000,117050.1,1.320,1.00,-5.00
28.780,12.000,12.000,0.000,2457.026,0.000,0.000,0.000,0.000,0.000,117050.1,1.320,1.00,-5.00
28.790,12.000,12.000,0.000,2457.026,0.000,0.000,0.000,0.000,0.000,117050.1,1.320,1.00,-5.00
28.800,12.000,12.000,0.000,2457.026,0.000,0.000,0.000,0.000,0.000,117050.1,1.320,1.00,-5.00
28.810,12.000,12.000,0.000,2457.026,0.000,0.000,0.000,0.000,0.000,117050.1,1.320,1.00,-5.00
28.820,12.000,12.000,0.000,2457.026,0.000,0.000,0.000,0.000,0.000,117050.1,1.320,1.00,-5.00
28.830,12.000,12.000,0.000,2457.026,0.000,0.000,0.000,0.000,0.000,117050.1,1.320,1.00,-5.00
28.840,12.000,12.000,0.000,2457.026,0.000,0.000,0.000,0.000,0.000,117050.1,1.320,1.00,-5.00
28.850,12.000,12.000,0.000,2457.026,0.000,0.000,0.000,0.000,0.000,117050.1,1.320,1.00,-5.00
28.860,12.000,12.000,0.000,2457.026,0.000,0.000,0.000,0.000,0.000,117050.1,1.320,1.00,-5.00
28.870,12.000,12.000,0.000,2457.026,0.000,0.000,0.000,0.000,0.000,117050.1,1.320,1.00,-5.00
28.880,12.000,12.000,0.000,2457.026,0.000,0.000,0.000,0.000,0.000,117050.1,1.320,1.00,-5.00
28.890,12.000,12.000,0.000,2457.026,0.000,0.000,0.000,0.000,0.000,117050.1,1.320,1.00,-5.00
28.900,12.000,12.000,0.000,2457.026,0.000,0.000,0.000,0.000,0.000,117050.1,1.320,1.00,-5.00
28.910,12.000,12.000,0.000,2457.026,0.000,0.000,0.000,0.000,0.000,117050.1,1.320,1.00,-5.00
28.920,12.000,12.000,0.000,2457.026,0.000,0.000,0.000,0.000,0.000,117050.1,1.320,1.00,-5.00
28.930,12.000,12.000,0.000,2457.026,0.000,0.000,0.000,0.000,0.000,117050.1,1.320,1.00,-5.00
28.940,12.000,12.000,0.000,2457.026,0.000,0.000,0.000,0.000,0.000,117050.1,1.320,1.00,-5.00
28.950,12.000,12.000,0.000,2457.026,0.000,0.000,0.000,0.000,0.000,117050.1,1.320,1.00,-5.00
28.960,12.000,12.000,0.000,2457.026,0.000,0.000,0.000,0.000,0.000,117050.1,1.320,1.00,-5.00
28.970,12.000,12.000,0.000,2457.026,0.000,0.000,0.000,0.000,0.000,117050.1,1.320,1.00,-5.00
28.980,12.000,12.000,0.000,2457.026,0.000,0.000,0.000,0.000,0.000,117050.1,1.320,1.00,-5.00
28.990,12.000,12.000,0.000,2457.026,0.000,0.000,0.000,0.000,0.000,117050.1,1.320,1.00,-5.00
29.000,12.000,12.000,0.000,2457.026,0.000,0.000,0.000,0.000,0.000,117050.1,1.320,1.00,-5.00
29.010,12.000,12.000,0.000,2457.026,0.000,0.000,0.000,0.000,0.000,117050.1,1.320,1.00,-5.00
29.020,12.000,12.000,0.000,2457.026,0.000,0.000,0.000,0.000,0.000,117050.1,1.320,1.00,-5.00
29.030,12.000,12.000,0.000,2457.026,0.000,0.000,0.000,0.000,0.000,117050.1,1.320,1.00,-5.00
29.040,12.000,12.000,0.000,2457.026,0.000,0.000,0.000,0.000,0.000,117050.1,1.320,1.00,-5.00
29.050,12.000,12.000,0.000,2457.026,0.000,0.000,0.000,0.000,0.000,117050.1,1.320,1.00,-5.00
29.060,12.000,12.000,0.000,2457.026,0.000,0.000,0.000,0.000,0.000,117050.1,1.320,1.00,-5.00
29.070,12.000,12.000,0.000,2457.026,0.000,0.000,0.000,0.000,0.000,117050.1,1.320,1.00,-5.00
29.080,12.000,12.000,0.000,2457.026,0.000,0.000,0.000,0.000,0.000,117050.1,1.320,1.00,-5.00
29.090,12.000,12.000,0.000,2457.026,0.000,0.000,0.000,0.000,0.000,117050.1,1.320,1.00,-5.00
29.100,12.000,12.000,0.000,2457.026,0.000,0.000,0.000,0.000,0.000,117050.1,1.320,1.00,-5.00
29.110,12.000,12.000,0.000,2457.026,0.000,0.000,0.000,0.000,0.000,117050.1,1.320,1.00,-5.00
29.120,12.000,12.000,0.000,2457.026,0.000,0.000,0.000,0.000,0.000,117050.1,1.320,1.00,-5.00
29.130,12.000,12.000,0.000,2457.026,0.000,0.000,0.000,0.000,0.000,117050.1,1.320,1.00,-5.00
29.140,12.000,12.000,0.000,2457.026,0.000,0.000,0.000,0.000,0.000,117050.1,1.320,1.00,-5.00
29.150,12.000,12.000,0.000,2457.026,0.000,0.000,0.000,0.000,0.000,117050.1,1.320,1.00,-5.00
29.160,12.000,12.010,-0.010,0.000,34.471,0.000,0.000,0.000,0.000,117046.0,1.248,1.00,-5.00
29.170,12.000,12.000,0.000,20010.810,0.000,0.000,0.000,0.000,0.000,117046.0,1.248,1.00,-5.00
29.180,12.000,12.000,0.000,2456.814,0.000,0.000,0.000,0.000,0.000,117046.0,1.315,1.00,-5.00
29.190,12.000,12.000,0.000,2458.369,0.000,0.000,0.000,0.000,0.000,117062.6,1.351,1.00,-5.00
29.200,12.000,12.000,0.000,2458.369,0.000,0.000,0.000,0.000,0.000,117062.6,1.351,1.00,-5.00
29.210,12.000,12.000,0.000,2458.369,0.000,0.000,0.000,0.000,0.000,117062.6,1.351,1.00,-5.00
29.220,12.000,12.000,0.000,2458.369,0.000,0.000,0.000,0.000,0.000,117062.6,1.351,1.00,-5.00
29.230,12.000,12.000,0.000,2458.369,0.000,0.000,0.000,0.000,0.000,117062.6,1.351,1.00,-5.00
29.240,12.000,12.000,0.000,2458.369,0.000,0.000,0.000,0.000,0.000,117062.6,1.351,1.00,-5.00
29.250,12.000,12.000,0.000,2458.369,0.000,0.000,0.000,0.000,0.000,117062.6,1.351,1.00,-5.00
29.260,12.000,12.000,0.000,2458.369,0.000,0.000,0.000,0.000,0.000,117062.6,1.351,1.00,-5.00
29.270,12.000,12.000,0.000,2458.369,0.000,0.000,0.000,0.000,0.000,117062.6,1.351,1.00,-5.00
29.280,12.000,12.000,0.000,2458.369,0.000,0.000,0.000,0.000,0.000,117062.6,1.351,1.00,-5.00
29.290,12.000,12.010,-0.010,0.000,34.473,0.000,0.000,0.000,0.000,117058.5,1.279,1.00,-5.00
29.300,12.000,12.000,0.000,20014.039,0.000,0.000,0.000,0.000,0.000,117058.5,1.279,1.00,-5.00
29.310,12.000,12.000,0.000,2458.156,0.000,0.000,0.000,0.000,0.000,117058.5,1.346,1.00,-5.00
29.320,12.000,12.000,0.000,2459.711,0.000,0.000,0.000,0.000,0.000,117075.2,1.382,1.00,-5.00
29.330,12.000,12.000,0.000,2459.711,0.000,0.000,0.000,0.000,0.000,117075.2,1.382,1.00,-5.00
29.340,12.000,12.000,0.000,2459.711,0.000,0.000,0.000,0.000,0.000,117075.2,1.382,1.00,-5.00
29.350,12.000,12.000,0.000,2459.711,0.000,0.000,0.000,0.000,0.000,117075.2,1.382,1.00,-5.00
29.360,12.000,12.000,0.000,2459.711,0.000,0.000,0.000,0.000,0.000,117075.2,1.382,1.00,-5.00
29.370,12.000,12.000,0.000,2459.711,0.000,0.000,0.000,0.000,0.000,117075.2,1.382,1.00,-5.00
29.380,12.000,12.000,0.000,2459.711,0.000,0.000,0.000,0.000,0.000,117075.2,1.382,1.00,-5.00
29.390,12.000,12.000,0.000,2459.711,0.000,0.000,0.000,0.000,0.000,117075.2,1.382,1.00,-5.00
29.400,12.000,12.000,0.000,2459.711,0.000,0.000,0.000,0.000,0.000,117075.2,1.382,1.00,-5.00
29.410,12.000,12.000,0.000,2459.711,0.000,0.000,0.000,0.000,0.000,117075.2,1.382,1.00,-5.00
29.420,12.000,12.010,-0.010,0.000,34.474,0.000,0.000,0.000,0.000,117071.1,1.310,1.00,-5.00
29.430,12.000,12.010,-0.010,0.000,1.960,0.000,0.000,0.000,0.000,117067.0,1.238,1.00,-5.00
29.440,12.000,12.010,-0.010,0.000,1.960,0.000,0.000,0.000,0.000,117067.0,1.233,1.00,-5.00
29.450,12.000,12.010,-0.010,0.000,1.961,0.000,0.000,0.000,0.000,117067.0,1.228,1.00,-5.00
29.460,12.000,12.000,0.000,20016.005,0.000,0.000,0.000,0.000,0.000,117067.0,1.295,1.00,-5.00
29.470,12.000,11.990,0.010,23533.926,0.000,0.000,0.000,0.000,0.000,117067.0,1.434,1.00,-5.00
29.480,12.000,11.990,0.010,5980.032,0.000,0.000,0.000,0.000,0.000,117117.1,1.542,1.00,-5.00
29.490,12.000,12.000,0.000,0.000,27.963,0.000,0.000,0.000,0.000,117101.3,1.514,1.00,-5.00
29.500,12.000,12.000,0.000,2462.594,0.000,0.000,0.000,0.000,0.000,117092.4,1.449,1.00,-5.00
29.510,12.000,11.990,0.010,23542.005,0.000,0.000,0.000,0.000,0.000,117092.4,1.516,1.00,-5.00
29.520,12.000,11.990,0.010,5981.376,0.000,0.000,0.000,0.000,0.000,117096.5,1.588,1.00,-5.00
29.530,12.000,12.000,0.000,0.000,27.953,0.000,0.000,0.000,0.000,117080.8,1.559,1.00,-5.00
29.540,12.000,12.000,0.000,2464.559,0.000,0.000,0.000,0.000,0.000,117071.8,1.494,1.00,-5.00
29.550,12.000,12.000,0.000,2464.341,0.000,0.000,0.000,0.000,0.000,117071.8,1.489,1.00,-5.00
29.560,12.000,12.000,0.000,2464.341,0.000,0.000,0.000,0.000,0.000,117071.8,1.489,1.00,-5.00
29.570,12.000,12.000,0.000,2464.341,0.000,0.000,0.000,0.000,0.000,117071.8,1.489,1.00,-5.00
29.580,12.000,12.000,0.000,2464.341,0.000,0.000,0.000,0.000,0.000,117071.8,1.489,1.00,-5.00
29.590,12.000,12.000,0.000,2464.341,0.000,0.000,0.000,0.000,0.000,117071.8,1.489,1.00,-5.00
29.600,12.000,12.000,0.000,2464.341,0.000,0.000,0.000,0.000,0.000,117071.8,1.489,1.00,-5.00
29.610,12.000,12.000,0.000,2464.341,0.000,0.000,0.000,0.000,0.000,117071.8,1.489,1.00,-5.00
29.620,12.000,12.000,0.000,2464.341,0.000,0.000,0.000,0.000,0.000,117071.8,1.489,1.00,-5.00
29.630,12.000,12.000,0.000,2464.341,0.000,0.000,0.000,0.000,0.000,117071.8,1.489,1.00,-5.00
29.640,12.000,12.000,0.000,2464.341,0.000,0.000,0.000,0.000,0.000,117071.8,1.489,1.00,-5.00
29.650,12.000,12.000,0.000,2464.341,0.000,0.000,0.000,0.000,0.000,117071.8,1.489,1.00,-5.00
29.660,12.000,12.000,0.000,2464.341,0.000,0.000,0.000,0.000,0.000,117071.8,1.489,1.00,-5.00
29.670,12.000,12.000,0.000,2464.341,0.000,0.000,0.000,0.000,0.000,117071.8,1.489,1.00,-5.00
29.680,12.000,12.000,0.000,2464.341,0.000,0.000,0.000,0.000,0.000,117071.8,1.489,1.00,-5.00
29.690,12.000,12.000,0.000,2464.341,0.000,0.000,0.000,0.000,0.000,117071.8,1.489,1.00,-5.00
29.700,12.000,12.000,0.000,2464.341,0.000,0.000,0.000,0.000,0.000,117071.8,1.489,1.00,-5.00
29.710,12.000,12.000,0.000,2464.341,0.000,0.000,0.000,0.000,0.000,117071.8,1.489,1.00,-5.00
29.720,12.000,12.000,0.000,2464.341,0.000,0.000,0.000,0.000,0.000,117071.8,1.489,1.00,-5.00
29.730,12.000,12.000,0.000,2464.341,0.000,0.000,0.000,0.000,0.000,117071.8,1.489,1.00,-5.00
29.740,12.000,12.000,0.000,2464.341,0.000,0.000,0.000,0.000,0.000,117071.8,1.489,1.00,-5.00
29.750,12.000,12.000,0.000,2464.341,0.000,0.000,0.000,0.000,0.000,117071.8,1.489,1.00,-5.00
29.760,12.000,12.000,0.000,2464.341,0.000,0.000,0.000,0.000,0.000,117071.8,1.489,1.00,-5.00
29.770,12.000,12.000,0.000,2464.341,0.000,0.000,0.000,0.000,0.000,117071.8,1.489,1.00,-5.00
29.780,12.000,12.000,0.000,2464.341,0.000,0.000,0.000,0.000,0.000,117071.8,1.489,1.00,-5.00
29.790,12.000,12.000,0.000,2464.341,0.000,0.000,0.000,0.000,0.000,117071.8,1.489,1.00,-5.00
29.800,12.000,12.000,0.000,2464.341,0.000,0.000,0.000,0.000,0.000,117071.8,1.489,1.00,-5.00
29.810,12.000,12.000,0.000,2464.341,0.000,0.000,0.000,0.000,0.000,117071.8,1.489,1.00,-5.00
29.820,12.000,12.000,0.000,2464.341,0.000,0.000,0.000,0.000,0.000,117071.8,1.489,1.00,-5.00
29.830,12.000,12.000,0.000,2464.341,0.000,0.000,0.000,0.000,0.000,117071.8,1.489,1.00,-5.00
29.840,12.000,12.000,0.000,2464.341,0.000,0.000,0.000,0.000,0.000,117071.8,1.489,1.00,-5.00
29.850,12.000,12.000,0.000,2464.341,0.000,0.000,0.000,0.000,0.000,117071.8,1.489,1.00,-5.00
29.860,12.000,12.000,0.000,2464.341,0.000,0.000,0.000,0.000,0.000,117071.8,1.489,1.00,-5.00
29.870,12.000,12.000,0.000,2464.341,0.000,0.000,0.000,0.000,0.000,117071.8,1.489,1.00,-5.00
29.880,12.000,12.000,0.000,2464.341,0.000,0.000,0.000,0.000,0.000,117071.8,1.489,1.00,-5.00
29.890,12.000,12.000,0.000,2464.341,0.000,0.000,0.000,0.000,0.000,117071.8,1.489,1.00,-5.00
29.900,12.000,12.000,0.000,2464.341,0.000,0.000,0.000,0.000,0.000,117071.8,1.489,1.00,-5.00
29.910,12.000,12.000,0.000,2464.341,0.000,0.000,0.000,0.000,0.000,117071.8,1.489,1.00,-5.00
29.920,12.000,12.000,0.000,2464.341,0.000,0.000,0.000,0.000,0.000,117071.8,1.489,1.00,-5.00
29.930,12.000,12.000,0.000,2464.341,0.000,0.000,0.000,0.000,0.000,117071.8,1.489,1.00,-5.00
29.940,12.000,12.000,0.000,2464.341,0.000,0.000,0.000,0.000,0.000,117071.8,1.489,1.00,-5.00
29.950,12.000,12.000,0.000,2464.341,0.000,0.000,0.000,0.000,0.000,117071.8,1.489,1.00,-5.00
29.960,12.000,12.000,0.000,2464.341,0.000,0.000,0.000,0.000,0.000,117071.8,1.489,1.00,-5.00
29.970,12.000,12.000,0.000,2464.341,0.000,0.000,0.000,0.000,0.000,117071.8,1.489,1.00,-5.00
29.980,12.000,12.000,0.000,2464.341,0.000,0.000,0.000,0.000,0.000,117071.8,1.489,1.00,-5.00
29.990,12.000,12.000,0.000,2464.341,0.000,0.000,0.000,0.000,0.000,117071.8,1.489,1.00,-5.00
30.000,12.000,12.000,0.000,2464.341,0.000,0.000,0.000,0.000,0.000,117071.8,1.489,1.00,-5.00
30.010,12.000,12.000,0.000,2464.341,0.000,0.000,0.000,0.000,0.000,117071.8,1.489,1.00,-5.00
30.020,12.000,12.000,0.000,2464.341,0.000,0.000,0.000,0.000,0.000,117071.8,1.489,1.00,-5.00
30.030,12.000,12.000,0.000,2464.341,0.000,0.000,0.000,0.000,0.000,117071.8,1.489,1.00,-5.00
30.040,12.000,12.000,0.000,2464.341,0.000,0.000,0.000,0.000,0.000,117071.8,1.489,1.00,-5.00
30.050,12.000,12.000,0.000,2464.341,0.000,0.000,0.000,0.000,0.000,117071.8,1.489,1.00,-5.00
30.060,12.000,12.000,0.000,2464.341,0.000,0.000,0.000,0.000,0.000,117071.8,1.489,1.00,-5.00
30.070,12.000,12.000,0.000,2464.341,0.000,0.000,0.000,0.000,0.000,117071.8,1.489,1.00,-5.00
30.080,12.000,12.000,0.000,2464.341,0.000,0.000,0.000,0.000,0.000,117071.8,1.489,1.00,-5.00
30.090,12.000,12.000,0.000,2464.341,0.000,0.000,0.000,0.000,0.000,117071.8,1.489,1.00,-5.00
30.100,12.000,12.000,0.000,2464.341,0.000,0.000,0.000,0.000,0.000,117071.8,1.489,1.00,-5.00
30.110,12.000,12.000,0.000,2464.341,0.000,0.000,0.000,0.000,0.000,117071.8,1.489,1.00,-5.00
30.120,12.000,12.000,0.000,2464.341,0.000,0.000,0.000,0.000,0.000,117071.8,1.489,1.00,-5.00
30.130,12.000,12.000,0.000,2464.341,0.000,0.000,0.000,0.000,0.000,117071.8,1.489,1.00,-5.00
30.140,12.000,12.000,0.000,2464.341,0.000,0.000,0.000,0.000,0.000,117071.8,1.489,1.00,-5.00
30.150,12.000,12.000,0.000,2464.341,0.000,0.000,0.000,0.000,0.000,117071.8,1.489,1.00,-5.00
30.160,12.000,12.000,0.000,2464.341,0.000,0.000,0.000,0.000,0.000,117071.8,1.489,1.00,-5.00
30.170,12.000,12.000,0.000,2464.341,0.000,0.000,0.000,0.000,0.000,117071.8,1.489,1.00,-5.00
30.180,12.000,12.000,0.000,2464.341,0.000,0.000,0.000,0.000,0.000,117071.8,1.489,1.00,-5.00
30.190,12.000,12.000,0.000,2464.341,0.000,0.000,0.000,0.000,0.000,117071.8,1.489,1.00,-5.00
30.200,12.000,12.000,0.000,2464.341,0.000,0.000,0.000,0.000,0.000,117071.8,1.489,1.00,-5.00
30.210,12.000,12.000,0.000,2464.341,0.000,0.000,0.000,0.000,0.000,117071.8,1.489,1.00,-5.00
30.220,12.000,12.000,0.000,2464.341,0.000,0.000,0.000,0.000,0.000,117071.8,1.489,1.00,-5.00
30.230,12.000,12.000,0.000,2464.341,0.000,0.000,0.000,0.000,0.000,117071.8,1.489,1.00,-5.00
30.240,12.000,12.000,0.000,2464.341,0.000,0.000,0.000,0.000,0.000,117071.8,1.489,1.00,-5.00
30.250,12.000,12.000,0.000,2464.341,0.000,0.000,0.000,0.000,0.000,117071.8,1.489,1.00,-5.00
30.260,12.000,12.000,0.000,2464.341,0.000,0.000,0.000,0.000,0.000,117071.8,1.489,1.00,-5.00
30.270,12.000,12.000,0.000,2464.341,0.000,0.000,0.000,0.000,0.000,117071.8,1.489,1.00,-5.00
30.280,12.000,12.000,0.000,2464.341,0.000,0.000,0.000,0.000,0.000,117071.8,1.489,1.00,-5.00
30.290,12.000,12.000,0.000,2464.341,0.000,0.000,0.000,0.000,0.000,117071.8,1.489,1.00,-5.00
30.300,12.000,12.000,0.000,2464.341,0.000,0.000,0.000,0.000,0.000,117071.8,1.489,1.00,-5.00
30.310,12.000,12.000,0.000,2464.341,0.000,0.000,0.000,0.000,0.000,117071.8,1.489,1.00,-5.00
30.320,12.000,12.000,0.000,2464.341,0.000,0.000,0.000,0.000,0.000,117071.8,1.489,1.00,-5.00
30.330,12.000,12.000,0.000,2464.341,0.000,0.000,0.000,0.000,0.000,117071.8,1.489,1.00,-5.00
30.340,12.000,12.000,0.000,2464.341,0.000,0.000,0.000,0.000,0.000,117071.8,1.489,1.00,-5.00
30.350,12.000,12.000,0.000,2464.341,0.000,0.000,0.000,0.000,0.000,117071.8,1.489,1.00,-5.00
30.360,12.000,12.000,0.000,2464.341,0.000,0.000,0.000,0.000,0.000,117071.8,1.489,1.00,-5.00
30.370,12.000,12.000,0.000,2464.341,0.000,0.000,0.000,0.000,0.000,117071.8,1.489,1.00,-5.00
30.380,12.000,12.000,0.000,2464.341,0.000,0.000,0.000,0.000,0.000,117071.8,1.489,1.00,-5.00
30.390,12.000,12.000,0.000,2464.341,0.000,0.000,0.000,0.000,0.000,117071.8,1.489,1.00,-5.00
30.400,12.000,12.000,0.000,2464.341,0.000,0.000,0.000,0.000,0.000,117071.8,1.489,1.00,-5.00
30.410,12.000,12.000,0.000,2464.341,0.000,0.000,0.000,0.000,0.000,117071.8,1.489,1.00,-5.00
30.420,12.000,12.000,0.000,2464.341,0.000,0.000,0.000,0.000,0.000,117071.8,1.489,1.00,-5.00
30.430,12.000,12.000,0.000,2464.341,0.000,0.000,0.000,0.000,0.000,117071.8,1.489,1.00,-5.00
30.440,12.000,12.000,0.000,2464.341,0.000,0.000,0.000,0.000,0.000,117071.8,1.489,1.00,-5.00
30.450,12.000,12.000,0.000,2464.341,0.000,0.000,0.000,0.000,0.000,117071.8,1.489,1.00,-5.00
30.460,12.000,12.000,0.000,2464.341,0.000,0.000,0.000,0.000,0.000,117071.8,1.489,1.00,-5.00
30.470,12.000,12.000,0.000,2464.341,0.000,0.000,0.000,0.000,0.000,117071.8,1.489,1.00,-5.00
30.480,12.000,12.000,0.000,2464.341,0.000,0.000,0.000,0.000,0.000,117071.8,1.489,1.00,-5.00
30.490,12.000,12.000,0.000,2464.341,0.000,0.000,0.000,0.000,0.000,117071.8,1.489,1.00,-5.00
30.500,12.000,12.000,0.000,2464.341,0.000,0.000,0.000,0.000,0.000,117071.8,1.489,1.00,-5.00
30.510,12.000,12.000,0.000,2464.341,0.000,0.000,0.000,0.000,0.000,117071.8,1.489,1.00,-5.00
30.520,12.000,12.000,0.000,2464.341,0.000,0.000,0.000,0.000,0.000,117071.8,1.489,1.00,-5.00
30.530,12.000,12.000,0.000,2464.341,0.000,0.000,0.000,0.000,0.000,117071.8,1.489,1.00,-5.00
30.540,12.000,12.000,0.000,2464.341,0.000,0.000,0.000,0.000,0.000,117071.8,1.489,1.00,-5.00
30.550,12.000,12.000,0.000,2464.341,0.000,0.000,0.000,0.000,0.000,117071.8,1.489,1.00,-5.00
30.560,12.000,12.000,0.000,2464.341,0.000,0.000,0.000,0.000,0.000,117071.8,1.489,1.00,-5.00
30.570,12.000,12.000,0.000,2464.341,0.000,0.000,0.000,0.000,0.000,117071.8,1.489,1.00,-5.00
30.580,12.000,12.000,0.000,2464.341,0.000,0.000,0.000,0.000,0.000,117071.8,1.489,1.00,-5.00
30.590,12.000,12.000,0.000,2464.341,0.000,0.000,0.000,0.000,0.000,117071.8,1.489,1.00,-5.00
30.600,12.000,12.000,0.000,2464.341,0.000,0.000,0.000,0.000,0.000,117071.8,1.489,1.00,-5.00
30.610,12.000,12.000,0.000,2464.341,0.000,0.000,0.000,0.000,0.000,117071.8,1.489,1.00,-5.00
30.620,12.000,12.000,0.000,2464.341,0.000,0.000,0.000,0.000,0.000,117071.8,1.489,1.00,-5.00
30.630,12.000,12.000,0.000,2464.341,0.000,0.000,0.000,0.000,0.000,117071.8,1.489,1.00,-5.00
30.640,12.000,12.000,0.000,2464.341,0.000,0.000,0.000,0.000,0.000,117071.8,1.489,1.00,-5.00
30.650,12.000,12.000,0.000,2464.341,0.000,0.000,0.000,0.000,0.000,117071.8,1.489,1.00,-5.00
30.660,12.000,12.000,0.000,2464.341,0.000,0.000,0.000,0.000,0.000,117071.8,1.489,1.00,-5.00
30.670,12.000,12.000,0.000,2464.341,0.000,0.000,0.000,0.000,0.000,117071.8,1.489,1.00,-5.00
30.680,12.000,12.000,0.000,2464.341,0.000,0.000,0.000,0.000,0.000,117071.8,1.489,1.00,-5.00
30.690,12.000,12.000,0.000,2464.341,0.000,0.000,0.000,0.000,0.000,117071.8,1.489,1.00,-5.00
30.700,12.000,12.000,0.000,2464.341,0.000,0.000,0.000,0.000,0.000,117071.8,1.489,1.00,-5.00
30.710,12.000,12.000,0.000,2464.341,0.000,0.000,0.000,0.000,0.000,117071.8,1.489,1.00,-5.00
30.720,12.000,12.000,0.000,2464.341,0.000,0.000,0.000,0.000,0.000,117071.8,1.489,1.00,-5.00
30.730,12.000,12.000,0.000,2464.341,0.000,0.000,0.000,0.000,0.000,117071.8,1.489,1.00,-5.00
30.740,12.000,12.000,0.000,2464.341,0.000,0.000,0.000,0.000,0.000,117071.8,1.489,1.00,-5.00
30.750,12.000,12.000,0.000,2464.341,0.000,0.000,0.000,0.000,0.000,117071.8,1.489,1.00,-5.00
30.760,12.000,12.000,0.000,2464.341,0.000,0.000,0.000,0.000,0.000,117071.8,1.489,1.00,-5.00
30.770,12.000,12.000,0.000,2464.341,0.000,0.000,0.000,0.000,0.000,117071.8,1.489,1.00,-5.00
30.780,12.000,12.000,0.000,2464.341,0.000,0.000,0.000,0.000,0.000,117071.8,1.489,1.00,-5.00
30.790,12.000,12.000,0.000,2464.341,0.000,0.000,0.000,0.000,0.000,117071.8,1.489,1.00,-5.00
30.800,12.000,12.000,0.000,2464.341,0.000,0.000,0.000,0.000,0.000,117071.8,1.489,1.00,-5.00
30.810,12.000,12.000,0.000,2464.341,0.000,0.000,0.000,0.000,0.000,117071.8,1.489,1.00,-5.00
30.820,12.000,12.000,0.000,2464.341,0.000,0.000,0.000,0.000,0.000,117071.8,1.489,1.00,-5.00
30.830,12.000,12.000,0.000,2464.341,0.000,0.000,0.000,0.000,0.000,117071.8,1.489,1.00,-5.00
30.840,12.000,12.000,0.000,2464.341,0.000,0.000,0.000,0.000,0.000,117071.8,1.489,1.00,-5.00
30.850,12.000,12.000,0.000,2464.341,0.000,0.000,0.000,0.000,0.000,117071.8,1.489,1.00,-5.00
30.860,12.000,12.000,0.000,2464.341,0.000,0.000,0.000,0.000,0.000,117071.8,1.489,1.00,-5.00
30.870,12.000,12.000,0.000,2464.341,0.000,0.000,0.000,0.000,0.000,117071.8,1.489,1.00,-5.00
30.880,12.000,12.000,0.000,2464.341,0.000,0.000,0.000,0.000,0.000,117071.8,1.489,1.00,-5.00
30.890,12.000,12.000,0.000,2464.341,0.000,0.000,0.000,0.000,0.000,117071.8,1.489,1.00,-5.00
30.900,12.000,12.000,0.000,2464.341,0.000,0.000,0.000,0.000,0.000,117071.8,1.489,1.00,-5.00
30.910,12.000,12.000,0.000,2464.341,0.000,0.000,0.000,0.000,0.000,117071.8,1.489,1.00,-5.00
30.920,12.000,12.000,0.000,2464.341,0.000,0.000,0.000,0.000,0.000,117071.8,1.489,1.00,-5.00
30.930,12.000,12.000,0.000,2464.341,0.000,0.000,0.000,0.000,0.000,117071.8,1.489,1.00,-5.00
30.940,12.000,12.000,0.000,2464.341,0.000,0.000,0.000,0.000,0.000,117071.8,1.489,1.00,-5.00
30.950,12.000,12.000,0.000,2464.341,0.000,0.000,0.000,0.000,0.000,117071.8,1.489,1.00,-5.00
30.960,12.000,12.000,0.000,2464.341,0.000,0.000,0.000,0.000,0.000,117071.8,1.489,1.00,-5.00
30.970,12.000,12.000,0.000,2464.341,0.000,0.000,0.000,0.000,0.000,117071.8,1.489,1.00,-5.00
30.980,12.000,12.000,0.000,2464.341,0.000,0.000,0.000,0.000,0.000,117071.8,1.489,1.00,-5.00
30.990,12.000,12.000,0.000,2464.341,0.000,0.000,0.000,0.000,0.000,117071.8,1.489,1.00,-5.00
31.000,12.000,12.000,0.000,2464.341,0.000,0.000,0.000,0.000,0.000,117071.8,1.489,1.00,-5.00
31.010,12.000,12.000,0.000,2464.341,0.000,0.000,0.000,0.000,0.000,117071.8,1.489,1.00,-5.00
31.020,12.000,12.000,0.000,2464.341,0.000,0.000,0.000,0.000,0.000,117071.8,1.489,1.00,-5.00
31.030,12.000,12.000,0.000,2464.341,0.000,0.000,0.000,0.000,0.000,117071.8,1.489,1.00,-5.00
31.040,12.000,12.000,0.000,2464.341,0.000,0.000,0.000,0.000,0.000,117071.8,1.489,1.00,-5.00
31.050,12.000,12.000,0.000,2464.341,0.000,0.000,0.000,0.000,0.000,117071.8,1.489,1.00,-5.00
31.060,12.000,12.000,0.000,2464.341,0.000,0.000,0.000,0.000,0.000,117071.8,1.489,1.00,-5.00
31.070,12.000,12.000,0.000,2464.341,0.000,0.000,0.000,0.000,0.000,117071.8,1.489,1.00,-5.00
31.080,12.000,12.000,0.000,2464.341,0.000,0.000,0.000,0.000,0.000,117071.8,1.489,1.00,-5.00
31.090,12.000,12.000,0.000,2464.341,0.000,0.000,0.000,0.000,0.000,117071.8,1.489,1.00,-5.00
31.100,12.000,12.000,0.000,2464.341,0.000,0.000,0.000,0.000,0.000,117071.8,1.489,1.00,-5.00
31.110,12.000,12.000,0.000,2464.341,0.000,0.000,0.000,0.000,0.000,117071.8,1.489,1.00,-5.00
31.120,12.000,12.000,0.000,2464.341,0.000,0.000,0.000,0.000,0.000,117071.8,1.489,1.00,-5.00
31.130,12.000,12.000,0.000,2464.341,0.000,0.000,0.000,0.000,0.000,117071.8,1.489,1.00,-5.00
31.140,12.000,12.000,0.000,2464.341,0.000,0.000,0.000,0.000,0.000,117071.8,1.489,1.00,-5.00
31.150,12.000,12.000,0.000,2464.341,0.000,0.000,0.000,0.000,0.000,117071.8,1.489,1.00,-5.00
31.160,12.000,12.000,0.000,2464.341,0.000,0.000,0.000,0.000,0.000,117071.8,1.489,1.00,-5.00
31.170,12.000,12.000,0.000,2464.341,0.000,0.000,0.000,0.000,0.000,117071.8,1.489,1.00,-5.00
31.180,12.000,12.000,0.000,2464.341,0.000,0.000,0.000,0.000,0.000,117071.8,1.489,1.00,-5.00
31.190,12.000,12.000,0.000,2464.341,0.000,0.000,0.000,0.000,0.000,117071.8,1.489,1.00,-5.00
31.200,12.000,12.000,0.000,2464.341,0.000,0.000,0.000,0.000,0.000,117071.8,1.489,1.00,-5.00
31.210,12.000,12.000,0.000,2464.341,0.000,0.000,0.000,0.000,0.000,117071.8,1.489,1.00,-5.00
31.220,12.000,12.000,0.000,2464.341,0.000,0.000,0.000,0.000,0.000,117071.8,1.489,1.00,-5.00
31.230,12.000,12.000,0.000,2464.341,0.000,0.000,0.000,0.000,0.000,117071.8,1.489,1.00,-5.00
31.240,12.000,12.000,0.000,2464.341,0.000,0.000,0.000,0.000,0.000,117071.8,1.489,1.00,-5.00
31.250,12.000,12.000,0.000,2464.341,0.000,0.000,0.000,0.000,0.000,117071.8,1.489,1.00,-5.00
31.260,12.000,12.000,0.000,2464.341,0.000,0.000,0.000,0.000,0.000,117071.8,1.489,1.00,-5.00
31.270,12.000,12.000,0.000,2464.341,0.000,0.000,0.000,0.000,0.000,117071.8,1.489,1.00,-5.00
31.280,12.000,12.000,0.000,2464.341,0.000,0.000,0.000,0.000,0.000,117071.8,1.489,1.00,-5.00
31.290,12.000,12.000,0.000,2464.341,0.000,0.000,0.000,0.000,0.000,117071.8,1.489,1.00,-5.00
31.300,12.000,12.000,0.000,2464.341,0.000,0.000,0.000,0.000,0.000,117071.8,1.489,1.00,-5.00
31.310,12.000,12.000,0.000,2464.341,0.000,0.000,0.000,0.000,0.000,117071.8,1.489,1.00,-5.00
31.320,12.000,12.000,0.000,2464.341,0.000,0.000,0.000,0.000,0.000,117071.8,1.489,1.00,-5.00
31.330,12.000,12.000,0.000,2464.341,0.000,0.000,0.000,0.000,0.000,117071.8,1.489,1.00,-5.00
31.340,12.000,12.000,0.000,2464.341,0.000,0.000,0.000,0.000,0.000,117071.8,1.489,1.00,-5.00
31.350,12.000,12.000,0.000,2464.341,0.000,0.000,0.000,0.000,0.000,117071.8,1.489,1.00,-5.00
31.360,12.000,12.000,0.000,2464.341,0.000,0.000,0.000,0.000,0.000,117071.8,1.489,1.00,-5.00
31.370,12.000,12.000,0.000,2464.341,0.000,0.000,0.000,0.000,0.000,117071.8,1.489,1.00,-5.00
31.380,12.000,12.000,0.000,2464.341,0.000,0.000,0.000,0.000,0.000,117071.8,1.489,1.00,-5.00
31.390,12.000,12.000,0.000,2464.341,0.000,0.000,0.000,0.000,0.000,117071.8,1.489,1.00,-5.00
31.400,12.000,12.000,0.000,2464.341,0.000,0.000,0.000,0.000,0.000,117071.8,1.489,1.00,-5.00
31.410,12.000,12.000,0.000,2464.341,0.000,0.000,0.000,0.000,0.000,117071.8,1.489,1.00,-5.00
31.420,12.000,12.000,0.000,2464.341,0.000,0.000,0.000,0.000,0.000,117071.8,1.489,1.00,-5.00
31.430,12.000,12.000,0.000,2464.341,0.000,0.000,0.000,0.000,0.000,117071.8,1.489,1.00,-5.00
31.440,12.000,12.000,0.000,2464.341,0.000,0.000,0.000,0.000,0.000,117071.8,1.489,1.00,-5.00
31.450,12.000,12.000,0.000,2464.341,0.000,0.000,0.000,0.000,0.000,117071.8,1.489,1.00,-5.00
31.460,12.000,12.000,0.000,2464.341,0.000,0.000,0.000,0.000,0.000,117071.8,1.489,1.00,-5.00
31.470,12.000,12.000,0.000,2464.341,0.000,0.000,0.000,0.000,0.000,117071.8,1.489,1.00,-5.00
31.480,12.000,12.000,0.000,2464.341,0.000,0.000,0.000,0.000,0.000,117071.8,1.489,1.00,-5.00
31.490,12.000,12.000,0.000,2464.341,0.000,0.000,0.000,0.000,0.000,117071.8,1.489,1.00,-5.00
31.500,12.000,12.000,0.000,2464.341,0.000,0.000,0.000,0.000,0.000,117071.8,1.489,1.00,-5.00
31.510,12.000,12.000,0.000,2464.341,0.000,0.000,0.000,0.000,0.000,117071.8,1.489,1.00,-5.00
31.520,12.000,12.000,0.000,2464.341,0.000,0.000,0.000,0.000,0.000,117071.8,1.489,1.00,-5.00
31.530,12.000,12.000,0.000,2464.341,0.000,0.000,0.000,0.000,0.000,117071.8,1.489,1.00,-5.00
31.540,12.000,12.000,0.000,2464.341,0.000,0.000,0.000,0.000,0.000,117071.8,1.489,1.00,-5.00
31.550,12.000,12.000,0.000,2464.341,0.000,0.000,0.000,0.000,0.000,117071.8,1.489,1.00,-5.00
31.560,12.000,12.000,0.000,2464.341,0.000,0.000,0.000,0.000,0.000,117071.8,1.489,1.00,-5.00
31.570,12.000,12.000,0.000,2464.341,0.000,0.000,0.000,0.000,0.000,117071.8,1.489,1.00,-5.00
31.580,12.000,12.000,0.000,2464.341,0.000,0.000,0.000,0.000,0.000,117071.8,1.489,1.00,-5.00
31.590,12.000,12.000,0.000,2464.341,0.000,0.000,0.000,0.000,0.000,117071.8,1.489,1.00,-5.00
31.600,12.000,12.000,0.000,2464.341,0.000,0.000,0.000,0.000,0.000,117071.8,1.489,1.00,-5.00
31.610,12.000,12.000,0.000,2464.341,0.000,0.000,0.000,0.000,0.000,117071.8,1.489,1.00,-5.00
31.620,12.000,12.000,0.000,2464.341,0.000,0.000,0.000,0.000,0.000,117071.8,1.489,1.00,-5.00
31.630,12.000,12.000,0.000,2464.341,0.000,0.000,0.000,0.000,0.000,117071.8,1.489,1.00,-5.00
31.640,12.000,12.000,0.000,2464.341,0.000,0.000,0.000,0.000,0.000,117071.8,1.489,1.00,-5.00
31.650,12.000,12.000,0.000,2464.341,0.000,0.000,0.000,0.000,0.000,117071.8,1.489,1.00,-5.00
31.660,12.000,12.000,0.000,2464.341,0.000,0.000,0.000,0.000,0.000,117071.8,1.489,1.00,-5.00
31.670,12.000,12.000,0.000,2464.341,0.000,0.000,0.000,0.000,0.000,117071.8,1.489,1.00,-5.00
31.680,12.000,12.000,0.000,2464.341,0.000,0.000,0.000,0.000,0.000,117071.8,1.489,1.00,-5.00
31.690,12.000,12.000,0.000,2464.341,0.000,0.000,0.000,0.000,0.000,117071.8,1.489,1.00,-5.00
31.700,12.000,12.000,0.000,2464.341,0.000,0.000,0.000,0.000,0.000,117071.8,1.489,1.00,-5.00
31.710,12.000,12.000,0.000,2464.341,0.000,0.000,0.000,0.000,0.000,117071.8,1.489,1.00,-5.00
31.720,12.000,12.000,0.000,2464.341,0.000,0.000,0.000,0.000,0.000,117071.8,1.489,1.00,-5.00
31.730,12.000,12.000,0.000,2464.341,0.000,0.000,0.000,0.000,0.000,117071.8,1.489,1.00,-5.00
31.740,12.000,12.000,0.000,2464.341,0.000,0.000,0.000,0.000,0.000,117071.8,1.489,1.00,-5.00
31.750,12.000,12.000,0.000,2464.341,0.000,0.000,0.000,0.000,0.000,117071.8,1.489,1.00,-5.00
31.760,12.000,12.000,0.000,2464.341,0.000,0.000,0.000,0.000,0.000,117071.8,1.489,1.00,-5.00
31.770,12.000,12.000,0.000,2464.341,0.000,0.000,0.000,0.000,0.000,117071.8,1.489,1.00,-5.00
31.780,12.000,12.000,0.000,2464.341,0.000,0.000,0.000,0.000,0.000,117071.8,1.489,1.00,-5.00
31.790,12.000,12.000,0.000,2464.341,0.000,0.000,0.000,0.000,0.000,117071.8,1.489,1.00,-5.00
31.800,12.000,12.000,0.000,2464.341,0.000,0.000,0.000,0.000,0.000,117071.8,1.489,1.00,-5.00
31.810,12.000,12.000,0.000,2464.341,0.000,0.000,0.000,0.000,0.000,117071.8,1.489,1.00,-5.00
31.820,12.000,12.000,0.000,2464.341,0.000,0.000,0.000,0.000,0.000,117071.8,1.489,1.00,-5.00
31.830,12.000,12.000,0.000,2464.341,0.000,0.000,0.000,0.000,0.000,117071.8,1.489,1.00,-5.00
31.840,12.000,12.000,0.000,2464.341,0.000,0.000,0.000,0.000,0.000,117071.8,1.489,1.00,-5.00
31.850,12.000,12.000,0.000,2464.341,0.000,0.000,0.000,0.000,0.000,117071.8,1.489,1.00,-5.00
31.860,12.000,12.000,0.000,2464.341,0.000,0.000,0.000,0.000,0.000,117071.8,1.489,1.00,-5.00
31.870,12.000,12.000,0.000,2464.341,0.000,0.000,0.000,0.000,0.000,117071.8,1.489,1.00,-5.00
31.880,12.000,12.000,0.000,2464.341,0.000,0.000,0.000,0.000,0.000,117071.8,1.489,1.00,-5.00
31.890,12.000,12.000,0.000,2464.341,0.000,0.000,0.000,0.000,0.000,117071.8,1.489,1.00,-5.00
31.900,12.000,12.000,0.000,2464.341,0.000,0.000,0.000,0.000,0.000,117071.8,1.489,1.00,-5.00
31.910,12.000,12.000,0.000,2464.341,0.000,0.000,0.000,0.000,0.000,117071.8,1.489,1.00,-5.00
31.920,12.000,12.000,0.000,2464.341,0.000,0.000,0.000,0.000,0.000,117071.8,1.489,1.00,-5.00
31.930,12.000,12.000,0.000,2464.341,0.000,0.000,0.000,0.000,0.000,117071.8,1.489,1.00,-5.00
31.940,12.000,12.000,0.000,2464.341,0.000,0.000,0.000,0.000,0.000,117071.8,1.489,1.00,-5.00
31.950,12.000,12.000,0.000,2464.341,0.000,0.000,0.000,0.000,0.000,117071.8,1.489,1.00,-5.00
31.960,12.000,12.000,0.000,2464.341,0.000,0.000,0.000,0.000,0.000,117071.8,1.489,1.00,-5.00
31.970,12.000,12.000,0.000,2464.341,0.000,0.000,0.000,0.000,0.000,117071.8,1.489,1.00,-5.00
31.980,12.000,12.000,0.000,2464.341,0.000,0.000,0.000,0.000,0.000,117071.8,1.489,1.00,-5.00
31.990,12.000,12.000,0.000,2464.341,0.000,0.000,0.000,0.000,0.000,117071.8,1.489,1.00,-5.00
32.000,12.000,12.000,0.000,2464.341,0.000,0.000,0.000,0.000,0.000,117071.8,1.489,1.00,-5.00
32.010,12.000,12.000,0.000,2464.341,0.000,0.000,0.000,0.000,0.000,117071.8,1.489,1.00,-5.00
32.020,12.000,12.000,0.000,2464.341,0.000,0.000,0.000,0.000,0.000,117071.8,1.489,1.00,-5.00
32.030,12.000,12.000,0.000,2464.341,0.000,0.000,0.000,0.000,0.000,117071.8,1.489,1.00,-5.00
32.040,12.000,12.000,0.000,2464.341,0.000,0.000,0.000,0.000,0.000,117071.8,1.489,1.00,-5.00
32.050,12.000,12.000,0.000,2464.341,0.000,0.000,0.000,0.000,0.000,117071.8,1.489,1.00,-5.00
32.060,12.000,12.000,0.000,2464.341,0.000,0.000,0.000,0.000,0.000,117071.8,1.489,1.00,-5.00
32.070,12.000,12.000,0.000,2464.341,0.000,0.000,0.000,0.000,0.000,117071.8,1.489,1.00,-5.00
32.080,12.000,12.000,0.000,2464.341,0.000,0.000,0.000,0.000,0.000,117071.8,1.489,1.00,-5.00
32.090,12.000,12.000,0.000,2464.341,0.000,0.000,0.000,0.000,0.000,117071.8,1.489,1.00,-5.00
32.100,12.000,12.000,0.000,2464.341,0.000,0.000,0.000,0.000,0.000,117071.8,1.489,1.00,-5.00
32.110,12.000,12.000,0.000,2464.341,0.000,0.000,0.000,0.000,0.000,117071.8,1.489,1.00,-5.00
32.120,12.000,12.000,0.000,2464.341,0.000,0.000,0.000,0.000,0.000,117071.8,1.489,1.00,-5.00
32.130,12.000,12.000,0.000,2464.341,0.000,0.000,0.000,0.000,0.000,117071.8,1.489,1.00,-5.00
32.140,12.000,12.000,0.000,2464.341,0.000,0.000,0.000,0.000,0.000,117071.8,1.489,1.00,-5.00
32.150,12.000,12.000,0.000,2464.341,0.000,0.000,0.000,0.000,0.000,117071.8,1.489,1.00,-5.00
32.160,12.000,12.000,0.000,2464.341,0.000,0.000,0.000,0.000,0.000,117071.8,1.489,1.00,-5.00
32.170,12.000,12.000,0.000,2464.341,0.000,0.000,0.000,0.000,0.000,117071.8,1.489,1.00,-5.00
32.180,12.000,12.000,0.000,2464.341,0.000,0.000,0.000,0.000,0.000,117071.8,1.489,1.00,-5.00
32.190,12.000,12.000,0.000,2464.341,0.000,0.000,0.000,0.000,0.000,117071.8,1.489,1.00,-5.00
32.200,12.000,12.000,0.000,2464.341,0.000,0.000,0.000,0.000,0.000,117071.8,1.489,1.00,-5.00
32.210,12.000,12.000,0.000,2464.341,0.000,0.000,0.000,0.000,0.000,117071.8,1.489,1.00,-5.00
32.220,12.000,12.000,0.000,2464.341,0.000,0.000,0.000,0.000,0.000,117071.8,1.489,1.00,-5.00
32.230,12.000,12.000,0.000,2464.341,0.000,0.000,0.000,0.000,0.000,117071.8,1.489,1.00,-5.00
32.240,12.000,12.000,0.000,2464.341,0.000,0.000,0.000,0.000,0.000,117071.8,1.489,1.00,-5.00
32.250,12.000,12.000,0.000,2464.341,0.000,0.000,0.000,0.000,0.000,117071.8,1.489,1.00,-5.00
32.260,12.000,12.000,0.000,2464.341,0.000,0.000,0.000,0.000,0.000,117071.8,1.489,1.00,-5.00
32.270,12.000,12.010,-0.010,0.000,34.465,0.000,0.000,0.000,0.000,117067.7,1.417,1.00,-5.00
32.280,12.000,12.010,-0.010,0.000,1.951,0.000,0.000,0.000,0.000,117063.6,1.345,1.00,-5.00
32.290,12.000,12.000,0.000,20020.557,0.000,0.000,0.000,0.000,0.000,117063.6,1.412,1.00,-5.00
32.300,12.000,12.000,0.000,2463.915,0.000,0.000,0.000,0.000,0.000,117063.6,1.480,1.00,-5.00
32.310,12.000,12.000,0.000,2465.470,0.000,0.000,0.000,0.000,0.000,117080.3,1.516,1.00,-5.00
32.320,12.000,12.000,0.000,2465.470,0.000,0.000,0.000,0.000,0.000,117080.3,1.516,1.00,-5.00
32.330,12.000,12.000,0.000,2465.470,0.000,0.000,0.000,0.000,0.000,117080.3,1.516,1.00,-5.00
32.340,12.000,12.000,0.000,2465.470,0.000,0.000,0.000,0.000,0.000,117080.3,1.516,1.00,-5.00
32.350,12.000,12.000,0.000,2465.470,0.000,0.000,0.000,0.000,0.000,117080.3,1.516,1.00,-5.00
32.360,12.000,12.000,0.000,2465.470,0.000,0.000,0.000,0.000,0.000,117080.3,1.516,1.00,-5.00
32.370,12.000,12.000,0.000,2465.470,0.000,0.000,0.000,0.000,0.000,117080.3,1.516,1.00,-5.00
32.380,12.000,12.000,0.000,2465.470,0.000,0.000,0.000,0.000,0.000,117080.3,1.516,1.00,-5.00
32.390,12.000,12.000,0.000,2465.470,0.000,0.000,0.000,0.000,0.000,117080.3,1.516,1.00,-5.00
32.400,12.000,12.000,0.000,2465.470,0.000,0.000,0.000,0.000,0.000,117080.3,1.516,1.00,-5.00
32.410,12.000,12.000,0.000,2465.470,0.000,0.000,0.000,0.000,0.000,117080.3,1.516,1.00,-5.00
32.420,12.000,12.000,0.000,2465.470,0.000,0.000,0.000,0.000,0.000,117080.3,1.516,1.00,-5.00
32.430,12.000,12.000,0.000,2465.470,0.000,0.000,0.000,0.000,0.000,117080.3,1.516,1.00,-5.00
32.440,12.000,12.000,0.000,2465.470,0.000,0.000,0.000,0.000,0.000,117080.3,1.516,1.00,-5.00
32.450,12.000,12.000,0.000,2465.470,0.000,0.000,0.000,0.000,0.000,117080.3,1.516,1.00,-5.00
32.470,12.000,12.000,0.000,2465.470,0.000,0.000,0.000,0.000,0.000,117080.3,1.516,1.00,-5.00
32.480,12.000,12.000,0.000,2465.470,0.000,0.000,0.000,0.000,0.000,117080.3,1.516,1.00,-5.00
32.490,12.000,12.000,0.000,2465.470,0.000,0.000,0.000,0.000,0.000,117080.3,1.516,1.00,-5.00
32.500,12.000,12.000,0.000,2465.470,0.000,0.000,0.000,0.000,0.000,117080.3,1.516,1.00,-5.00
32.510,12.000,12.000,0.000,2465.470,0.000,0.000,0.000,0.000,0.000,117080.3,1.516,1.00,-5.00
32.520,12.000,12.000,0.000,2465.470,0.000,0.000,0.000,0.000,0.000,117080.3,1.516,1.00,-5.00
32.530,12.000,12.000,0.000,2465.470,0.000,0.000,0.000,0.000,0.000,117080.3,1.516,1.00,-5.00
32.540,12.000,12.000,0.000,2465.470,0.000,0.000,0.000,0.000,0.000,117080.3,1.516,1.00,-5.00
32.550,12.000,12.000,0.000,2465.470,0.000,0.000,0.000,0.000,0.000,117080.3,1.516,1.00,-5.00
32.560,12.000,12.000,0.000,2465.470,0.000,0.000,0.000,0.000,0.000,117080.3,1.516,1.00,-5.00
32.570,12.000,12.000,0.000,2465.470,0.000,0.000,0.000,0.000,0.000,117080.3,1.516,1.00,-5.00
32.580,12.000,12.000,0.000,2465.470,0.000,0.000,0.000,0.000,0.000,117080.3,1.516,1.00,-5.00
32.590,12.000,12.000,0.000,2465.470,0.000,0.000,0.000,0.000,0.000,117080.3,1.516,1.00,-5.00
32.600,12.000,12.000,0.000,2465.470,0.000,0.000,0.000,0.000,0.000,117080.3,1.516,1.00,-5.00
32.610,12.000,12.000,0.000,2465.470,0.000,0.000,0.000,0.000,0.000,117080.3,1.516,1.00,-5.00
32.620,12.000,12.000,0.000,2465.470,0.000,0.000,0.000,0.000,0.000,117080.3,1.516,1.00,-5.00
32.630,12.000,12.000,0.000,2465.470,0.000,0.000,0.000,0.000,0.000,117080.3,1.516,1.00,-5.00
32.640,12.000,12.000,0.000,2465.470,0.000,0.000,0.000,0.000,0.000,117080.3,1.516,1.00,-5.00
32.650,12.000,12.000,0.000,2465.470,0.000,0.000,0.000,0.000,0.000,117080.3,1.516,1.00,-5.00
32.660,12.000,12.000,0.000,2465.470,0.000,0.000,0.000,0.000,0.000,117080.3,1.516,1.00,-5.00
32.670,12.000,12.000,0.000,2465.470,0.000,0.000,0.000,0.000,0.000,117080.3,1.516,1.00,-5.00
32.680,12.000,12.000,0.000,2465.470,0.000,0.000,0.000,0.000,0.000,117080.3,1.516,1.00,-5.00
32.690,12.000,12.000,0.000,2465.470,0.000,0.000,0.000,0.000,0.000,117080.3,1.516,1.00,-5.00
32.700,12.000,12.000,0.000,2465.470,0.000,0.000,0.000,0.000,0.000,117080.3,1.516,1.00,-5.00
32.710,12.000,12.000,0.000,2465.470,0.000,0.000,0.000,0.000,0.000,117080.3,1.516,1.00,-5.00
32.720,12.000,12.000,0.000,2465.470,0.000,0.000,0.000,0.000,0.000,117080.3,1.516,1.00,-5.00
32.730,12.000,12.000,0.000,2465.470,0.000,0.000,0.000,0.000,0.000,117080.3,1.516,1.00,-5.00
32.740,12.000,12.000,0.000,2465.470,0.000,0.000,0.000,0.000,0.000,117080.3,1.516,1.00,-5.00
32.750,12.000,12.000,0.000,2465.470,0.000,0.000,0.000,0.000,0.000,117080.3,1.516,1.00,-5.00
32.760,12.000,12.000,0.000,2465.470,0.000,0.000,0.000,0.000,0.000,117080.3,1.516,1.00,-5.00
32.770,12.000,12.000,0.000,2465.470,0.000,0.000,0.000,0.000,0.000,117080.3,1.516,1.00,-5.00
32.780,12.000,12.000,0.000,2465.470,0.000,0.000,0.000,0.000,0.000,117080.3,1.516,1.00,-5.00
32.790,12.000,12.000,0.000,2465.470,0.000,0.000,0.000,0.000,0.000,117080.3,1.516,1.00,-5.00
32.800,12.000,12.000,0.000,2465.470,0.000,0.000,0.000,0.000,0.000,117080.3,1.516,1.00,-5.00
32.810,12.000,12.000,0.000,2465.470,0.000,0.000,0.000,0.000,0.000,117080.3,1.516,1.00,-5.00
32.820,12.000,12.000,0.000,2465.470,0.000,0.000,0.000,0.000,0.000,117080.3,1.516,1.00,-5.00
32.830,12.000,12.000,0.000,2465.470,0.000,0.000,0.000,0.000,0.000,117080.3,1.516,1.00,-5.00
32.840,12.000,12.000,0.000,2465.470,0.000,0.000,0.000,0.000,0.000,117080.3,1.516,1.00,-5.00
32.850,12.000,12.000,0.000,2465.470,0.000,0.000,0.000,0.000,0.000,117080.3,1.516,1.00,-5.00
32.860,12.000,12.000,0.000,2465.470,0.000,0.000,0.000,0.000,0.000,117080.3,1.516,1.00,-5.00
32.870,12.000,12.000,0.000,2465.470,0.000,0.000,0.000,0.000,0.000,117080.3,1.516,1.00,-5.00
32.880,12.000,12.000,0.000,2465.470,0.000,0.000,0.000,0.000,0.000,117080.3,1.516,1.00,-5.00
32.890,12.000,12.000,0.000,2465.470,0.000,0.000,0.000,0.000,0.000,117080.3,1.516,1.00,-5.00
32.900,12.000,12.000,0.000,2465.470,0.000,0.000,0.000,0.000,0.000,117080.3,1.516,1.00,-5.00
32.910,12.000,12.000,0.000,2465.470,0.000,0.000,0.000,0.000,0.000,117080.3,1.516,1.00,-5.00
32.920,12.000,12.000,0.000,2465.470,0.000,0.000,0.000,0.000,0.000,117080.3,1.516,1.00,-5.00
32.930,12.000,12.000,0.000,2465.470,0.000,0.000,0.000,0.000,0.000,117080.3,1.516,1.00,-5.00
32.940,12.000,12.000,0.000,2465.470,0.000,0.000,0.000,0.000,0.000,117080.3,1.516,1.00,-5.00
32.950,12.000,12.000,0.000,2465.470,0.000,0.000,0.000,0.000,0.000,117080.3,1.516,1.00,-5.00
32.960,12.000,12.000,0.000,2465.470,0.000,0.000,0.000,0.000,0.000,117080.3,1.516,1.00,-5.00
32.970,12.000,12.000,0.000,2465.470,0.000,0.000,0.000,0.000,0.000,117080.3,1.516,1.00,-5.00
32.980,12.000,12.000,0.000,2465.470,0.000,0.000,0.000,0.000,0.000,117080.3,1.516,1.00,-5.00
32.990,12.000,12.000,0.000,2465.470,0.000,0.000,0.000,0.000,0.000,117080.3,1.516,1.00,-5.00
33.000,12.000,12.000,0.000,2465.470,0.000,0.000,0.000,0.000,0.000,117080.3,1.516,1.00,-5.00
33.010,12.000,12.000,0.000,2465.470,0.000,0.000,0.000,0.000,0.000,117080.3,1.516,1.00,-5.00
33.020,12.000,12.000,0.000,2465.470,0.000,0.000,0.000,0.000,0.000,117080.3,1.516,1.00,-5.00
33.030,12.000,12.000,0.000,2465.470,0.000,0.000,0.000,0.000,0.000,117080.3,1.516,1.00,-5.00
33.040,12.000,12.000,0.000,2465.470,0.000,0.000,0.000,0.000,0.000,117080.3,1.516,1.00,-5.00
33.050,12.000,12.000,0.000,2465.470,0.000,0.000,0.000,0.000,0.000,117080.3,1.516,1.00,-5.00
33.060,12.000,12.000,0.000,2465.470,0.000,0.000,0.000,0.000,0.000,117080.3,1.516,1.00,-5.00
33.070,12.000,12.000,0.000,2465.470,0.000,0.000,0.000,0.000,0.000,117080.3,1.516,1.00,-5.00
33.080,12.000,12.000,0.000,2465.470,0.000,0.000,0.000,0.000,0.000,117080.3,1.516,1.00,-5.00
33.090,12.000,12.000,0.000,2465.470,0.000,0.000,0.000,0.000,0.000,117080.3,1.516,1.00,-5.00
33.100,12.000,12.000,0.000,2465.470,0.000,0.000,0.000,0.000,0.000,117080.3,1.516,1.00,-5.00
33.110,12.000,12.000,0.000,2465.470,0.000,0.000,0.000,0.000,0.000,117080.3,1.516,1.00,-5.00
33.120,12.000,12.000,0.000,2465.470,0.000,0.000,0.000,0.000,0.000,117080.3,1.516,1.00,-5.00
33.130,12.000,12.000,0.000,2465.470,0.000,0.000,0.000,0.000,0.000,117080.3,1.516,1.00,-5.00
33.140,12.000,12.000,0.000,2465.470,0.000,0.000,0.000,0.000,0.000,117080.3,1.516,1.00,-5.00
33.150,12.000,12.000,0.000,2465.470,0.000,0.000,0.000,0.000,0.000,117080.3,1.516,1.00,-5.00
33.160,12.000,12.000,0.000,2465.470,0.000,0.000,0.000,0.000,0.000,117080.3,1.516,1.00,-5.00
33.170,12.000,12.000,0.000,2465.470,0.000,0.000,0.000,0.000,0.000,117080.3,1.516,1.00,-5.00
33.180,12.000,12.000,0.000,2465.470,0.000,0.000,0.000,0.000,0.000,117080.3,1.516,1.00,-5.00
33.190,12.000,12.000,0.000,2465.470,0.000,0.000,0.000,0.000,0.000,117080.3,1.516,1.00,-5.00
33.200,12.000,12.000,0.000,2465.470,0.000,0.000,0.000,0.000,0.000,117080.3,1.516,1.00,-5.00
33.210,12.000,12.000,0.000,2465.470,0.000,0.000,0.000,0.000,0.000,117080.3,1.516,1.00,-5.00
33.220,12.000,12.000,0.000,2465.470,0.000,0.000,0.000,0.000,0.000,117080.3,1.516,1.00,-5.00
33.230,12.000,12.000,0.000,2465.470,0.000,0.000,0.000,0.000,0.000,117080.3,1.516,1.00,-5.00
33.240,12.000,12.000,0.000,2465.470,0.000,0.000,0.000,0.000,0.000,117080.3,1.516,1.00,-5.00
33.250,12.000,12.000,0.000,2465.470,0.000,0.000,0.000,0.000,0.000,117080.3,1.516,1.00,-5.00
33.260,12.000,12.000,0.000,2465.470,0.000,0.000,0.000,0.000,0.000,117080.3,1.516,1.00,-5.00
33.270,12.000,12.000,0.000,2465.470,0.000,0.000,0.000,0.000,0.000,117080.3,1.516,1.00,-5.00
33.280,12.000,12.000,0.000,2465.470,0.000,0.000,0.000,0.000,0.000,117080.3,1.516,1.00,-5.00
33.290,12.000,12.000,0.000,2465.470,0.000,0.000,0.000,0.000,0.000,117080.3,1.516,1.00,-5.00
33.300,12.000,12.000,0.000,2465.470,0.000,0.000,0.000,0.000,0.000,117080.3,1.516,1.00,-5.00
33.310,12.000,12.000,0.000,2465.470,0.000,0.000,0.000,0.000,0.000,117080.3,1.516,1.00,-5.00
33.320,12.000,12.000,0.000,2465.470,0.000,0.000,0.000,0.000,0.000,117080.3,1.516,1.00,-5.00
33.330,12.000,12.000,0.000,2465.470,0.000,0.000,0.000,0.000,0.000,117080.3,1.516,1.00,-5.00
33.340,12.000,12.000,0.000,2465.470,0.000,0.000,0.000,0.000,0.000,117080.3,1.516,1.00,-5.00
33.350,12.000,12.000,0.000,2465.470,0.000,0.000,0.000,0.000,0.000,117080.3,1.516,1.00,-5.00
33.360,12.000,12.000,0.000,2465.470,0.000,0.000,0.000,0.000,0.000,117080.3,1.516,1.00,-5.00
33.370,12.000,12.000,0.000,2465.470,0.000,0.000,0.000,0.000,0.000,117080.3,1.516,1.00,-5.00
33.380,12.000,12.000,0.000,2465.470,0.000,0.000,0.000,0.000,0.000,117080.3,1.516,1.00,-5.00
33.390,12.000,12.000,0.000,2465.470,0.000,0.000,0.000,0.000,0.000,117080.3,1.516,1.00,-5.00
33.400,12.000,12.000,0.000,2465.470,0.000,0.000,0.000,0.000,0.000,117080.3,1.516,1.00,-5.00
33.410,12.000,12.000,0.000,2465.470,0.000,0.000,0.000,0.000,0.000,117080.3,1.516,1.00,-5.00
33.420,12.000,12.010,-0.010,0.000,34.465,0.000,0.000,0.000,0.000,117076.2,1.444,1.00,-5.00
33.430,12.000,12.010,-0.010,0.000,1.950,0.000,0.000,0.000,0.000,117072.1,1.372,1.00,-5.00
33.440,12.000,12.010,-0.010,0.000,1.950,0.000,0.000,0.000,0.000,117072.1,1.366,1.00,-5.00
33.450,12.000,12.010,-0.010,0.000,1.950,0.000,0.000,0.000,0.000,117072.1,1.361,1.00,-5.00
33.460,12.000,12.000,0.000,20022.519,0.000,0.000,0.000,0.000,0.000,117072.1,1.428,1.00,-5.00
33.470,12.000,11.990,0.010,23540.581,0.000,0.000,0.000,0.000,0.000,117072.1,1.568,1.00,-5.00
33.480,12.000,11.990,0.010,5985.931,0.000,0.000,0.000,0.000,0.000,117122.1,1.676,1.00,-5.00
33.490,12.000,12.000,0.000,0.000,27.953,0.000,0.000,0.000,0.000,117106.4,1.647,1.00,-5.00
33.500,12.000,11.990,0.010,23550.668,0.000,0.000,0.000,0.000,0.000,117107.4,1.654,1.00,-5.00
33.510,12.000,11.990,0.010,5987.445,0.000,0.000,0.000,0.000,0.000,117107.4,1.721,1.00,-5.00
33.520,12.000,11.990,0.010,5990.012,0.000,0.000,0.000,0.000,0.000,117130.9,1.764,1.00,-5.00
33.530,12.000,12.000,0.000,0.000,27.953,0.000,0.000,0.000,0.000,117122.0,1.699,1.00,-5.00
33.540,12.000,12.000,0.000,2470.621,0.000,0.000,0.000,0.000,0.000,117113.0,1.635,1.00,-5.00
33.550,12.000,12.000,0.000,2470.402,0.000,0.000,0.000,0.000,0.000,117113.0,1.630,1.00,-5.00
33.560,12.000,12.000,0.000,2470.402,0.000,0.000,0.000,0.000,0.000,117113.0,1.630,1.00,-5.00
33.570,12.000,12.000,0.000,2470.402,0.000,0.000,0.000,0.000,0.000,117113.0,1.630,1.00,-5.00
33.580,12.000,12.000,0.000,2470.402,0.000,0.000,0.000,0.000,0.000,117113.0,1.630,1.00,-5.00
33.590,12.000,12.000,0.000,2470.402,0.000,0.000,0.000,0.000,0.000,117113.0,1.630,1.00,-5.00
33.600,12.000,12.000,0.000,2470.402,0.000,0.000,0.000,0.000,0.000,117113.0,1.630,1.00,-5.00
33.610,12.000,12.000,0.000,2470.402,0.000,0.000,0.000,0.000,0.000,117113.0,1.630,1.00,-5.00
33.620,12.000,12.000,0.000,2470.402,0.000,0.000,0.000,0.000,0.000,117113.0,1.630,1.00,-5.00
33.630,12.000,12.000,0.000,2470.402,0.000,0.000,0.000,0.000,0.000,117113.0,1.630,1.00,-5.00
33.640,12.000,12.000,0.000,2470.402,0.000,0.000,0.000,0.000,0.000,117113.0,1.630,1.00,-5.00
33.650,12.000,12.000,0.000,2470.402,0.000,0.000,0.000,0.000,0.000,117113.0,1.630,1.00,-5.00
33.660,12.000,12.000,0.000,2470.402,0.000,0.000,0.000,0.000,0.000,117113.0,1.630,1.00,-5.00
33.670,12.000,12.000,0.000,2470.402,0.000,0.000,0.000,0.000,0.000,117113.0,1.630,1.00,-5.00
33.680,12.000,12.000,0.000,2470.402,0.000,0.000,0.000,0.000,0.000,117113.0,1.630,1.00,-5.00
33.690,12.000,12.000,0.000,2470.402,0.000,0.000,0.000,0.000,0.000,117113.0,1.630,1.00,-5.00
33.700,12.000,12.000,0.000,2470.402,0.000,0.000,0.000,0.000,0.000,117113.0,1.630,1.00,-5.00
33.710,12.000,12.000,0.000,2470.402,0.000,0.000,0.000,0.000,0.000,117113.0,1.630,1.00,-5.00
33.720,12.000,12.000,0.000,2470.402,0.000,0.000,0.000,0.000,0.000,117113.0,1.630,1.00,-5.00
33.730,12.000,12.000,0.000,2470.402,0.000,0.000,0.000,0.000,0.000,117113.0,1.630,1.00,-5.00
33.740,12.000,12.000,0.000,2470.402,0.000,0.000,0.000,0.000,0.000,117113.0,1.630,1.00,-5.00
33.750,12.000,12.000,0.000,2470.402,0.000,0.000,0.000,0.000,0.000,117113.0,1.630,1.00,-5.00
33.760,12.000,12.000,0.000,2470.402,0.000,0.000,0.000,0.000,0.000,117113.0,1.630,1.00,-5.00
33.770,12.000,12.000,0.000,2470.402,0.000,0.000,0.000,0.000,0.000,117113.0,1.630,1.00,-5.00
33.780,12.000,12.000,0.000,2470.402,0.000,0.000,0.000,0.000,0.000,117113.0,1.630,1.00,-5.00
33.790,12.000,12.000,0.000,2470.402,0.000,0.000,0.000,0.000,0.000,117113.0,1.630,1.00,-5.00
33.800,12.000,12.000,0.000,2470.402,0.000,0.000,0.000,0.000,0.000,117113.0,1.630,1.00,-5.00
33.810,12.000,12.000,0.000,2470.402,0.000,0.000,0.000,0.000,0.000,117113.0,1.630,1.00,-5.00
33.820,12.000,12.000,0.000,2470.402,0.000,0.000,0.000,0.000,0.000,117113.0,1.630,1.00,-5.00
33.830,12.000,12.000,0.000,2470.402,0.000,0.000,0.000,0.000,0.000,117113.0,1.630,1.00,-5.00
33.840,12.000,12.000,0.000,2470.402,0.000,0.000,0.000,0.000,0.000,117113.0,1.630,1.00,-5.00
33.850,12.000,12.000,0.000,2470.402,0.000,0.000,0.000,0.000,0.000,117113.0,1.630,1.00,-5.00
33.860,12.000,12.000,0.000,2470.402,0.000,0.000,0.000,0.000,0.000,117113.0,1.630,1.00,-5.00
33.870,12.000,12.000,0.000,2470.402,0.000,0.000,0.000,0.000,0.000,117113.0,1.630,1.00,-5.00
33.880,12.000,12.000,0.000,2470.402,0.000,0.000,0.000,0.000,0.000,117113.0,1.630,1.00,-5.00
33.890,12.000,12.000,0.000,2470.402,0.000,0.000,0.000,0.000,0.000,117113.0,1.630,1.00,-5.00
33.900,12.000,12.000,0.000,2470.402,0.000,0.000,0.000,0.000,0.000,117113.0,1.630,1.00,-5.00
33.910,12.000,12.000,0.000,2470.402,0.000,0.000,0.000,0.000,0.000,117113.0,1.630,1.00,-5.00
33.920,12.000,12.000,0.000,2470.402,0.000,0.000,0.000,0.000,0.000,117113.0,1.630,1.00,-5.00
33.930,12.000,12.000,0.000,2470.402,0.000,0.000,0.000,0.000,0.000,117113.0,1.630,1.00,-5.00
33.940,12.000,12.000,0.000,2470.402,0.000,0.000,0.000,0.000,0.000,117113.0,1.630,1.00,-5.00
33.950,12.000,12.000,0.000,2470.402,0.000,0.000,0.000,0.000,0.000,117113.0,1.630,1.00,-5.00
33.960,12.000,12.000,0.000,2470.402,0.000,0.000,0.000,0.000,0.000,117113.0,1.630,1.00,-5.00
33.970,12.000,12.000,0.000,2470.402,0.000,0.000,0.000,0.000,0.000,117113.0,1.630,1.00,-5.00
33.980,12.000,12.000,0.000,2470.402,0.000,0.000,0.000,0.000,0.000,117113.0,1.630,1.00,-5.00
33.990,12.000,12.000,0.000,2470.402,0.000,0.000,0.000,0.000,0.000,117113.0,1.630,1.00,-5.00
34.000,12.000,12.000,0.000,2470.402,0.000,0.000,0.000,0.000,0.000,117113.0,1.630,1.00,-5.00
34.010,12.000,12.000,0.000,2470.402,0.000,0.000,0.000,0.000,0.000,117113.0,1.630,1.00,-5.00
34.020,12.000,12.000,0.000,2470.402,0.000,0.000,0.000,0.000,0.000,117113.0,1.630,1.00,-5.00
34.030,12.000,12.000,0.000,2470.402,0.000,0.000,0.000,0.000,0.000,117113.0,1.630,1.00,-5.00
34.040,12.000,12.000,0.000,2470.402,0.000,0.000,0.000,0.000,0.000,117113.0,1.630,1.00,-5.00
34.050,12.000,12.000,0.000,2470.402,0.000,0.000,0.000,0.000,0.000,117113.0,1.630,1.00,-5.00
34.060,12.000,12.000,0.000,2470.402,0.000,0.000,0.000,0.000,0.000,117113.0,1.630,1.00,-5.00
34.070,12.000,12.000,0.000,2470.402,0.000,0.000,0.000,0.000,0.000,117113.0,1.630,1.00,-5.00
34.080,12.000,12.000,0.000,2470.402,0.000,0.000,0.000,0.000,0.000,117113.0,1.630,1.00,-5.00
34.090,12.000,12.000,0.000,2470.402,0.000,0.000,0.000,0.000,0.000,117113.0,1.630,1.00,-5.00
34.100,12.000,12.000,0.000,2470.402,0.000,0.000,0.000,0.000,0.000,117113.0,1.630,1.00,-5.00
34.110,12.000,12.000,0.000,2470.402,0.000,0.000,0.000,0.000,0.000,117113.0,1.630,1.00,-5.00
34.120,12.000,12.000,0.000,2470.402,0.000,0.000,0.000,0.000,0.000,117113.0,1.630,1.00,-5.00
34.130,12.000,12.000,0.000,2470.402,0.000,0.000,0.000,0.000,0.000,117113.0,1.630,1.00,-5.00
34.140,12.000,12.000,0.000,2470.402,0.000,0.000,0.000,0.000,0.000,117113.0,1.630,1.00,-5.00
34.150,12.000,12.000,0.000,2470.402,0.000,0.000,0.000,0.000,0.000,117113.0,1.630,1.00,-5.00
34.160,12.000,12.000,0.000,2470.402,0.000,0.000,0.000,0.000,0.000,117113.0,1.630,1.00,-5.00
34.170,12.000,12.000,0.000,2470.402,0.000,0.000,0.000,0.000,0.000,117113.0,1.630,1.00,-5.00
34.180,12.000,12.000,0.000,2470.402,0.000,0.000,0.000,0.000,0.000,117113.0,1.630,1.00,-5.00
34.190,12.000,12.000,0.000,2470.402,0.000,0.000,0.000,0.000,0.000,117113.0,1.630,1.00,-5.00
34.200,12.000,12.000,0.000,2470.402,0.000,0.000,0.000,0.000,0.000,117113.0,1.630,1.00,-5.00
34.210,12.000,12.000,0.000,2470.402,0.000,0.000,0.000,0.000,0.000,117113.0,1.630,1.00,-5.00
34.220,12.000,12.000,0.000,2470.402,0.000,0.000,0.000,0.000,0.000,117113.0,1.630,1.00,-5.00
34.230,12.000,12.000,0.000,2470.402,0.000,0.000,0.000,0.000,0.000,117113.0,1.630,1.00,-5.00
34.240,12.000,12.000,0.000,2470.402,0.000,0.000,0.000,0.000,0.000,117113.0,1.630,1.00,-5.00
34.250,12.000,12.000,0.000,2470.402,0.000,0.000,0.000,0.000,0.000,117113.0,1.630,1.00,-5.00
34.260,12.000,12.000,0.000,2470.402,0.000,0.000,0.000,0.000,0.000,117113.0,1.630,1.00,-5.00
34.270,12.000,12.000,0.000,2470.402,0.000,0.000,0.000,0.000,0.000,117113.0,1.630,1.00,-5.00
34.280,12.000,12.000,0.000,2470.402,0.000,0.000,0.000,0.000,0.000,117113.0,1.630,1.00,-5.00
34.290,12.000,12.000,0.000,2470.402,0.000,0.000,0.000,0.000,0.000,117113.0,1.630,1.00,-5.00
34.300,12.000,12.000,0.000,2470.402,0.000,0.000,0.000,0.000,0.000,117113.0,1.630,1.00,-5.00
34.310,12.000,12.000,0.000,2470.402,0.000,0.000,0.000,0.000,0.000,117113.0,1.630,1.00,-5.00
34.320,12.000,12.000,0.000,2470.402,0.000,0.000,0.000,0.000,0.000,117113.0,1.630,1.00,-5.00
34.330,12.000,12.000,0.000,2470.402,0.000,0.000,0.000,0.000,0.000,117113.0,1.630,1.00,-5.00
34.340,12.000,12.000,0.000,2470.402,0.000,0.000,0.000,0.000,0.000,117113.0,1.630,1.00,-5.00
34.350,12.000,12.000,0.000,2470.402,0.000,0.000,0.000,0.000,0.000,117113.0,1.630,1.00,-5.00
34.360,12.000,12.000,0.000,2470.402,0.000,0.000,0.000,0.000,0.000,117113.0,1.630,1.00,-5.00
34.370,12.000,12.000,0.000,2470.402,0.000,0.000,0.000,0.000,0.000,117113.0,1.630,1.00,-5.00
34.380,12.000,12.000,0.000,2470.402,0.000,0.000,0.000,0.000,0.000,117113.0,1.630,1.00,-5.00
34.390,12.000,12.000,0.000,2470.402,0.000,0.000,0.000,0.000,0.000,117113.0,1.630,1.00,-5.00
34.400,12.000,12.000,0.000,2470.402,0.000,0.000,0.000,0.000,0.000,117113.0,1.630,1.00,-5.00
34.410,12.000,12.000,0.000,2470.402,0.000,0.000,0.000,0.000,0.000,117113.0,1.630,1.00,-5.00
34.420,12.000,12.000,0.000,2470.402,0.000,0.000,0.000,0.000,0.000,117113.0,1.630,1.00,-5.00
34.430,12.000,12.000,0.000,2470.402,0.000,0.000,0.000,0.000,0.000,117113.0,1.630,1.00,-5.00
34.440,12.000,12.000,0.000,2470.402,0.000,0.000,0.000,0.000,0.000,117113.0,1.630,1.00,-5.00
34.450,12.000,12.000,0.000,2470.402,0.000,0.000,0.000,0.000,0.000,117113.0,1.630,1.00,-5.00
34.460,12.000,12.000,0.000,2470.402,0.000,0.000,0.000,0.000,0.000,117113.0,1.630,1.00,-5.00
34.470,12.000,12.000,0.000,2470.402,0.000,0.000,0.000,0.000,0.000,117113.0,1.630,1.00,-5.00
34.480,12.000,12.000,0.000,2470.402,0.000,0.000,0.000,0.000,0.000,117113.0,1.630,1.00,-5.00
34.490,12.000,12.000,0.000,2470.402,0.000,0.000,0.000,0.000,0.000,117113.0,1.630,1.00,-5.00
34.500,12.000,12.000,0.000,2470.402,0.000,0.000,0.000,0.000,0.000,117113.0,1.630,1.00,-5.00
34.510,12.000,12.000,0.000,2470.402,0.000,0.000,0.000,0.000,0.000,117113.0,1.630,1.00,-5.00
34.520,12.000,12.000,0.000,2470.402,0.000,0.000,0.000,0.000,0.000,117113.0,1.630,1.00,-5.00
34.530,12.000,12.000,0.000,2470.402,0.000,0.000,0.000,0.000,0.000,117113.0,1.630,1.00,-5.00
34.540,12.000,12.000,0.000,2470.402,0.000,0.000,0.000,0.000,0.000,117113.0,1.630,1.00,-5.00
34.550,12.000,12.000,0.000,2470.402,0.000,0.000,0.000,0.000,0.000,117113.0,1.630,1.00,-5.00
34.560,12.000,12.000,0.000,2470.402,0.000,0.000,0.000,0.000,0.000,117113.0,1.630,1.00,-5.00
34.570,12.000,12.000,0.000,2470.402,0.000,0.000,0.000,0.000,0.000,117113.0,1.630,1.00,-5.00
34.580,12.000,12.000,0.000,2470.402,0.000,0.000,0.000,0.000,0.000,117113.0,1.630,1.00,-5.00
34.590,12.000,12.000,0.000,2470.402,0.000,0.000,0.000,0.000,0.000,117113.0,1.630,1.00,-5.00
34.600,12.000,12.000,0.000,2470.402,0.000,0.000,0.000,0.000,0.000,117113.0,1.630,1.00,-5.00
34.610,12.000,12.000,0.000,2470.402,0.000,0.000,0.000,0.000,0.000,117113.0,1.630,1.00,-5.00
34.620,12.000,12.000,0.000,2470.402,0.000,0.000,0.000,0.000,0.000,117113.0,1.630,1.00,-5.00
34.630,12.000,12.000,0.000,2470.402,0.000,0.000,0.000,0.000,0.000,117113.0,1.630,1.00,-5.00
34.640,12.000,12.000,0.000,2470.402,0.000,0.000,0.000,0.000,0.000,117113.0,1.630,1.00,-5.00
34.650,12.000,12.000,0.000,2470.402,0.000,0.000,0.000,0.000,0.000,117113.0,1.630,1.00,-5.00
34.660,12.000,12.000,0.000,2470.402,0.000,0.000,0.000,0.000,0.000,117113.0,1.630,1.00,-5.00
34.670,12.000,12.000,0.000,2470.402,0.000,0.000,0.000,0.000,0.000,117113.0,1.630,1.00,-5.00
34.680,12.000,12.000,0.000,2470.402,0.000,0.000,0.000,0.000,0.000,117113.0,1.630,1.00,-5.00
34.690,12.000,12.000,0.000,2470.402,0.000,0.000,0.000,0.000,0.000,117113.0,1.630,1.00,-5.00
34.700,12.000,12.000,0.000,2470.402,0.000,0.000,0.000,0.000,0.000,117113.0,1.630,1.00,-5.00
34.710,12.000,12.000,0.000,2470.402,0.000,0.000,0.000,0.000,0.000,117113.0,1.630,1.00,-5.00
34.720,12.000,12.000,0.000,2470.402,0.000,0.000,0.000,0.000,0.000,117113.0,1.630,1.00,-5.00
34.730,12.000,12.000,0.000,2470.402,0.000,0.000,0.000,0.000,0.000,117113.0,1.630,1.00,-5.00
34.740,12.000,12.000,0.000,2470.402,0.000,0.000,0.000,0.000,0.000,117113.0,1.630,1.00,-5.00
34.750,12.000,12.000,0.000,2470.402,0.000,0.000,0.000,0.000,0.000,117113.0,1.630,1.00,-5.00
34.760,12.000,12.000,0.000,2470.402,0.000,0.000,0.000,0.000,0.000,117113.0,1.630,1.00,-5.00
34.770,12.000,12.000,0.000,2470.402,0.000,0.000,0.000,0.000,0.000,117113.0,1.630,1.00,-5.00
34.780,12.000,12.000,0.000,2470.402,0.000,0.000,0.000,0.000,0.000,117113.0,1.630,1.00,-5.00
34.790,12.000,12.000,0.000,2470.402,0.000,0.000,0.000,0.000,0.000,117113.0,1.630,1.00,-5.00
34.800,12.000,12.000,0.000,2470.402,0.000,0.000,0.000,0.000,0.000,117113.0,1.630,1.00,-5.00
34.810,12.000,12.000,0.000,2470.402,0.000,0.000,0.000,0.000,0.000,117113.0,1.630,1.00,-5.00
34.820,12.000,12.000,0.000,2470.402,0.000,0.000,0.000,0.000,0.000,117113.0,1.630,1.00,-5.00
34.830,12.000,12.000,0.000,2470.402,0.000,0.000,0.000,0.000,0.000,117113.0,1.630,1.00,-5.00
34.840,12.000,12.000,0.000,2470.402,0.000,0.000,0.000,0.000,0.000,117113.0,1.630,1.00,-5.00
34.850,12.000,12.000,0.000,2470.402,0.000,0.000,0.000,0.000,0.000,117113.0,1.630,1.00,-5.00
34.860,12.000,12.000,0.000,2470.402,0.000,0.000,0.000,0.000,0.000,117113.0,1.630,1.00,-5.00
34.870,12.000,12.000,0.000,2470.402,0.000,0.000,0.000,0.000,0.000,117113.0,1.630,1.00,-5.00
34.880,12.000,12.000,0.000,2470.402,0.000,0.000,0.000,0.000,0.000,117113.0,1.630,1.00,-5.00
34.890,12.000,12.000,0.000,2470.402,0.000,0.000,0.000,0.000,0.000,117113.0,1.630,1.00,-5.00
34.900,12.000,12.000,0.000,2470.402,0.000,0.000,0.000,0.000,0.000,117113.0,1.630,1.00,-5.00
34.910,12.000,12.000,0.000,2470.402,0.000,0.000,0.000,0.000,0.000,117113.0,1.630,1.00,-5.00
34.920,12.000,12.000,0.000,2470.402,0.000,0.000,0.000,0.000,0.000,117113.0,1.630,1.00,-5.00
34.930,12.000,12.000,0.000,2470.402,0.000,0.000,0.000,0.000,0.000,117113.0,1.630,1.00,-5.00
34.940,12.000,12.000,0.000,2470.402,0.000,0.000,0.000,0.000,0.000,117113.0,1.630,1.00,-5.00
34.950,12.000,12.000,0.000,2470.402,0.000,0.000,0.000,0.000,0.000,117113.0,1.630,1.00,-5.00
34.960,12.000,12.000,0.000,2470.402,0.000,0.000,0.000,0.000,0.000,117113.0,1.630,1.00,-5.00
34.970,12.000,12.000,0.000,2470.402,0.000,0.000,0.000,0.000,0.000,117113.0,1.630,1.00,-5.00
34.980,12.000,12.000,0.000,2470.402,0.000,0.000,0.000,0.000,0.000,117113.0,1.630,1.00,-5.00
34.990,12.000,12.000,0.000,2470.402,0.000,0.000,0.000,0.000,0.000,117113.0,1.630,1.00,-5.00
35.000,12.000,12.000,0.000,2470.402,0.000,0.000,0.000,0.000,0.000,117113.0,1.630,1.00,5.00
35.010,12.000,12.000,0.000,2470.402,0.000,0.000,0.000,0.000,0.000,117113.0,1.630,1.00,5.00
35.020,12.000,12.000,0.000,2470.402,0.000,0.000,0.000,0.000,0.000,117113.0,1.630,1.00,5.00
35.030,12.000,12.000,0.000,2470.402,0.000,0.000,0.000,0.000,0.000,117113.0,1.630,1.00,5.00
35.040,12.000,12.000,0.000,2470.402,0.000,0.000,0.000,0.000,0.000,117113.0,1.630,1.00,5.00
35.050,12.000,12.000,0.000,2470.402,0.000,0.000,0.000,0.000,0.000,117113.0,1.630,1.00,5.00
35.060,12.000,12.000,0.000,2470.402,0.000,0.000,0.000,0.000,0.000,117113.0,1.630,1.00,5.00
35.070,12.000,12.000,0.000,2470.402,0.000,0.000,0.000,0.000,0.000,117113.0,1.630,1.00,5.00
35.080,12.000,12.000,0.000,2470.402,0.000,0.000,0.000,0.000,0.000,117113.0,1.630,1.00,5.00
35.090,12.000,12.000,0.000,2470.402,0.000,0.000,0.000,0.000,0.000,117113.0,1.630,1.00,5.00
35.100,12.000,12.000,0.000,2470.402,0.000,0.000,0.000,0.000,0.000,117113.0,1.630,1.00,5.00
35.110,12.000,12.000,0.000,2470.402,0.000,0.000,0.000,0.000,0.000,117113.0,1.630,1.00,5.00
35.120,12.000,12.000,0.000,2470.402,0.000,0.000,0.000,0.000,0.000,117113.0,1.630,1.00,5.00
35.130,12.000,12.000,0.000,2470.402,0.000,0.000,0.000,0.000,0.000,117113.0,1.630,1.00,5.00
35.140,12.000,12.000,0.000,2470.402,0.000,0.000,0.000,0.000,0.000,117113.0,1.630,1.00,5.00
35.150,12.000,12.000,0.000,2470.402,0.000,0.000,0.000,0.000,0.000,117113.0,1.630,1.00,5.00
35.160,12.000,12.000,0.000,2470.402,0.000,0.000,0.000,0.000,0.000,117113.0,1.630,1.00,5.00
35.170,12.000,12.000,0.000,2470.402,0.000,0.000,0.000,0.000,0.000,117113.0,1.630,1.00,5.00
35.180,12.000,12.000,0.000,2470.402,0.000,0.000,0.000,0.000,0.000,117113.0,1.630,1.00,5.00
35.190,12.000,12.000,0.000,2470.402,0.000,0.000,0.000,0.000,0.000,117113.0,1.630,1.00,5.00
35.200,12.000,12.000,0.000,2470.402,0.000,0.000,0.000,0.000,0.000,117113.0,1.630,1.00,5.00
35.210,12.000,12.000,0.000,2470.402,0.000,0.000,0.000,0.000,0.000,117113.0,1.630,1.00,5.00
35.220,12.000,12.000,0.000,2470.402,0.000,0.000,0.000,0.000,0.000,117113.0,1.630,1.00,5.00
35.230,12.000,12.000,0.000,2470.402,0.000,0.000,0.000,0.000,0.000,117113.0,1.630,1.00,5.00
35.240,12.000,12.000,0.000,2470.402,0.000,0.000,0.000,0.000,0.000,117113.0,1.630,1.00,5.00
35.250,12.000,12.000,0.000,2470.402,0.000,0.000,0.000,0.000,0.000,117113.0,1.630,1.00,5.00
35.260,12.000,12.000,0.000,2470.402,0.000,0.000,0.000,0.000,0.000,117113.0,1.630,1.00,5.00
35.270,12.000,12.000,0.000,2470.402,0.000,0.000,0.000,0.000,0.000,117113.0,1.630,1.00,5.00
35.280,12.000,12.000,0.000,2470.402,0.000,0.000,0.000,0.000,0.000,117113.0,1.630,1.00,5.00
35.290,12.000,12.000,0.000,2470.402,0.000,0.000,0.000,0.000,0.000,117113.0,1.630,1.00,5.00
35.300,12.000,12.000,0.000,2470.402,0.000,0.000,0.000,0.000,0.000,117113.0,1.630,1.00,5.00
35.310,12.000,12.000,0.000,2470.402,0.000,0.000,0.000,0.000,0.000,117113.0,1.630,1.00,5.00
35.320,12.000,12.000,0.000,2470.402,0.000,0.000,0.000,0.000,0.000,117113.0,1.630,1.00,5.00
35.330,12.000,12.000,0.000,2470.402,0.000,0.000,0.000,0.000,0.000,117113.0,1.630,1.00,5.00
35.340,12.000,12.000,0.000,2470.402,0.000,0.000,0.000,0.000,0.000,117113.0,1.630,1.00,5.00
35.350,12.000,12.000,0.000,2470.402,0.000,0.000,0.000,0.000,0.000,117113.0,1.630,1.00,5.00
35.360,12.000,12.000,0.000,2470.402,0.000,0.000,0.000,0.000,0.000,117113.0,1.630,1.00,5.00
35.370,12.000,12.000,0.000,2470.402,0.000,0.000,0.000,0.000,0.000,117113.0,1.630,1.00,5.00
35.380,12.000,12.000,0.000,2470.402,0.000,0.000,0.000,0.000,0.000,117113.0,1.630,1.00,5.00
35.390,12.000,12.000,0.000,2470.402,0.000,0.000,0.000,0.000,0.000,117113.0,1.630,1.00,5.00
35.400,12.000,12.000,0.000,2470.402,0.000,0.000,0.000,0.000,0.000,117113.0,1.630,1.00,5.00
35.410,12.000,12.000,0.000,2470.402,0.000,0.000,0.000,0.000,0.000,117113.0,1.630,1.00,5.00
35.420,12.000,12.000,0.000,2470.402,0.000,0.000,0.000,0.000,0.000,117113.0,1.630,1.00,5.00
35.430,12.000,12.000,0.000,2470.402,0.000,0.000,0.000,0.000,0.000,117113.0,1.630,1.00,5.00
35.440,12.000,12.000,0.000,2470.402,0.000,0.000,0.000,0.000,0.000,117113.0,1.630,1.00,5.00
35.450,12.000,12.000,0.000,2470.402,0.000,0.000,0.000,0.000,0.000,117113.0,1.630,1.00,5.00
35.460,12.000,12.000,0.000,2470.402,0.000,0.000,0.000,0.000,0.000,117113.0,1.630,1.00,5.00
35.470,12.000,12.000,0.000,2470.402,0.000,0.000,0.000,0.000,0.000,117113.0,1.630,1.00,5.00
35.480,12.000,12.000,0.000,2470.402,0.000,0.000,0.000,0.000,0.000,117113.0,1.630,1.00,5.00
35.490,12.000,12.000,0.000,2470.402,0.000,0.000,0.000,0.000,0.000,117113.0,1.630,1.00,5.00
35.500,12.000,12.000,0.000,2470.402,0.000,0.000,0.000,0.000,0.000,117113.0,1.630,1.00,5.00
35.510,12.000,12.000,0.000,2470.402,0.000,0.000,0.000,0.000,0.000,117113.0,1.630,1.00,5.00
35.520,12.000,12.000,0.000,2470.402,0.000,0.000,0.000,0.000,0.000,117113.0,1.630,1.00,5.00
35.530,12.000,12.000,0.000,2470.402,0.000,0.000,0.000,0.000,0.000,117113.0,1.630,1.00,5.00
35.540,12.000,12.000,0.000,2470.402,0.000,0.000,0.000,0.000,0.000,117113.0,1.630,1.00,5.00
35.550,12.000,12.000,0.000,2470.402,0.000,0.000,0.000,0.000,0.000,117113.0,1.630,1.00,5.00
35.560,12.000,12.000,0.000,2470.402,0.000,0.000,0.000,0.000,0.000,117113.0,1.630,1.00,5.00
35.570,12.000,12.000,0.000,2470.402,0.000,0.000,0.000,0.000,0.000,117113.0,1.630,1.00,5.00
35.580,12.000,12.000,0.000,2470.402,0.000,0.000,0.000,0.000,0.000,117113.0,1.630,1.00,5.00
35.590,12.000,12.000,0.000,2470.402,0.000,0.000,0.000,0.000,0.000,117113.0,1.630,1.00,5.00
35.600,12.000,12.000,0.000,2470.402,0.000,0.000,0.000,0.000,0.000,117113.0,1.630,1.00,5.00
35.610,12.000,12.000,0.000,2470.402,0.000,0.000,0.000,0.000,0.000,117113.0,1.630,1.00,5.00
35.620,12.000,12.000,0.000,2470.402,0.000,0.000,0.000,0.000,0.000,117113.0,1.630,1.00,5.00
35.630,12.000,12.000,0.000,2470.402,0.000,0.000,0.000,0.000,0.000,117113.0,1.630,1.00,5.00
35.640,12.000,12.000,0.000,2470.402,0.000,0.000,0.000,0.000,0.000,117113.0,1.630,1.00,5.00
35.650,12.000,12.000,0.000,2470.402,0.000,0.000,0.000,0.000,0.000,117113.0,1.630,1.00,5.00
35.660,12.000,12.000,0.000,2470.402,0.000,0.000,0.000,0.000,0.000,117113.0,1.630,1.00,5.00
35.670,12.000,12.000,0.000,2470.402,0.000,0.000,0.000,0.000,0.000,117113.0,1.630,1.00,5.00
35.680,12.000,12.000,0.000,2470.402,0.000,0.000,0.000,0.000,0.000,117113.0,1.630,1.00,5.00
35.690,12.000,12.000,0.000,2470.402,0.000,0.000,0.000,0.000,0.000,117113.0,1.630,1.00,5.00
35.700,12.000,12.000,0.000,2470.402,0.000,0.000,0.000,0.000,0.000,117113.0,1.630,1.00,5.00
35.710,12.000,12.000,0.000,2470.402,0.000,0.000,0.000,0.000,0.000,117113.0,1.630,1.00,5.00
35.720,12.000,12.000,0.000,2470.402,0.000,0.000,0.000,0.000,0.000,117113.0,1.630,1.00,5.00
35.730,12.000,12.000,0.000,2470.402,0.000,0.000,0.000,0.000,0.000,117113.0,1.630,1.00,5.00
35.740,12.000,12.000,0.000,2470.402,0.000,0.000,0.000,0.000,0.000,117113.0,1.630,1.00,5.00
35.750,12.000,12.000,0.000,2470.402,0.000,0.000,0.000,0.000,0.000,117113.0,1.630,1.00,5.00
35.760,12.000,12.000,0.000,2470.402,0.000,0.000,0.000,0.000,0.000,117113.0,1.630,1.00,5.00
35.770,12.000,12.000,0.000,2470.402,0.000,0.000,0.000,0.000,0.000,117113.0,1.630,1.00,5.00
35.780,12.000,12.000,0.000,2470.402,0.000,0.000,0.000,0.000,0.000,117113.0,1.630,1.00,5.00
35.790,12.000,12.000,0.000,2470.402,0.000,0.000,0.000,0.000,0.000,117113.0,1.630,1.00,5.00
35.800,12.000,12.000,0.000,2470.402,0.000,0.000,0.000,0.000,0.000,117113.0,1.630,1.00,5.00
35.810,12.000,12.000,0.000,2470.402,0.000,0.000,0.000,0.000,0.000,117113.0,1.630,1.00,5.00
35.820,12.000,12.000,0.000,2470.402,0.000,0.000,0.000,0.000,0.000,117113.0,1.630,1.00,5.00
35.830,12.000,12.000,0.000,2470.402,0.000,0.000,0.000,0.000,0.000,117113.0,1.630,1.00,5.00
35.840,12.000,12.000,0.000,2470.402,0.000,0.000,0.000,0.000,0.000,117113.0,1.630,1.00,5.00
35.850,12.000,12.000,0.000,2470.402,0.000,0.000,0.000,0.000,0.000,117113.0,1.630,1.00,5.00
35.860,12.000,12.000,0.000,2470.402,0.000,0.000,0.000,0.000,0.000,117113.0,1.630,1.00,5.00
35.870,12.000,12.000,0.000,2470.402,0.000,0.000,0.000,0.000,0.000,117113.0,1.630,1.00,5.00
35.880,12.000,12.000,0.000,2470.402,0.000,0.000,0.000,0.000,0.000,117113.0,1.630,1.00,5.00
35.890,12.000,12.000,0.000,2470.402,0.000,0.000,0.000,0.000,0.000,117113.0,1.630,1.00,5.00
35.900,12.000,12.000,0.000,2470.402,0.000,0.000,0.000,0.000,0.000,117113.0,1.630,1.00,5.00
35.910,12.000,12.000,0.000,2470.402,0.000,0.000,0.000,0.000,0.000,117113.0,1.630,1.00,5.00
35.920,12.000,12.000,0.000,2470.402,0.000,0.000,0.000,0.000,0.000,117113.0,1.630,1.00,5.00
35.930,12.000,12.000,0.000,2470.402,0.000,0.000,0.000,0.000,0.000,117113.0,1.630,1.00,5.00
35.940,12.000,12.000,0.000,2470.402,0.000,0.000,0.000,0.000,0.000,117113.0,1.630,1.00,5.00
35.950,12.000,12.000,0.000,2470.402,0.000,0.000,0.000,0.000,0.000,117113.0,1.630,1.00,5.00
35.960,12.000,12.000,0.000,2470.402,0.000,0.000,0.000,0.000,0.000,117113.0,1.630,1.00,5.00
35.970,12.000,12.010,-0.010,0.000,34.467,0.000,0.000,0.000,0.000,117108.9,1.558,1.00,5.00
35.980,12.000,12.010,-0.010,0.000,1.942,0.000,0.000,0.000,0.000,117104.7,1.486,1.00,5.00
35.990,12.000,12.000,0.000,20032.791,0.000,0.000,0.000,0.000,0.000,117104.7,1.553,1.00,5.00
36.000,12.000,12.000,0.000,2469.975,0.000,0.000,0.000,0.000,0.000,117104.7,1.620,1.00,5.00
36.010,12.000,12.000,0.000,2471.530,0.000,0.000,0.000,0.000,0.000,117121.4,1.656,1.00,5.00
36.020,12.000,12.000,0.000,2471.530,0.000,0.000,0.000,0.000,0.000,117121.4,1.656,1.00,5.00
36.030,12.000,12.000,0.000,2471.530,0.000,0.000,0.000,0.000,0.000,117121.4,1.656,1.00,5.00
36.040,12.000,12.000,0.000,2471.530,0.000,0.000,0.000,0.000,0.000,117121.4,1.656,1.00,5.00
36.050,12.000,12.000,0.000,2471.530,0.000,0.000,0.000,0.000,0.000,117121.4,1.656,1.00,5.00
36.060,12.000,12.000,0.000,2471.530,0.000,0.000,0.000,0.000,0.000,117121.4,1.656,1.00,5.00
36.070,12.000,12.000,0.000,2471.530,0.000,0.000,0.000,0.000,0.000,117121.4,1.656,1.00,5.00
36.080,12.000,12.000,0.000,2471.530,0.000,0.000,0.000,0.000,0.000,117121.4,1.656,1.00,5.00
36.090,12.000,12.000,0.000,2471.530,0.000,0.000,0.000,0.000,0.000,117121.4,1.656,1.00,5.00
36.100,12.000,12.000,0.000,2471.530,0.000,0.000,0.000,0.000,0.000,117121.4,1.656,1.00,5.00
36.110,12.000,12.000,0.000,2471.530,0.000,0.000,0.000,0.000,0.000,117121.4,1.656,1.00,5.00
36.120,12.000,12.000,0.000,2471.530,0.000,0.000,0.000,0.000,0.000,117121.4,1.656,1.00,5.00
36.130,12.000,12.000,0.000,2471.530,0.000,0.000,0.000,0.000,0.000,117121.4,1.656,1.00,5.00
36.140,12.000,12.000,0.000,2471.530,0.000,0.000,0.000,0.000,0.000,117121.4,1.656,1.00,5.00
36.150,12.000,12.000,0.000,2471.530,0.000,0.000,0.000,0.000,0.000,117121.4,1.656,1.00,5.00
36.160,12.000,12.000,0.000,2471.530,0.000,0.000,0.000,0.000,0.000,117121.4,1.656,1.00,5.00
36.170,12.000,12.000,0.000,2471.530,0.000,0.000,0.000,0.000,0.000,117121.4,1.656,1.00,5.00
36.180,12.000,12.000,0.000,2471.530,0.000,0.000,0.000,0.000,0.000,117121.4,1.656,1.00,5.00
36.190,12.000,12.000,0.000,2471.530,0.000,0.000,0.000,0.000,0.000,117121.4,1.656,1.00,5.00
36.200,12.000,12.000,0.000,2471.530,0.000,0.000,0.000,0.000,0.000,117121.4,1.656,1.00,5.00
36.210,12.000,12.000,0.000,2471.530,0.000,0.000,0.000,0.000,0.000,117121.4,1.656,1.00,5.00
36.220,12.000,12.000,0.000,2471.530,0.000,0.000,0.000,0.000,0.000,117121.4,1.656,1.00,5.00
36.230,12.000,12.000,0.000,2471.530,0.000,0.000,0.000,0.000,0.000,117121.4,1.656,1.00,5.00
36.240,12.000,12.000,0.000,2471.530,0.000,0.000,0.000,0.000,0.000,117121.4,1.656,1.00,5.00
36.250,12.000,12.000,0.000,2471.530,0.000,0.000,0.000,0.000,0.000,117121.4,1.656,1.00,5.00
36.260,12.000,12.000,0.000,2471.530,0.000,0.000,0.000,0.000,0.000,117121.4,1.656,1.00,5.00
36.270,12.000,12.000,0.000,2471.530,0.000,0.000,0.000,0.000,0.000,117121.4,1.656,1.00,5.00
36.280,12.000,12.000,0.000,2471.530,0.000,0.000,0.000,0.000,0.000,117121.4,1.656,1.00,5.00
36.290,12.000,12.000,0.000,2471.530,0.000,0.000,0.000,0.000,0.000,117121.4,1.656,1.00,5.00
36.300,12.000,12.000,0.000,2471.530,0.000,0.000,0.000,0.000,0.000,117121.4,1.656,1.00,5.00
36.310,12.000,12.000,0.000,2471.530,0.000,0.000,0.000,0.000,0.000,117121.4,1.656,1.00,5.00
36.320,12.000,12.000,0.000,2471.530,0.000,0.000,0.000,0.000,0.000,117121.4,1.656,1.00,5.00
36.330,12.000,12.000,0.000,2471.530,0.000,0.000,0.000,0.000,0.000,117121.4,1.656,1.00,5.00
36.340,12.000,12.000,0.000,2471.530,0.000,0.000,0.000,0.000,0.000,117121.4,1.656,1.00,5.00
36.350,12.000,12.000,0.000,2471.530,0.000,0.000,0.000,0.000,0.000,117121.4,1.656,1.00,5.00
36.360,12.000,12.000,0.000,2471.530,0.000,0.000,0.000,0.000,0.000,117121.4,1.656,1.00,5.00
36.370,12.000,12.000,0.000,2471.530,0.000,0.000,0.000,0.000,0.000,117121.4,1.656,1.00,5.00
36.380,12.000,12.000,0.000,2471.530,0.000,0.000,0.000,0.000,0.000,117121.4,1.656,1.00,5.00
36.390,12.000,12.000,0.000,2471.530,0.000,0.000,0.000,0.000,0.000,117121.4,1.656,1.00,5.00
36.400,12.000,12.000,0.000,2471.530,0.000,0.000,0.000,0.000,0.000,117121.4,1.656,1.00,5.00
36.410,12.000,12.000,0.000,2471.530,0.000,0.000,0.000,0.000,0.000,117121.4,1.656,1.00,5.00
36.420,12.000,12.000,0.000,2471.530,0.000,0.000,0.000,0.000,0.000,117121.4,1.656,1.00,5.00
36.430,12.000,12.000,0.000,2471.530,0.000,0.000,0.000,0.000,0.000,117121.4,1.656,1.00,5.00
36.440,12.000,12.000,0.000,2471.530,0.000,0.000,0.000,0.000,0.000,117121.4,1.656,1.00,5.00
36.450,12.000,12.000,0.000,2471.530,0.000,0.000,0.000,0.000,0.000,117121.4,1.656,1.00,5.00
36.460,12.000,12.000,0.000,2471.530,0.000,0.000,0.000,0.000,0.000,117121.4,1.656,1.00,5.00
36.470,12.000,12.000,0.000,2471.530,0.000,0.000,0.000,0.000,0.000,117121.4,1.656,1.00,5.00
36.480,12.000,12.000,0.000,2471.530,0.000,0.000,0.000,0.000,0.000,117121.4,1.656,1.00,5.00
36.490,12.000,12.000,0.000,2471.530,0.000,0.000,0.000,0.000,0.000,117121.4,1.656,1.00,5.00
36.500,12.000,12.000,0.000,2471.530,0.000,0.000,0.000,0.000,0.000,117121.4,1.656,1.00,5.00
36.510,12.000,12.000,0.000,2471.530,0.000,0.000,0.000,0.000,0.000,117121.4,1.656,1.00,5.00
36.520,12.000,12.000,0.000,2471.530,0.000,0.000,0.000,0.000,0.000,117121.4,1.656,1.00,5.00
36.530,12.000,12.000,0.000,2471.530,0.000,0.000,0.000,0.000,0.000,117121.4,1.656,1.00,5.00
36.540,12.000,12.000,0.000,2471.530,0.000,0.000,0.000,0.000,0.000,117121.4,1.656,1.00,5.00
36.550,12.000,12.000,0.000,2471.530,0.000,0.000,0.000,0.000,0.000,117121.4,1.656,1.00,5.00
36.560,12.000,12.000,0.000,2471.530,0.000,0.000,0.000,0.000,0.000,117121.4,1.656,1.00,5.00
36.570,12.000,12.000,0.000,2471.530,0.000,0.000,0.000,0.000,0.000,117121.4,1.656,1.00,5.00
36.580,12.000,12.000,0.000,2471.530,0.000,0.000,0.000,0.000,0.000,117121.4,1.656,1.00,5.00
36.590,12.000,12.000,0.000,2471.530,0.000,0.000,0.000,0.000,0.000,117121.4,1.656,1.00,5.00
36.600,12.000,12.000,0.000,2471.530,0.000,0.000,0.000,0.000,0.000,117121.4,1.656,1.00,5.00
36.610,12.000,12.000,0.000,2471.530,0.000,0.000,0.000,0.000,0.000,117121.4,1.656,1.00,5.00
36.620,12.000,12.000,0.000,2471.530,0.000,0.000,0.000,0.000,0.000,117121.4,1.656,1.00,5.00
36.630,12.000,12.000,0.000,2471.530,0.000,0.000,0.000,0.000,0.000,117121.4,1.656,1.00,5.00
36.640,12.000,12.000,0.000,2471.530,0.000,0.000,0.000,0.000,0.000,117121.4,1.656,1.00,5.00
36.650,12.000,12.000,0.000,2471.530,0.000,0.000,0.000,0.000,0.000,117121.4,1.656,1.00,5.00
36.660,12.000,12.000,0.000,2471.530,0.000,0.000,0.000,0.000,0.000,117121.4,1.656,1.00,5.00
36.670,12.000,12.000,0.000,2471.530,0.000,0.000,0.000,0.000,0.000,117121.4,1.656,1.00,5.00
36.680,12.000,12.000,0.000,2471.530,0.000,0.000,0.000,0.000,0.000,117121.4,1.656,1.00,5.00
36.690,12.000,12.000,0.000,2471.530,0.000,0.000,0.000,0.000,0.000,117121.4,1.656,1.00,5.00
36.700,12.000,12.000,0.000,2471.530,0.000,0.000,0.000,0.000,0.000,117121.4,1.656,1.00,5.00
36.710,12.000,12.000,0.000,2471.530,0.000,0.000,0.000,0.000,0.000,117121.4,1.656,1.00,5.00
36.720,12.000,12.000,0.000,2471.530,0.000,0.000,0.000,0.000,0.000,117121.4,1.656,1.00,5.00
36.730,12.000,12.000,0.000,2471.530,0.000,0.000,0.000,0.000,0.000,117121.4,1.656,1.00,5.00
36.740,12.000,12.000,0.000,2471.530,0.000,0.000,0.000,0.000,0.000,117121.4,1.656,1.00,5.00
36.750,12.000,12.000,0.000,2471.530,0.000,0.000,0.000,0.000,0.000,117121.4,1.656,1.00,5.00
36.760,12.000,12.000,0.000,2471.530,0.000,0.000,0.000,0.000,0.000,117121.4,1.656,1.00,5.00
36.770,12.000,12.000,0.000,2471.530,0.000,0.000,0.000,0.000,0.000,117121.4,1.656,1.00,5.00
36.780,12.000,12.000,0.000,2471.530,0.000,0.000,0.000,0.000,0.000,117121.4,1.656,1.00,5.00
36.790,12.000,12.000,0.000,2471.530,0.000,0.000,0.000,0.000,0.000,117121.4,1.656,1.00,5.00
36.800,12.000,12.000,0.000,2471.530,0.000,0.000,0.000,0.000,0.000,117121.4,1.656,1.00,5.00
36.810,12.000,12.000,0.000,2471.530,0.000,0.000,0.000,0.000,0.000,117121.4,1.656,1.00,5.00
36.820,12.000,12.000,0.000,2471.530,0.000,0.000,0.000,0.000,0.000,117121.4,1.656,1.00,5.00
36.830,12.000,12.000,0.000,2471.530,0.000,0.000,0.000,0.000,0.000,117121.4,1.656,1.00,5.00
36.840,12.000,12.000,0.000,2471.530,0.000,0.000,0.000,0.000,0.000,117121.4,1.656,1.00,5.00
36.850,12.000,12.000,0.000,2471.530,0.000,0.000,0.000,0.000,0.000,117121.4,1.656,1.00,5.00
36.860,12.000,12.000,0.000,2471.530,0.000,0.000,0.000,0.000,0.000,117121.4,1.656,1.00,5.00
36.870,12.000,12.000,0.000,2471.530,0.000,0.000,0.000,0.000,0.000,117121.4,1.656,1.00,5.00
36.880,12.000,12.000,0.000,2471.530,0.000,0.000,0.000,0.000,0.000,117121.4,1.656,1.00,5.00
36.890,12.000,12.000,0.000,2471.530,0.000,0.000,0.000,0.000,0.000,117121.4,1.656,1.00,5.00
36.900,12.000,12.000,0.000,2471.530,0.000,0.000,0.000,0.000,0.000,117121.4,1.656,1.00,5.00
36.910,12.000,12.000,0.000,2471.530,0.000,0.000,0.000,0.000,0.000,117121.4,1.656,1.00,5.00
36.920,12.000,12.000,0.000,2471.530,0.000,0.000,0.000,0.000,0.000,117121.4,1.656,1.00,5.00
36.930,12.000,12.000,0.000,2471.530,0.000,0.000,0.000,0.000,0.000,117121.4,1.656,1.00,5.00
36.940,12.000,12.000,0.000,2471.530,0.000,0.000,0.000,0.000,0.000,117121.4,1.656,1.00,5.00
36.950,12.000,12.000,0.000,2471.530,0.000,0.000,0.000,0.000,0.000,117121.4,1.656,1.00,5.00
36.960,12.000,12.000,0.000,2471.530,0.000,0.000,0.000,0.000,0.000,117121.4,1.656,1.00,5.00
36.970,12.000,12.000,0.000,2471.530,0.000,0.000,0.000,0.000,0.000,117121.4,1.656,1.00,5.00
36.980,12.000,12.000,0.000,2471.530,0.000,0.000,0.000,0.000,0.000,117121.4,1.656,1.00,5.00
36.990,12.000,12.000,0.000,2471.530,0.000,0.000,0.000,0.000,0.000,117121.4,1.656,1.00,5.00
37.000,12.000,12.000,0.000,2471.530,0.000,0.000,0.000,0.000,0.000,117121.4,1.656,1.00,5.00
37.010,12.000,12.000,0.000,2471.530,0.000,0.000,0.000,0.000,0.000,117121.4,1.656,1.00,5.00
37.020,12.000,12.000,0.000,2471.530,0.000,0.000,0.000,0.000,0.000,117121.4,1.656,1.00,5.00
37.030,12.000,12.000,0.000,2471.530,0.000,0.000,0.000,0.000,0.000,117121.4,1.656,1.00,5.00
37.040,12.000,12.000,0.000,2471.530,0.000,0.000,0.000,0.000,0.000,117121.4,1.656,1.00,5.00
37.050,12.000,12.000,0.000,2471.530,0.000,0.000,0.000,0.000,0.000,117121.4,1.656,1.00,5.00
37.060,12.000,12.000,0.000,2471.530,0.000,0.000,0.000,0.000,0.000,117121.4,1.656,1.00,5.00
37.070,12.000,12.000,0.000,2471.530,0.000,0.000,0.000,0.000,0.000,117121.4,1.656,1.00,5.00
37.080,12.000,12.000,0.000,2471.530,0.000,0.000,0.000,0.000,0.000,117121.4,1.656,1.00,5.00
37.090,12.000,12.000,0.000,2471.530,0.000,0.000,0.000,0.000,0.000,117121.4,1.656,1.00,5.00
37.100,12.000,12.000,0.000,2471.530,0.000,0.000,0.000,0.000,0.000,117121.4,1.656,1.00,5.00
37.110,12.000,12.000,0.000,2471.530,0.000,0.000,0.000,0.000,0.000,117121.4,1.656,1.00,5.00
37.120,12.000,12.010,-0.010,0.000,34.468,0.000,0.000,0.000,0.000,117117.3,1.584,1.00,5.00
37.130,12.000,12.010,-0.010,0.000,1.941,0.000,0.000,0.000,0.000,117113.2,1.512,1.00,5.00
37.140,12.000,12.000,0.000,20035.186,0.000,0.000,0.000,0.000,0.000,117113.2,1.579,1.00,5.00
37.150,12.000,12.000,0.000,2471.103,0.000,0.000,0.000,0.000,0.000,117113.2,1.646,1.00,5.00
37.160,12.000,12.000,0.000,2472.658,0.000,0.000,0.000,0.000,0.000,117129.9,1.682,1.00,5.00
37.170,12.000,12.000,0.000,2472.658,0.000,0.000,0.000,0.000,0.000,117129.9,1.682,1.00,5.00
37.180,12.000,12.000,0.000,2472.658,0.000,0.000,0.000,0.000,0.000,117129.9,1.682,1.00,5.00
37.190,12.000,12.000,0.000,2472.658,0.000,0.000,0.000,0.000,0.000,117129.9,1.682,1.00,5.00
37.200,12.000,12.000,0.000,2472.658,0.000,0.000,0.000,0.000,0.000,117129.9,1.682,1.00,5.00
37.210,12.000,12.000,0.000,2472.658,0.000,0.000,0.000,0.000,0.000,117129.9,1.682,1.00,5.00
37.220,12.000,12.000,0.000,2472.658,0.000,0.000,0.000,0.000,0.000,117129.9,1.682,1.00,5.00
37.230,12.000,12.000,0.000,2472.658,0.000,0.000,0.000,0.000,0.000,117129.9,1.682,1.00,5.00
37.240,12.000,12.000,0.000,2472.658,0.000,0.000,0.000,0.000,0.000,117129.9,1.682,1.00,5.00
37.250,12.000,12.000,0.000,2472.658,0.000,0.000,0.000,0.000,0.000,117129.9,1.682,1.00,5.00
37.260,12.000,12.000,0.000,2472.658,0.000,0.000,0.000,0.000,0.000,117129.9,1.682,1.00,5.00
37.270,12.000,12.000,0.000,2472.658,0.000,0.000,0.000,0.000,0.000,117129.9,1.682,1.00,5.00
37.280,12.000,12.000,0.000,2472.658,0.000,0.000,0.000,0.000,0.000,117129.9,1.682,1.00,5.00
37.290,12.000,12.000,0.000,2472.658,0.000,0.000,0.000,0.000,0.000,117129.9,1.682,1.00,5.00
37.300,12.000,12.000,0.000,2472.658,0.000,0.000,0.000,0.000,0.000,117129.9,1.682,1.00,5.00
37.310,12.000,12.000,0.000,2472.658,0.000,0.000,0.000,0.000,0.000,117129.9,1.682,1.00,5.00
37.320,12.000,12.000,0.000,2472.658,0.000,0.000,0.000,0.000,0.000,117129.9,1.682,1.00,5.00
37.330,12.000,12.000,0.000,2472.658,0.000,0.000,0.000,0.000,0.000,117129.9,1.682,1.00,5.00
37.340,12.000,12.000,0.000,2472.658,0.000,0.000,0.000,0.000,0.000,117129.9,1.682,1.00,5.00
37.350,12.000,12.000,0.000,2472.658,0.000,0.000,0.000,0.000,0.000,117129.9,1.682,1.00,5.00
37.360,12.000,12.000,0.000,2472.658,0.000,0.000,0.000,0.000,0.000,117129.9,1.682,1.00,5.00
37.370,12.000,12.000,0.000,2472.658,0.000,0.000,0.000,0.000,0.000,117129.9,1.682,1.00,5.00
37.380,12.000,12.000,0.000,2472.658,0.000,0.000,0.000,0.000,0.000,117129.9,1.682,1.00,5.00
37.390,12.000,12.000,0.000,2472.658,0.000,0.000,0.000,0.000,0.000,117129.9,1.682,1.00,5.00
37.400,12.000,12.000,0.000,2472.658,0.000,0.000,0.000,0.000,0.000,117129.9,1.682,1.00,5.00
37.410,12.000,12.000,0.000,2472.658,0.000,0.000,0.000,0.000,0.000,117129.9,1.682,1.00,5.00
37.420,12.000,12.000,0.000,2472.658,0.000,0.000,0.000,0.000,0.000,117129.9,1.682,1.00,5.00
37.430,12.000,12.000,0.000,2472.658,0.000,0.000,0.000,0.000,0.000,117129.9,1.682,1.00,5.00
37.440,12.000,12.000,0.000,2472.658,0.000,0.000,0.000,0.000,0.000,117129.9,1.682,1.00,5.00
37.450,12.000,12.000,0.000,2472.658,0.000,0.000,0.000,0.000,0.000,117129.9,1.682,1.00,5.00
37.460,12.000,12.000,0.000,2472.658,0.000,0.000,0.000,0.000,0.000,117129.9,1.682,1.00,5.00
37.470,12.000,12.000,0.000,2472.658,0.000,0.000,0.000,0.000,0.000,117129.9,1.682,1.00,5.00
37.480,12.000,12.000,0.000,2472.658,0.000,0.000,0.000,0.000,0.000,117129.9,1.682,1.00,5.00
37.490,12.000,12.000,0.000,2472.658,0.000,0.000,0.000,0.000,0.000,117129.9,1.682,1.00,5.00
37.500,12.000,12.000,0.000,2472.658,0.000,0.000,0.000,0.000,0.000,117129.9,1.682,1.00,5.00
37.510,12.000,12.000,0.000,2472.658,0.000,0.000,0.000,0.000,0.000,117129.9,1.682,1.00,5.00
37.520,12.000,12.000,0.000,2472.658,0.000,0.000,0.000,0.000,0.000,117129.9,1.682,1.00,5.00
37.530,12.000,12.000,0.000,2472.658,0.000,0.000,0.000,0.000,0.000,117129.9,1.682,1.00,5.00
37.540,12.000,12.000,0.000,2472.658,0.000,0.000,0.000,0.000,0.000,117129.9,1.682,1.00,5.00
37.550,12.000,12.000,0.000,2472.658,0.000,0.000,0.000,0.000,0.000,117129.9,1.682,1.00,5.00
37.560,12.000,12.000,0.000,2472.658,0.000,0.000,0.000,0.000,0.000,117129.9,1.682,1.00,5.00
37.570,12.000,12.000,0.000,2472.658,0.000,0.000,0.000,0.000,0.000,117129.9,1.682,1.00,5.00
37.580,12.000,12.000,0.000,2472.658,0.000,0.000,0.000,0.000,0.000,117129.9,1.682,1.00,5.00
37.590,12.000,12.000,0.000,2472.658,0.000,0.000,0.000,0.000,0.000,117129.9,1.682,1.00,5.00
37.600,12.000,12.000,0.000,2472.658,0.000,0.000,0.000,0.000,0.000,117129.9,1.682,1.00,5.00
37.610,12.000,12.000,0.000,2472.658,0.000,0.000,0.000,0.000,0.000,117129.9,1.682,1.00,5.00
37.620,12.000,12.000,0.000,2472.658,0.000,0.000,0.000,0.000,0.000,117129.9,1.682,1.00,5.00
37.630,12.000,12.000,0.000,2472.658,0.000,0.000,0.000,0.000,0.000,117129.9,1.682,1.00,5.00
37.640,12.000,12.000,0.000,2472.658,0.000,0.000,0.000,0.000,0.000,117129.9,1.682,1.00,5.00
37.650,12.000,12.000,0.000,2472.658,0.000,0.000,0.000,0.000,0.000,117129.9,1.682,1.00,5.00
37.660,12.000,12.000,0.000,2472.658,0.000,0.000,0.000,0.000,0.000,117129.9,1.682,1.00,5.00
37.670,12.000,12.000,0.000,2472.658,0.000,0.000,0.000,0.000,0.000,117129.9,1.682,1.00,5.00
37.680,12.000,12.000,0.000,2472.658,0.000,0.000,0.000,0.000,0.000,117129.9,1.682,1.00,5.00
37.690,12.000,12.000,0.000,2472.658,0.000,0.000,0.000,0.000,0.000,117129.9,1.682,1.00,5.00
37.700,12.000,12.000,0.000,2472.658,0.000,0.000,0.000,0.000,0.000,117129.9,1.682,1.00,5.00
37.710,12.000,12.000,0.000,2472.658,0.000,0.000,0.000,0.000,0.000,117129.9,1.682,1.00,5.00
37.720,12.000,12.000,0.000,2472.658,0.000,0.000,0.000,0.000,0.000,117129.9,1.682,1.00,5.00
37.730,12.000,12.000,0.000,2472.658,0.000,0.000,0.000,0.000,0.000,117129.9,1.682,1.00,5.00
37.740,12.000,12.000,0.000,2472.658,0.000,0.000,0.000,0.000,0.000,117129.9,1.682,1.00,5.00
37.750,12.000,12.000,0.000,2472.658,0.000,0.000,0.000,0.000,0.000,117129.9,1.682,1.00,5.00
37.760,12.000,12.000,0.000,2472.658,0.000,0.000,0.000,0.000,0.000,117129.9,1.682,1.00,5.00
37.770,12.000,12.000,0.000,2472.658,0.000,0.000,0.000,0.000,0.000,117129.9,1.682,1.00,5.00
37.780,12.000,12.000,0.000,2472.658,0.000,0.000,0.000,0.000,0.000,117129.9,1.682,1.00,5.00
37.790,12.000,12.000,0.000,2472.658,0.000,0.000,0.000,0.000,0.000,117129.9,1.682,1.00,5.00
37.800,12.000,12.000,0.000,2472.658,0.000,0.000,0.000,0.000,0.000,117129.9,1.682,1.00,5.00
37.810,12.000,12.000,0.000,2472.658,0.000,0.000,0.000,0.000,0.000,117129.9,1.682,1.00,5.00
37.820,12.000,12.000,0.000,2472.658,0.000,0.000,0.000,0.000,0.000,117129.9,1.682,1.00,5.00
37.830,12.000,12.000,0.000,2472.658,0.000,0.000,0.000,0.000,0.000,117129.9,1.682,1.00,5.00
37.840,12.000,12.000,0.000,2472.658,0.000,0.000,0.000,0.000,0.000,117129.9,1.682,1.00,5.00
37.850,12.000,12.000,0.000,2472.658,0.000,0.000,0.000,0.000,0.000,117129.9,1.682,1.00,5.00
37.860,12.000,12.000,0.000,2472.658,0.000,0.000,0.000,0.000,0.000,117129.9,1.682,1.00,5.00
37.870,12.000,12.000,0.000,2472.658,0.000,0.000,0.000,0.000,0.000,117129.9,1.682,1.00,5.00
37.880,12.000,12.000,0.000,2472.658,0.000,0.000,0.000,0.000,0.000,117129.9,1.682,1.00,5.00
37.890,12.000,12.000,0.000,2472.658,0.000,0.000,0.000,0.000,0.000,117129.9,1.682,1.00,5.00
37.900,12.000,12.000,0.000,2472.658,0.000,0.000,0.000,0.000,0.000,117129.9,1.682,1.00,5.00
37.910,12.000,12.000,0.000,2472.658,0.000,0.000,0.000,0.000,0.000,117129.9,1.682,1.00,5.00
37.920,12.000,12.000,0.000,2472.658,0.000,0.000,0.000,0.000,0.000,117129.9,1.682,1.00,5.00
37.930,12.000,12.000,0.000,2472.658,0.000,0.000,0.000,0.000,0.000,117129.9,1.682,1.00,5.00
37.940,12.000,12.000,0.000,2472.658,0.000,0.000,0.000,0.000,0.000,117129.9,1.682,1.00,5.00
37.950,12.000,12.000,0.000,2472.658,0.000,0.000,0.000,0.000,0.000,117129.9,1.682,1.00,5.00
37.960,12.000,12.000,0.000,2472.658,0.000,0.000,0.000,0.000,0.000,117129.9,1.682,1.00,5.00
37.970,12.000,12.000,0.000,2472.658,0.000,0.000,0.000,0.000,0.000,117129.9,1.682,1.00,5.00
37.980,12.000,12.000,0.000,2472.658,0.000,0.000,0.000,0.000,0.000,117129.9,1.682,1.00,5.00
37.990,12.000,12.000,0.000,2472.658,0.000,0.000,0.000,0.000,0.000,117129.9,1.682,1.00,5.00
38.000,12.000,12.000,0.000,2472.658,0.000,0.000,0.000,0.000,0.000,117129.9,1.682,1.00,5.00
38.010,12.000,12.000,0.000,2472.658,0.000,0.000,0.000,0.000,0.000,117129.9,1.682,1.00,5.00
38.020,12.000,12.000,0.000,2472.658,0.000,0.000,0.000,0.000,0.000,117129.9,1.682,1.00,5.00
38.030,12.000,12.000,0.000,2472.658,0.000,0.000,0.000,0.000,0.000,117129.9,1.682,1.00,5.00
38.040,12.000,12.000,0.000,2472.658,0.000,0.000,0.000,0.000,0.000,117129.9,1.682,1.00,5.00
38.050,12.000,12.000,0.000,2472.658,0.000,0.000,0.000,0.000,0.000,117129.9,1.682,1.00,5.00
38.060,12.000,12.000,0.000,2472.658,0.000,0.000,0.000,0.000,0.000,117129.9,1.682,1.00,5.00
38.070,12.000,12.000,0.000,2472.658,0.000,0.000,0.000,0.000,0.000,117129.9,1.682,1.00,5.00
38.080,12.000,12.000,0.000,2472.658,0.000,0.000,0.000,0.000,0.000,117129.9,1.682,1.00,5.00
38.090,12.000,12.000,0.000,2472.658,0.000,0.000,0.000,0.000,0.000,117129.9,1.682,1.00,5.00
38.100,12.000,12.000,0.000,2472.658,0.000,0.000,0.000,0.000,0.000,117129.9,1.682,1.00,5.00
38.110,12.000,12.000,0.000,2472.658,0.000,0.000,0.000,0.000,0.000,117129.9,1.682,1.00,5.00
38.120,12.000,12.000,0.000,2472.658,0.000,0.000,0.000,0.000,0.000,117129.9,1.682,1.00,5.00
38.130,12.000,12.000,0.000,2472.658,0.000,0.000,0.000,0.000,0.000,117129.9,1.682,1.00,5.00
38.140,12.000,12.000,0.000,2472.658,0.000,0.000,0.000,0.000,0.000,117129.9,1.682,1.00,5.00
38.150,12.000,12.000,0.000,2472.658,0.000,0.000,0.000,0.000,0.000,117129.9,1.682,1.00,5.00
38.160,12.000,12.000,0.000,2472.658,0.000,0.000,0.000,0.000,0.000,117129.9,1.682,1.00,5.00
38.170,12.000,12.000,0.000,2472.658,0.000,0.000,0.000,0.000,0.000,117129.9,1.682,1.00,5.00
38.180,12.000,12.000,0.000,2472.658,0.000,0.000,0.000,0.000,0.000,117129.9,1.682,1.00,5.00
38.190,12.000,12.000,0.000,2472.658,0.000,0.000,0.000,0.000,0.000,117129.9,1.682,1.00,5.00
38.200,12.000,12.000,0.000,2472.658,0.000,0.000,0.000,0.000,0.000,117129.9,1.682,1.00,5.00
38.210,12.000,12.000,0.000,2472.658,0.000,0.000,0.000,0.000,0.000,117129.9,1.682,1.00,5.00
38.220,12.000,12.000,0.000,2472.658,0.000,0.000,0.000,0.000,0.000,117129.9,1.682,1.00,5.00
38.230,12.000,12.000,0.000,2472.658,0.000,0.000,0.000,0.000,0.000,117129.9,1.682,1.00,5.00
38.240,12.000,12.010,-0.010,0.000,34.468,0.000,0.000,0.000,0.000,117125.8,1.610,1.00,5.00
38.250,12.000,12.010,-0.010,0.000,1.939,0.000,0.000,0.000,0.000,117121.6,1.538,1.00,5.00
38.260,12.000,12.000,0.000,20037.582,0.000,0.000,0.000,0.000,0.000,117121.6,1.605,1.00,5.00
38.270,12.000,12.000,0.000,2472.231,0.000,0.000,0.000,0.000,0.000,117121.6,1.672,1.00,5.00
38.280,12.000,12.000,0.000,2473.786,0.000,0.000,0.000,0.000,0.000,117138.3,1.708,1.00,5.00
38.290,12.000,12.000,0.000,2473.786,0.000,0.000,0.000,0.000,0.000,117138.3,1.708,1.00,5.00
38.300,12.000,12.000,0.000,2473.786,0.000,0.000,0.000,0.000,0.000,117138.3,1.708,1.00,5.00
38.310,12.000,12.000,0.000,2473.786,0.000,0.000,0.000,0.000,0.000,117138.3,1.708,1.00,5.00
38.320,12.000,12.000,0.000,2473.786,0.000,0.000,0.000,0.000,0.000,117138.3,1.708,1.00,5.00
38.330,12.000,12.000,0.000,2473.786,0.000,0.000,0.000,0.000,0.000,117138.3,1.708,1.00,5.00
38.340,12.000,12.000,0.000,2473.786,0.000,0.000,0.000,0.000,0.000,117138.3,1.708,1.00,5.00
38.350,12.000,12.000,0.000,2473.786,0.000,0.000,0.000,0.000,0.000,117138.3,1.708,1.00,5.00
38.360,12.000,12.000,0.000,2473.786,0.000,0.000,0.000,0.000,0.000,117138.3,1.708,1.00,5.00
38.370,12.000,12.000,0.000,2473.786,0.000,0.000,0.000,0.000,0.000,117138.3,1.708,1.00,5.00
38.380,12.000,12.000,0.000,2473.786,0.000,0.000,0.000,0.000,0.000,117138.3,1.708,1.00,5.00
38.390,12.000,12.000,0.000,2473.786,0.000,0.000,0.000,0.000,0.000,117138.3,1.708,1.00,5.00
38.400,12.000,12.000,0.000,2473.786,0.000,0.000,0.000,0.000,0.000,117138.3,1.708,1.00,5.00
38.410,12.000,12.000,0.000,2473.786,0.000,0.000,0.000,0.000,0.000,117138.3,1.708,1.00,5.00
38.420,12.000,12.000,0.000,2473.786,0.000,0.000,0.000,0.000,0.000,117138.3,1.708,1.00,5.00
38.430,12.000,12.000,0.000,2473.786,0.000,0.000,0.000,0.000,0.000,117138.3,1.708,1.00,5.00
38.440,12.000,12.000,0.000,2473.786,0.000,0.000,0.000,0.000,0.000,117138.3,1.708,1.00,5.00
38.450,12.000,12.000,0.000,2473.786,0.000,0.000,0.000,0.000,0.000,117138.3,1.708,1.00,5.00
38.460,12.000,12.000,0.000,2473.786,0.000,0.000,0.000,0.000,0.000,117138.3,1.708,1.00,5.00
38.470,12.000,12.000,0.000,2473.786,0.000,0.000,0.000,0.000,0.000,117138.3,1.708,1.00,5.00
38.480,12.000,12.000,0.000,2473.786,0.000,0.000,0.000,0.000,0.000,117138.3,1.708,1.00,5.00
38.490,12.000,12.000,0.000,2473.786,0.000,0.000,0.000,0.000,0.000,117138.3,1.708,1.00,5.00
38.500,12.000,12.000,0.000,2473.786,0.000,0.000,0.000,0.000,0.000,117138.3,1.708,1.00,5.00
38.510,12.000,12.000,0.000,2473.786,0.000,0.000,0.000,0.000,0.000,117138.3,1.708,1.00,5.00
38.520,12.000,12.000,0.000,2473.786,0.000,0.000,0.000,0.000,0.000,117138.3,1.708,1.00,5.00
38.530,12.000,12.000,0.000,2473.786,0.000,0.000,0.000,0.000,0.000,117138.3,1.708,1.00,5.00
38.540,12.000,12.000,0.000,2473.786,0.000,0.000,0.000,0.000,0.000,117138.3,1.708,1.00,5.00
38.550,12.000,12.000,0.000,2473.786,0.000,0.000,0.000,0.000,0.000,117138.3,1.708,1.00,5.00
38.560,12.000,12.000,0.000,2473.786,0.000,0.000,0.000,0.000,0.000,117138.3,1.708,1.00,5.00
38.570,12.000,12.000,0.000,2473.786,0.000,0.000,0.000,0.000,0.000,117138.3,1.708,1.00,5.00
38.580,12.000,12.000,0.000,2473.786,0.000,0.000,0.000,0.000,0.000,117138.3,1.708,1.00,5.00
38.590,12.000,12.000,0.000,2473.786,0.000,0.000,0.000,0.000,0.000,117138.3,1.708,1.00,5.00
38.600,12.000,12.000,0.000,2473.786,0.000,0.000,0.000,0.000,0.000,117138.3,1.708,1.00,5.00
38.610,12.000,12.000,0.000,2473.786,0.000,0.000,0.000,0.000,0.000,117138.3,1.708,1.00,5.00
38.620,12.000,12.000,0.000,2473.786,0.000,0.000,0.000,0.000,0.000,117138.3,1.708,1.00,5.00
38.630,12.000,12.000,0.000,2473.786,0.000,0.000,0.000,0.000,0.000,117138.3,1.708,1.00,5.00
38.640,12.000,12.000,0.000,2473.786,0.000,0.000,0.000,0.000,0.000,117138.3,1.708,1.00,5.00
38.650,12.000,12.000,0.000,2473.786,0.000,0.000,0.000,0.000,0.000,117138.3,1.708,1.00,5.00
38.660,12.000,12.000,0.000,2473.786,0.000,0.000,0.000,0.000,0.000,117138.3,1.708,1.00,5.00
38.670,12.000,12.000,0.000,2473.786,0.000,0.000,0.000,0.000,0.000,117138.3,1.708,1.00,5.00
38.680,12.000,12.000,0.000,2473.786,0.000,0.000,0.000,0.000,0.000,117138.3,1.708,1.00,5.00
38.690,12.000,12.000,0.000,2473.786,0.000,0.000,0.000,0.000,0.000,117138.3,1.708,1.00,5.00
38.700,12.000,12.000,0.000,2473.786,0.000,0.000,0.000,0.000,0.000,117138.3,1.708,1.00,5.00
38.710,12.000,12.000,0.000,2473.786,0.000,0.000,0.000,0.000,0.000,117138.3,1.708,1.00,5.00
38.720,12.000,12.000,0.000,2473.786,0.000,0.000,0.000,0.000,0.000,117138.3,1.708,1.00,5.00
38.730,12.000,12.000,0.000,2473.786,0.000,0.000,0.000,0.000,0.000,117138.3,1.708,1.00,5.00
38.740,12.000,12.000,0.000,2473.786,0.000,0.000,0.000,0.000,0.000,117138.3,1.708,1.00,5.00
38.750,12.000,12.000,0.000,2473.786,0.000,0.000,0.000,0.000,0.000,117138.3,1.708,1.00,5.00
38.760,12.000,12.000,0.000,2473.786,0.000,0.000,0.000,0.000,0.000,117138.3,1.708,1.00,5.00
38.770,12.000,12.000,0.000,2473.786,0.000,0.000,0.000,0.000,0.000,117138.3,1.708,1.00,5.00
38.780,12.000,12.000,0.000,2473.786,0.000,0.000,0.000,0.000,0.000,117138.3,1.708,1.00,5.00
38.790,12.000,12.000,0.000,2473.786,0.000,0.000,0.000,0.000,0.000,117138.3,1.708,1.00,5.00
38.800,12.000,12.000,0.000,2473.786,0.000,0.000,0.000,0.000,0.000,117138.3,1.708,1.00,5.00
38.810,12.000,12.000,0.000,2473.786,0.000,0.000,0.000,0.000,0.000,117138.3,1.708,1.00,5.00
38.820,12.000,12.000,0.000,2473.786,0.000,0.000,0.000,0.000,0.000,117138.3,1.708,1.00,5.00
38.830,12.000,12.000,0.000,2473.786,0.000,0.000,0.000,0.000,0.000,117138.3,1.708,1.00,5.00
38.840,12.000,12.000,0.000,2473.786,0.000,0.000,0.000,0.000,0.000,117138.3,1.708,1.00,5.00
38.850,12.000,12.000,0.000,2473.786,0.000,0.000,0.000,0.000,0.000,117138.3,1.708,1.00,5.00
38.860,12.000,12.000,0.000,2473.786,0.000,0.000,0.000,0.000,0.000,117138.3,1.708,1.00,5.00
38.870,12.000,12.000,0.000,2473.786,0.000,0.000,0.000,0.000,0.000,117138.3,1.708,1.00,5.00
38.880,12.000,12.000,0.000,2473.786,0.000,0.000,0.000,0.000,0.000,117138.3,1.708,1.00,5.00
38.890,12.000,12.000,0.000,2473.786,0.000,0.000,0.000,0.000,0.000,117138.3,1.708,1.00,5.00
38.900,12.000,12.000,0.000,2473.786,0.000,0.000,0.000,0.000,0.000,117138.3,1.708,1.00,5.00
38.910,12.000,12.000,0.000,2473.786,0.000,0.000,0.000,0.000,0.000,117138.3,1.708,1.00,5.00
38.920,12.000,12.000,0.000,2473.786,0.000,0.000,0.000,0.000,0.000,117138.3,1.708,1.00,5.00
38.930,12.000,12.000,0.000,2473.786,0.000,0.000,0.000,0.000,0.000,117138.3,1.708,1.00,5.00
38.940,12.000,12.000,0.000,2473.786,0.000,0.000,0.000,0.000,0.000,117138.3,1.708,1.00,5.00
38.950,12.000,12.000,0.000,2473.786,0.000,0.000,0.000,0.000,0.000,117138.3,1.708,1.00,5.00
38.960,12.000,12.000,0.000,2473.786,0.000,0.000,0.000,0.000,0.000,117138.3,1.708,1.00,5.00
38.970,12.000,12.000,0.000,2473.786,0.000,0.000,0.000,0.000,0.000,117138.3,1.708,1.00,5.00
38.980,12.000,12.000,0.000,2473.786,0.000,0.000,0.000,0.000,0.000,117138.3,1.708,1.00,5.00
38.990,12.000,12.000,0.000,2473.786,0.000,0.000,0.000,0.000,0.000,117138.3,1.708,1.00,5.00
39.000,12.000,12.000,0.000,2473.786,0.000,0.000,0.000,0.000,0.000,117138.3,1.708,1.00,5.00
39.010,12.000,12.000,0.000,2473.786,0.000,0.000,0.000,0.000,0.000,117138.3,1.708,1.00,5.00
39.020,12.000,12.000,0.000,2473.786,0.000,0.000,0.000,0.000,0.000,117138.3,1.708,1.00,5.00
39.030,12.000,12.000,0.000,2473.786,0.000,0.000,0.000,0.000,0.000,117138.3,1.708,1.00,5.00
39.040,12.000,12.000,0.000,2473.786,0.000,0.000,0.000,0.000,0.000,117138.3,1.708,1.00,5.00
39.050,12.000,12.000,0.000,2473.786,0.000,0.000,0.000,0.000,0.000,117138.3,1.708,1.00,5.00
39.060,12.000,12.000,0.000,2473.786,0.000,0.000,0.000,0.000,0.000,117138.3,1.708,1.00,5.00
39.070,12.000,12.000,0.000,2473.786,0.000,0.000,0.000,0.000,0.000,117138.3,1.708,1.00,5.00
39.080,12.000,12.000,0.000,2473.786,0.000,0.000,0.000,0.000,0.000,117138.3,1.708,1.00,5.00
39.090,12.000,12.000,0.000,2473.786,0.000,0.000,0.000,0.000,0.000,117138.3,1.708,1.00,5.00
39.100,12.000,12.000,0.000,2473.786,0.000,0.000,0.000,0.000,0.000,117138.3,1.708,1.00,5.00
39.110,12.000,12.000,0.000,2473.786,0.000,0.000,0.000,0.000,0.000,117138.3,1.708,1.00,5.00
39.120,12.000,12.000,0.000,2473.786,0.000,0.000,0.000,0.000,0.000,117138.3,1.708,1.00,5.00
39.130,12.000,12.000,0.000,2473.786,0.000,0.000,0.000,0.000,0.000,117138.3,1.708,1.00,5.00
39.140,12.000,12.000,0.000,2473.786,0.000,0.000,0.000,0.000,0.000,117138.3,1.708,1.00,5.00
39.150,12.000,12.000,0.000,2473.786,0.000,0.000,0.000,0.000,0.000,117138.3,1.708,1.00,5.00
39.160,12.000,12.000,0.000,2473.786,0.000,0.000,0.000,0.000,0.000,117138.3,1.708,1.00,5.00
39.170,12.000,12.000,0.000,2473.786,0.000,0.000,0.000,0.000,0.000,117138.3,1.708,1.00,5.00
39.180,12.000,12.000,0.000,2473.786,0.000,0.000,0.000,0.000,0.000,117138.3,1.708,1.00,5.00
39.190,12.000,12.000,0.000,2473.786,0.000,0.000,0.000,0.000,0.000,117138.3,1.708,1.00,5.00
39.200,12.000,12.000,0.000,2473.786,0.000,0.000,0.000,0.000,0.000,117138.3,1.708,1.00,5.00
39.210,12.000,12.000,0.000,2473.786,0.000,0.000,0.000,0.000,0.000,117138.3,1.708,1.00,5.00
39.220,12.000,12.000,0.000,2473.786,0.000,0.000,0.000,0.000,0.000,117138.3,1.708,1.00,5.00
39.230,12.000,12.000,0.000,2473.786,0.000,0.000,0.000,0.000,0.000,117138.3,1.708,1.00,5.00
39.240,12.000,12.000,0.000,2473.786,0.000,0.000,0.000,0.000,0.000,117138.3,1.708,1.00,5.00
39.250,12.000,12.000,0.000,2473.786,0.000,0.000,0.000,0.000,0.000,117138.3,1.708,1.00,5.00
39.260,12.000,12.000,0.000,2473.786,0.000,0.000,0.000,0.000,0.000,117138.3,1.708,1.00,5.00
39.270,12.000,12.000,0.000,2473.786,0.000,0.000,0.000,0.000,0.000,117138.3,1.708,1.00,5.00
39.280,12.000,12.000,0.000,2473.786,0.000,0.000,0.000,0.000,0.000,117138.3,1.708,1.00,5.00
39.290,12.000,12.000,0.000,2473.786,0.000,0.000,0.000,0.000,0.000,117138.3,1.708,1.00,5.00
39.300,12.000,12.000,0.000,2473.786,0.000,0.000,0.000,0.000,0.000,117138.3,1.708,1.00,5.00
39.310,12.000,12.000,0.000,2473.786,0.000,0.000,0.000,0.000,0.000,117138.3,1.708,1.00,5.00
39.320,12.000,12.000,0.000,2473.786,0.000,0.000,0.000,0.000,0.000,117138.3,1.708,1.00,5.00
39.330,12.000,12.000,0.000,2473.786,0.000,0.000,0.000,0.000,0.000,117138.3,1.708,1.00,5.00
39.340,12.000,12.000,0.000,2473.786,0.000,0.000,0.000,0.000,0.000,117138.3,1.708,1.00,5.00
39.350,12.000,12.000,0.000,2473.786,0.000,0.000,0.000,0.000,0.000,117138.3,1.708,1.00,5.00
39.360,12.000,12.000,0.000,2473.786,0.000,0.000,0.000,0.000,0.000,117138.3,1.708,1.00,5.00
39.370,12.000,12.000,0.000,2473.786,0.000,0.000,0.000,0.000,0.000,117138.3,1.708,1.00,5.00
39.380,12.000,12.000,0.000,2473.786,0.000,0.000,0.000,0.000,0.000,117138.3,1.708,1.00,5.00
39.390,12.000,12.010,-0.010,0.000,34.469,0.000,0.000,0.000,0.000,117134.2,1.636,1.00,5.00
39.400,12.000,12.010,-0.010,0.000,1.937,0.000,0.000,0.000,0.000,117130.1,1.564,1.00,5.00
39.410,12.000,12.000,0.000,20039.977,0.000,0.000,0.000,0.000,0.000,117130.1,1.631,1.00,5.00
39.420,12.000,12.000,0.000,2473.359,0.000,0.000,0.000,0.000,0.000,117130.1,1.698,1.00,5.00
39.430,12.000,12.000,0.000,2474.914,0.000,0.000,0.000,0.000,0.000,117146.8,1.734,1.00,5.00
39.440,12.000,12.000,0.000,2474.914,0.000,0.000,0.000,0.000,0.000,117146.8,1.734,1.00,5.00
39.450,12.000,12.000,0.000,2474.914,0.000,0.000,0.000,0.000,0.000,117146.8,1.734,1.00,5.00
39.460,12.000,12.000,0.000,2474.914,0.000,0.000,0.000,0.000,0.000,117146.8,1.734,1.00,5.00
39.470,12.000,12.000,0.000,2474.914,0.000,0.000,0.000,0.000,0.000,117146.8,1.734,1.00,5.00
39.480,12.000,12.000,0.000,2474.914,0.000,0.000,0.000,0.000,0.000,117146.8,1.734,1.00,5.00
39.490,12.000,12.000,0.000,2474.914,0.000,0.000,0.000,0.000,0.000,117146.8,1.734,1.00,5.00
39.500,12.000,12.000,0.000,2474.914,0.000,0.000,0.000,0.000,0.000,117146.8,1.734,1.00,5.00
39.510,12.000,12.000,0.000,2474.914,0.000,0.000,0.000,0.000,0.000,117146.8,1.734,1.00,5.00
39.520,12.000,12.000,0.000,2474.914,0.000,0.000,0.000,0.000,0.000,117146.8,1.734,1.00,5.00
39.530,12.000,12.000,0.000,2474.914,0.000,0.000,0.000,0.000,0.000,117146.8,1.734,1.00,5.00
39.540,12.000,12.000,0.000,2474.914,0.000,0.000,0.000,0.000,0.000,117146.8,1.734,1.00,5.00
39.550,12.000,12.000,0.000,2474.914,0.000,0.000,0.000,0.000,0.000,117146.8,1.734,1.00,5.00
39.560,12.000,12.000,0.000,2474.914,0.000,0.000,0.000,0.000,0.000,117146.8,1.734,1.00,5.00
39.570,12.000,12.000,0.000,2474.914,0.000,0.000,0.000,0.000,0.000,117146.8,1.734,1.00,5.00
39.580,12.000,12.000,0.000,2474.914,0.000,0.000,0.000,0.000,0.000,117146.8,1.734,1.00,5.00
39.590,12.000,12.000,0.000,2474.914,0.000,0.000,0.000,0.000,0.000,117146.8,1.734,1.00,5.00
39.600,12.000,12.000,0.000,2474.914,0.000,0.000,0.000,0.000,0.000,117146.8,1.734,1.00,5.00
39.610,12.000,12.000,0.000,2474.914,0.000,0.000,0.000,0.000,0.000,117146.8,1.734,1.00,5.00
39.620,12.000,12.000,0.000,2474.914,0.000,0.000,0.000,0.000,0.000,117146.8,1.734,1.00,5.00
39.630,12.000,12.000,0.000,2474.914,0.000,0.000,0.000,0.000,0.000,117146.8,1.734,1.00,5.00
39.640,12.000,12.000,0.000,2474.914,0.000,0.000,0.000,0.000,0.000,117146.8,1.734,1.00,5.00
39.650,12.000,12.000,0.000,2474.914,0.000,0.000,0.000,0.000,0.000,117146.8,1.734,1.00,5.00
39.660,12.000,12.000,0.000,2474.914,0.000,0.000,0.000,0.000,0.000,117146.8,1.734,1.00,5.00
39.670,12.000,12.000,0.000,2474.914,0.000,0.000,0.000,0.000,0.000,117146.8,1.734,1.00,5.00
39.680,12.000,12.000,0.000,2474.914,0.000,0.000,0.000,0.000,0.000,117146.8,1.734,1.00,5.00
39.690,12.000,12.000,0.000,2474.914,0.000,0.000,0.000,0.000,0.000,117146.8,1.734,1.00,5.00
39.700,12.000,12.000,0.000,2474.914,0.000,0.000,0.000,0.000,0.000,117146.8,1.734,1.00,5.00
39.710,12.000,12.000,0.000,2474.914,0.000,0.000,0.000,0.000,0.000,117146.8,1.734,1.00,5.00
39.720,12.000,12.000,0.000,2474.914,0.000,0.000,0.000,0.000,0.000,117146.8,1.734,1.00,5.00
39.730,12.000,12.000,0.000,2474.914,0.000,0.000,0.000,0.000,0.000,117146.8,1.734,1.00,5.00
39.740,12.000,12.000,0.000,2474.914,0.000,0.000,0.000,0.000,0.000,117146.8,1.734,1.00,5.00
39.750,12.000,12.000,0.000,2474.914,0.000,0.000,0.000,0.000,0.000,117146.8,1.734,1.00,5.00
39.760,12.000,12.000,0.000,2474.914,0.000,0.000,0.000,0.000,0.000,117146.8,1.734,1.00,5.00
39.770,12.000,12.000,0.000,2474.914,0.000,0.000,0.000,0.000,0.000,117146.8,1.734,1.00,5.00
39.780,12.000,12.000,0.000,2474.914,0.000,0.000,0.000,0.000,0.000,117146.8,1.734,1.00,5.00
39.790,12.000,12.000,0.000,2474.914,0.000,0.000,0.000,0.000,0.000,117146.8,1.734,1.00,5.00
39.800,12.000,12.000,0.000,2474.914,0.000,0.000,0.000,0.000,0.000,117146.8,1.734,1.00,5.00
39.810,12.000,12.000,0.000,2474.914,0.000,0.000,0.000,0.000,0.000,117146.8,1.734,1.00,5.00
39.820,12.000,12.000,0.000,2474.914,0.000,0.000,0.000,0.000,0.000,117146.8,1.734,1.00,5.00
39.830,12.000,12.000,0.000,2474.914,0.000,0.000,0.000,0.000,0.000,117146.8,1.734,1.00,5.00
39.840,12.000,12.000,0.000,2474.914,0.000,0.000,0.000,0.000,0.000,117146.8,1.734,1.00,5.00
39.850,12.000,12.000,0.000,2474.914,0.000,0.000,0.000,0.000,0.000,117146.8,1.734,1.00,5.00
39.860,12.000,12.000,0.000,2474.914,0.000,0.000,0.000,0.000,0.000,117146.8,1.734,1.00,5.00
39.870,12.000,12.000,0.000,2474.914,0.000,0.000,0.000,0.000,0.000,117146.8,1.734,1.00,5.00
39.880,12.000,12.000,0.000,2474.914,0.000,0.000,0.000,0.000,0.000,117146.8,1.734,1.00,5.00
39.890,12.000,12.000,0.000,2474.914,0.000,0.000,0.000,0.000,0.000,117146.8,1.734,1.00,5.00
39.900,12.000,12.000,0.000,2474.914,0.000,0.000,0.000,0.000,0.000,117146.8,1.734,1.00,5.00
39.910,12.000,12.000,0.000,2474.914,0.000,0.000,0.000,0.000,0.000,117146.8,1.734,1.00,5.00
39.923,12.000,12.000,0.000,2474.914,0.000,0.000,0.000,0.000,0.000,117146.8,1.734,1.00,5.00
39.930,12.000,12.000,0.000,2474.914,0.000,0.000,0.000,0.000,0.000,117146.8,1.734,1.00,5.00
39.940,12.000,12.000,0.000,2474.914,0.000,0.000,0.000,0.000,0.000,117146.8,1.734,1.00,5.00
39.950,12.000,12.000,0.000,2474.914,0.000,0.000,0.000,0.000,0.000,117146.8,1.734,1.00,5.00
39.960,12.000,12.000,0.000,2474.914,0.000,0.000,0.000,0.000,0.000,117146.8,1.734,1.00,5.00
39.970,12.000,12.000,0.000,2474.914,0.000,0.000,0.000,0.000,0.000,117146.8,1.734,1.00,5.00
39.980,12.000,12.000,0.000,2474.914,0.000,0.000,0.000,0.000,0.000,117146.8,1.734,1.00,5.00
39.990,12.000,12.000,0.000,2474.914,0.000,0.000,0.000,0.000,0.000,117146.8,1.734,1.00,5.00
40.000,12.000,12.000,0.000,2474.914,0.000,0.000,0.000,0.000,0.000,117146.8,1.734,1.00,5.00
40.010,12.000,12.000,0.000,2474.914,0.000,0.000,0.000,0.000,0.000,117146.8,1.734,1.00,5.00
40.020,12.000,12.000,0.000,2474.914,0.000,0.000,0.000,0.000,0.000,117146.8,1.734,1.00,5.00
40.030,12.000,12.000,0.000,2474.914,0.000,0.000,0.000,0.000,0.000,117146.8,1.734,1.00,5.00
40.040,12.000,12.000,0.000,2474.914,0.000,0.000,0.000,0.000,0.000,117146.8,1.734,1.00,5.00
40.050,12.000,12.000,0.000,2474.914,0.000,0.000,0.000,0.000,0.000,117146.8,1.734,1.00,5.00
40.060,12.000,12.000,0.000,2474.914,0.000,0.000,0.000,0.000,0.000,117146.8,1.734,1.00,5.00
40.070,12.000,12.000,0.000,2474.914,0.000,0.000,0.000,0.000,0.000,117146.8,1.734,1.00,5.00
40.080,12.000,12.000,0.000,2474.914,0.000,0.000,0.000,0.000,0.000,117146.8,1.734,1.00,5.00
40.090,12.000,12.000,0.000,2474.914,0.000,0.000,0.000,0.000,0.000,117146.8,1.734,1.00,5.00
40.100,12.000,12.000,0.000,2474.914,0.000,0.000,0.000,0.000,0.000,117146.8,1.734,1.00,5.00
40.110,12.000,12.000,0.000,2474.914,0.000,0.000,0.000,0.000,0.000,117146.8,1.734,1.00,5.00
40.120,12.000,12.000,0.000,2474.914,0.000,0.000,0.000,0.000,0.000,117146.8,1.734,1.00,5.00
40.130,12.000,12.000,0.000,2474.914,0.000,0.000,0.000,0.000,0.000,117146.8,1.734,1.00,5.00
40.140,12.000,12.000,0.000,2474.914,0.000,0.000,0.000,0.000,0.000,117146.8,1.734,1.00,5.00
40.150,12.000,12.000,0.000,2474.914,0.000,0.000,0.000,0.000,0.000,117146.8,1.734,1.00,5.00
40.160,12.000,12.000,0.000,2474.914,0.000,0.000,0.000,0.000,0.000,117146.8,1.734,1.00,5.00
40.170,12.000,12.000,0.000,2474.914,0.000,0.000,0.000,0.000,0.000,117146.8,1.734,1.00,5.00
40.180,12.000,12.000,0.000,2474.914,0.000,0.000,0.000,0.000,0.000,117146.8,1.734,1.00,5.00
40.190,12.000,12.000,0.000,2474.914,0.000,0.000,0.000,0.000,0.000,117146.8,1.734,1.00,5.00
40.200,12.000,12.000,0.000,2474.914,0.000,0.000,0.000,0.000,0.000,117146.8,1.734,1.00,5.00
40.210,12.000,12.000,0.000,2474.914,0.000,0.000,0.000,0.000,0.000,117146.8,1.734,1.00,5.00
40.220,12.000,12.000,0.000,2474.914,0.000,0.000,0.000,0.000,0.000,117146.8,1.734,1.00,5.00
40.230,12.000,12.000,0.000,2474.914,0.000,0.000,0.000,0.000,0.000,117146.8,1.734,1.00,5.00
40.240,12.000,12.000,0.000,2474.914,0.000,0.000,0.000,0.000,0.000,117146.8,1.734,1.00,5.00
40.250,12.000,12.000,0.000,2474.914,0.000,0.000,0.000,0.000,0.000,117146.8,1.734,1.00,5.00
40.260,12.000,12.000,0.000,2474.914,0.000,0.000,0.000,0.000,0.000,117146.8,1.734,1.00,5.00
40.270,12.000,12.000,0.000,2474.914,0.000,0.000,0.000,0.000,0.000,117146.8,1.734,1.00,5.00
40.280,12.000,12.000,0.000,2474.914,0.000,0.000,0.000,0.000,0.000,117146.8,1.734,1.00,5.00
40.290,12.000,12.000,0.000,2474.914,0.000,0.000,0.000,0.000,0.000,117146.8,1.734,1.00,5.00
40.300,12.000,12.000,0.000,2474.914,0.000,0.000,0.000,0.000,0.000,117146.8,1.734,1.00,5.00
40.310,12.000,12.000,0.000,2474.914,0.000,0.000,0.000,0.000,0.000,117146.8,1.734,1.00,5.00
40.320,12.000,12.000,0.000,2474.914,0.000,0.000,0.000,0.000,0.000,117146.8,1.734,1.00,5.00
40.330,12.000,12.000,0.000,2474.914,0.000,0.000,0.000,0.000,0.000,117146.8,1.734,1.00,5.00
40.340,12.000,12.000,0.000,2474.914,0.000,0.000,0.000,0.000,0.000,117146.8,1.734,1.00,5.00
40.350,12.000,12.000,0.000,2474.914,0.000,0.000,0.000,0.000,0.000,117146.8,1.734,1.00,5.00
40.360,12.000,12.000,0.000,2474.914,0.000,0.000,0.000,0.000,0.000,117146.8,1.734,1.00,5.00
40.370,12.000,12.000,0.000,2474.914,0.000,0.000,0.000,0.000,0.000,117146.8,1.734,1.00,5.00
40.380,12.000,12.000,0.000,2474.914,0.000,0.000,0.000,0.000,0.000,117146.8,1.734,1.00,5.00
40.390,12.000,12.000,0.000,2474.914,0.000,0.000,0.000,0.000,0.000,117146.8,1.734,1.00,5.00
40.400,12.000,12.000,0.000,2474.914,0.000,0.000,0.000,0.000,0.000,117146.8,1.734,1.00,5.00
40.410,12.000,12.000,0.000,2474.914,0.000,0.000,0.000,0.000,0.000,117146.8,1.734,1.00,5.00
40.420,12.000,12.000,0.000,2474.914,0.000,0.000,0.000,0.000,0.000,117146.8,1.734,1.00,5.00
40.430,12.000,12.000,0.000,2474.914,0.000,0.000,0.000,0.000,0.000,117146.8,1.734,1.00,5.00
40.440,12.000,12.000,0.000,2474.914,0.000,0.000,0.000,0.000,0.000,117146.8,1.734,1.00,5.00
40.450,12.000,12.000,0.000,2474.914,0.000,0.000,0.000,0.000,0.000,117146.8,1.734,1.00,5.00
40.460,12.000,12.000,0.000,2474.914,0.000,0.000,0.000,0.000,0.000,117146.8,1.734,1.00,5.00
40.470,12.000,12.000,0.000,2474.914,0.000,0.000,0.000,0.000,0.000,117146.8,1.734,1.00,5.00
40.480,12.000,12.000,0.000,2474.914,0.000,0.000,0.000,0.000,0.000,117146.8,1.734,1.00,5.00
40.490,12.000,12.000,0.000,2474.914,0.000,0.000,0.000,0.000,0.000,117146.8,1.734,1.00,5.00
40.500,12.000,12.000,0.000,2474.914,0.000,0.000,0.000,0.000,0.000,117146.8,1.734,1.00,5.00
40.510,12.000,12.000,0.000,2474.914,0.000,0.000,0.000,0.000,0.000,117146.8,1.734,1.00,5.00
40.520,12.000,12.000,0.000,2474.914,0.000,0.000,0.000,0.000,0.000,117146.8,1.734,1.00,5.00
40.530,12.000,12.000,0.000,2474.914,0.000,0.000,0.000,0.000,0.000,117146.8,1.734,1.00,5.00
40.540,12.000,12.010,-0.010,0.000,34.470,0.000,0.000,0.000,0.000,117142.7,1.662,1.00,5.00
40.550,12.000,12.000,0.000,20043.204,0.000,0.000,0.000,0.000,0.000,117142.7,1.662,1.00,5.00
40.560,12.000,12.000,0.000,2474.700,0.000,0.000,0.000,0.000,0.000,117142.7,1.729,1.00,5.00
40.570,12.000,12.000,0.000,2476.255,0.000,0.000,0.000,0.000,0.000,117159.4,1.765,1.00,5.00
40.580,12.000,12.000,0.000,2476.255,0.000,0.000,0.000,0.000,0.000,117159.4,1.765,1.00,5.00
40.590,12.000,12.000,0.000,2476.255,0.000,0.000,0.000,0.000,0.000,117159.4,1.765,1.00,5.00
40.600,12.000,12.000,0.000,2476.255,0.000,0.000,0.000,0.000,0.000,117159.4,1.765,1.00,5.00
40.610,12.000,12.000,0.000,2476.255,0.000,0.000,0.000,0.000,0.000,117159.4,1.765,1.00,5.00
40.620,12.000,12.000,0.000,2476.255,0.000,0.000,0.000,0.000,0.000,117159.4,1.765,1.00,5.00
40.630,12.000,12.000,0.000,2476.255,0.000,0.000,0.000,0.000,0.000,117159.4,1.765,1.00,5.00
40.640,12.000,12.000,0.000,2476.255,0.000,0.000,0.000,0.000,0.000,117159.4,1.765,1.00,5.00
40.650,12.000,12.010,-0.010,0.000,34.472,0.000,0.000,0.000,0.000,117155.2,1.693,1.00,5.00
40.660,12.000,12.010,-0.010,0.000,1.934,0.000,0.000,0.000,0.000,117151.1,1.621,1.00,5.00
40.670,12.000,12.000,0.000,20045.598,0.000,0.000,0.000,0.000,0.000,117151.1,1.688,1.00,5.00
40.680,12.000,12.000,0.000,2475.827,0.000,0.000,0.000,0.000,0.000,117151.1,1.755,1.00,5.00
40.690,12.000,12.000,0.000,2477.382,0.000,0.000,0.000,0.000,0.000,117167.8,1.791,1.00,5.00
40.700,12.000,12.000,0.000,2477.382,0.000,0.000,0.000,0.000,0.000,117167.8,1.791,1.00,5.00
40.710,12.000,12.000,0.000,2477.382,0.000,0.000,0.000,0.000,0.000,117167.8,1.791,1.00,5.00
40.720,12.000,12.000,0.000,2477.382,0.000,0.000,0.000,0.000,0.000,117167.8,1.791,1.00,5.00
40.730,12.000,12.000,0.000,2477.382,0.000,0.000,0.000,0.000,0.000,117167.8,1.791,1.00,5.00
40.740,12.000,12.000,0.000,2477.382,0.000,0.000,0.000,0.000,0.000,117167.8,1.791,1.00,5.00
40.750,12.000,12.000,0.000,2477.382,0.000,0.000,0.000,0.000,0.000,117167.8,1.791,1.00,5.00
40.760,12.000,12.000,0.000,2477.382,0.000,0.000,0.000,0.000,0.000,117167.8,1.791,1.00,5.00
40.770,12.000,12.000,0.000,2477.382,0.000,0.000,0.000,0.000,0.000,117167.8,1.791,1.00,5.00
40.780,12.000,12.000,0.000,2477.382,0.000,0.000,0.000,0.000,0.000,117167.8,1.791,1.00,5.00
40.790,12.000,12.000,0.000,2477.382,0.000,0.000,0.000,0.000,0.000,117167.8,1.791,1.00,5.00
40.800,12.000,12.000,0.000,2477.382,0.000,0.000,0.000,0.000,0.000,117167.8,1.791,1.00,5.00
40.810,12.000,12.000,0.000,2477.382,0.000,0.000,0.000,0.000,0.000,117167.8,1.791,1.00,5.00
40.820,12.000,12.000,0.000,2477.382,0.000,0.000,0.000,0.000,0.000,117167.8,1.791,1.00,5.00
40.830,12.000,12.000,0.000,2477.382,0.000,0.000,0.000,0.000,0.000,117167.8,1.791,1.00,5.00
40.840,12.000,12.000,0.000,2477.382,0.000,0.000,0.000,0.000,0.000,117167.8,1.791,1.00,5.00
40.850,12.000,12.000,0.000,2477.382,0.000,0.000,0.000,0.000,0.000,117167.8,1.791,1.00,5.00
40.860,12.000,12.000,0.000,2477.382,0.000,0.000,0.000,0.000,0.000,117167.8,1.791,1.00,5.00
40.870,12.000,12.000,0.000,2477.382,0.000,0.000,0.000,0.000,0.000,117167.8,1.791,1.00,5.00
40.880,12.000,12.000,0.000,2477.382,0.000,0.000,0.000,0.000,0.000,117167.8,1.791,1.00,5.00
40.890,12.000,12.000,0.000,2477.382,0.000,0.000,0.000,0.000,0.000,117167.8,1.791,1.00,5.00
40.900,12.000,12.000,0.000,2477.382,0.000,0.000,0.000,0.000,0.000,117167.8,1.791,1.00,5.00
40.910,12.000,12.000,0.000,2477.382,0.000,0.000,0.000,0.000,0.000,117167.8,1.791,1.00,5.00
40.920,12.000,12.000,0.000,2477.382,0.000,0.000,0.000,0.000,0.000,117167.8,1.791,1.00,5.00
40.930,12.000,12.000,0.000,2477.382,0.000,0.000,0.000,0.000,0.000,117167.8,1.791,1.00,5.00
40.940,12.000,12.000,0.000,2477.382,0.000,0.000,0.000,0.000,0.000,117167.8,1.791,1.00,5.00
40.950,12.000,12.000,0.000,2477.382,0.000,0.000,0.000,0.000,0.000,117167.8,1.791,1.00,5.00
40.960,12.000,12.000,0.000,2477.382,0.000,0.000,0.000,0.000,0.000,117167.8,1.791,1.00,5.00
40.970,12.000,12.000,0.000,2477.382,0.000,0.000,0.000,0.000,0.000,117167.8,1.791,1.00,5.00
40.980,12.000,12.000,0.000,2477.382,0.000,0.000,0.000,0.000,0.000,117167.8,1.791,1.00,5.00
40.990,12.000,12.000,0.000,2477.382,0.000,0.000,0.000,0.000,0.000,117167.8,1.791,1.00,5.00
41.000,12.000,12.000,0.000,2477.382,0.000,0.000,0.000,0.000,0.000,117167.8,1.791,1.00,5.00
41.010,12.000,12.000,0.000,2477.382,0.000,0.000,0.000,0.000,0.000,117167.8,1.791,1.00,5.00
41.020,12.000,12.000,0.000,2477.382,0.000,0.000,0.000,0.000,0.000,117167.8,1.791,1.00,5.00
41.030,12.000,12.000,0.000,2477.382,0.000,0.000,0.000,0.000,0.000,117167.8,1.791,1.00,5.00
41.040,12.000,12.000,0.000,2477.382,0.000,0.000,0.000,0.000,0.000,117167.8,1.791,1.00,5.00
41.050,12.000,12.000,0.000,2477.382,0.000,0.000,0.000,0.000,0.000,117167.8,1.791,1.00,5.00
41.060,12.000,12.000,0.000,2477.382,0.000,0.000,0.000,0.000,0.000,117167.8,1.791,1.00,5.00
41.070,12.000,12.000,0.000,2477.382,0.000,0.000,0.000,0.000,0.000,117167.8,1.791,1.00,5.00
41.080,12.000,12.000,0.000,2477.382,0.000,0.000,0.000,0.000,0.000,117167.8,1.791,1.00,5.00
41.090,12.000,12.000,0.000,2477.382,0.000,0.000,0.000,0.000,0.000,117167.8,1.791,1.00,5.00
41.100,12.000,12.000,0.000,2477.382,0.000,0.000,0.000,0.000,0.000,117167.8,1.791,1.00,5.00
41.110,12.000,12.000,0.000,2477.382,0.000,0.000,0.000,0.000,0.000,117167.8,1.791,1.00,5.00
41.120,12.000,12.000,0.000,2477.382,0.000,0.000,0.000,0.000,0.000,117167.8,1.791,1.00,5.00
41.130,12.000,12.000,0.000,2477.382,0.000,0.000,0.000,0.000,0.000,117167.8,1.791,1.00,5.00
41.140,12.000,12.000,0.000,2477.382,0.000,0.000,0.000,0.000,0.000,117167.8,1.791,1.00,5.00
41.150,12.000,12.000,0.000,2477.382,0.000,0.000,0.000,0.000,0.000,117167.8,1.791,1.00,5.00
41.160,12.000,12.000,0.000,2477.382,0.000,0.000,0.000,0.000,0.000,117167.8,1.791,1.00,5.00
41.170,12.000,12.000,0.000,2477.382,0.000,0.000,0.000,0.000,0.000,117167.8,1.791,1.00,5.00
41.180,12.000,12.000,0.000,2477.382,0.000,0.000,0.000,0.000,0.000,117167.8,1.791,1.00,5.00
41.190,12.000,12.000,0.000,2477.382,0.000,0.000,0.000,0.000,0.000,117167.8,1.791,1.00,5.00
41.200,12.000,12.000,0.000,2477.382,0.000,0.000,0.000,0.000,0.000,117167.8,1.791,1.00,5.00
41.210,12.000,12.000,0.000,2477.382,0.000,0.000,0.000,0.000,0.000,117167.8,1.791,1.00,5.00
41.220,12.000,12.000,0.000,2477.382,0.000,0.000,0.000,0.000,0.000,117167.8,1.791,1.00,5.00
41.230,12.000,12.000,0.000,2477.382,0.000,0.000,0.000,0.000,0.000,117167.8,1.791,1.00,5.00
41.240,12.000,12.000,0.000,2477.382,0.000,0.000,0.000,0.000,0.000,117167.8,1.791,1.00,5.00
41.250,12.000,12.000,0.000,2477.382,0.000,0.000,0.000,0.000,0.000,117167.8,1.791,1.00,5.00
41.260,12.000,12.000,0.000,2477.382,0.000,0.000,0.000,0.000,0.000,117167.8,1.791,1.00,5.00
41.270,12.000,12.000,0.000,2477.382,0.000,0.000,0.000,0.000,0.000,117167.8,1.791,1.00,5.00
41.280,12.000,12.000,0.000,2477.382,0.000,0.000,0.000,0.000,0.000,117167.8,1.791,1.00,5.00
41.290,12.000,12.000,0.000,2477.382,0.000,0.000,0.000,0.000,0.000,117167.8,1.791,1.00,5.00
41.300,12.000,12.000,0.000,2477.382,0.000,0.000,0.000,0.000,0.000,117167.8,1.791,1.00,5.00
41.310,12.000,12.000,0.000,2477.382,0.000,0.000,0.000,0.000,0.000,117167.8,1.791,1.00,5.00
41.320,12.000,12.000,0.000,2477.382,0.000,0.000,0.000,0.000,0.000,117167.8,1.791,1.00,5.00
41.330,12.000,12.000,0.000,2477.382,0.000,0.000,0.000,0.000,0.000,117167.8,1.791,1.00,5.00
41.340,12.000,12.000,0.000,2477.382,0.000,0.000,0.000,0.000,0.000,117167.8,1.791,1.00,5.00
41.350,12.000,12.000,0.000,2477.382,0.000,0.000,0.000,0.000,0.000,117167.8,1.791,1.00,5.00
41.360,12.000,12.000,0.000,2477.382,0.000,0.000,0.000,0.000,0.000,117167.8,1.791,1.00,5.00
41.370,12.000,12.000,0.000,2477.382,0.000,0.000,0.000,0.000,0.000,117167.8,1.791,1.00,5.00
41.380,12.000,12.000,0.000,2477.382,0.000,0.000,0.000,0.000,0.000,117167.8,1.791,1.00,5.00
41.390,12.000,12.000,0.000,2477.382,0.000,0.000,0.000,0.000,0.000,117167.8,1.791,1.00,5.00
41.400,12.000,12.000,0.000,2477.382,0.000,0.000,0.000,0.000,0.000,117167.8,1.791,1.00,5.00
41.410,12.000,12.000,0.000,2477.382,0.000,0.000,0.000,0.000,0.000,117167.8,1.791,1.00,5.00
41.420,12.000,12.000,0.000,2477.382,0.000,0.000,0.000,0.000,0.000,117167.8,1.791,1.00,5.00
41.430,12.000,12.000,0.000,2477.382,0.000,0.000,0.000,0.000,0.000,117167.8,1.791,1.00,5.00
41.440,12.000,12.000,0.000,2477.382,0.000,0.000,0.000,0.000,0.000,117167.8,1.791,1.00,5.00
41.450,12.000,12.000,0.000,2477.382,0.000,0.000,0.000,0.000,0.000,117167.8,1.791,1.00,5.00
41.460,12.000,12.000,0.000,2477.382,0.000,0.000,0.000,0.000,0.000,117167.8,1.791,1.00,5.00
41.470,12.000,12.000,0.000,2477.382,0.000,0.000,0.000,0.000,0.000,117167.8,1.791,1.00,5.00
41.480,12.000,12.000,0.000,2477.382,0.000,0.000,0.000,0.000,0.000,117167.8,1.791,1.00,5.00
41.490,12.000,12.000,0.000,2477.382,0.000,0.000,0.000,0.000,0.000,117167.8,1.791,1.00,5.00
41.500,12.000,12.000,0.000,2477.382,0.000,0.000,0.000,0.000,0.000,117167.8,1.791,1.00,5.00
41.510,12.000,12.000,0.000,2477.382,0.000,0.000,0.000,0.000,0.000,117167.8,1.791,1.00,5.00
41.520,12.000,12.000,0.000,2477.382,0.000,0.000,0.000,0.000,0.000,117167.8,1.791,1.00,5.00
41.530,12.000,12.000,0.000,2477.382,0.000,0.000,0.000,0.000,0.000,117167.8,1.791,1.00,5.00
41.540,12.000,12.000,0.000,2477.382,0.000,0.000,0.000,0.000,0.000,117167.8,1.791,1.00,5.00
41.550,12.000,12.000,0.000,2477.382,0.000,0.000,0.000,0.000,0.000,117167.8,1.791,1.00,5.00
41.560,12.000,12.000,0.000,2477.382,0.000,0.000,0.000,0.000,0.000,117167.8,1.791,1.00,5.00
41.570,12.000,12.000,0.000,2477.382,0.000,0.000,0.000,0.000,0.000,117167.8,1.791,1.00,5.00
41.580,12.000,12.000,0.000,2477.382,0.000,0.000,0.000,0.000,0.000,117167.8,1.791,1.00,5.00
41.590,12.000,12.000,0.000,2477.382,0.000,0.000,0.000,0.000,0.000,117167.8,1.791,1.00,5.00
41.600,12.000,12.000,0.000,2477.382,0.000,0.000,0.000,0.000,0.000,117167.8,1.791,1.00,5.00
41.610,12.000,12.000,0.000,2477.382,0.000,0.000,0.000,0.000,0.000,117167.8,1.791,1.00,5.00
41.620,12.000,12.000,0.000,2477.382,0.000,0.000,0.000,0.000,0.000,117167.8,1.791,1.00,5.00
41.630,12.000,12.000,0.000,2477.382,0.000,0.000,0.000,0.000,0.000,117167.8,1.791,1.00,5.00
41.640,12.000,12.000,0.000,2477.382,0.000,0.000,0.000,0.000,0.000,117167.8,1.791,1.00,5.00
41.650,12.000,12.000,0.000,2477.382,0.000,0.000,0.000,0.000,0.000,117167.8,1.791,1.00,5.00
41.660,12.000,12.000,0.000,2477.382,0.000,0.000,0.000,0.000,0.000,117167.8,1.791,1.00,5.00
41.670,12.000,12.000,0.000,2477.382,0.000,0.000,0.000,0.000,0.000,117167.8,1.791,1.00,5.00
41.680,12.000,12.000,0.000,2477.382,0.000,0.000,0.000,0.000,0.000,117167.8,1.791,1.00,5.00
41.690,12.000,12.000,0.000,2477.382,0.000,0.000,0.000,0.000,0.000,117167.8,1.791,1.00,5.00
41.700,12.000,12.000,0.000,2477.382,0.000,0.000,0.000,0.000,0.000,117167.8,1.791,1.00,5.00
41.710,12.000,12.000,0.000,2477.382,0.000,0.000,0.000,0.000,0.000,117167.8,1.791,1.00,5.00
41.720,12.000,12.000,0.000,2477.382,0.000,0.000,0.000,0.000,0.000,117167.8,1.791,1.00,5.00
41.730,12.000,12.000,0.000,2477.382,0.000,0.000,0.000,0.000,0.000,117167.8,1.791,1.00,5.00
41.740,12.000,12.010,-0.010,0.000,34.472,0.000,0.000,0.000,0.000,117163.7,1.719,1.00,5.00
41.750,12.000,12.000,0.000,20048.825,0.000,0.000,0.000,0.000,0.000,117163.7,1.719,1.00,5.00
41.760,12.000,12.000,0.000,2477.168,0.000,0.000,0.000,0.000,0.000,117163.7,1.786,1.00,5.00
41.770,12.000,12.000,0.000,2478.723,0.000,0.000,0.000,0.000,0.000,117180.4,1.822,1.00,5.00
41.780,12.000,12.000,0.000,2478.723,0.000,0.000,0.000,0.000,0.000,117180.4,1.822,1.00,5.00
41.790,12.000,12.000,0.000,2478.723,0.000,0.000,0.000,0.000,0.000,117180.4,1.822,1.00,5.00
41.800,12.000,12.000,0.000,2478.723,0.000,0.000,0.000,0.000,0.000,117180.4,1.822,1.00,5.00
41.810,12.000,12.000,0.000,2478.723,0.000,0.000,0.000,0.000,0.000,117180.4,1.822,1.00,5.00
41.820,12.000,12.000,0.000,2478.723,0.000,0.000,0.000,0.000,0.000,117180.4,1.822,1.00,5.00
41.830,12.000,12.000,0.000,2478.723,0.000,0.000,0.000,0.000,0.000,117180.4,1.822,1.00,5.00
41.840,12.000,12.000,0.000,2478.723,0.000,0.000,0.000,0.000,0.000,117180.4,1.822,1.00,5.00
41.850,12.000,12.000,0.000,2478.723,0.000,0.000,0.000,0.000,0.000,117180.4,1.822,1.00,5.00
41.860,12.000,12.010,-0.010,0.000,34.474,0.000,0.000,0.000,0.000,117176.3,1.750,1.00,5.00
41.870,12.000,12.000,0.000,20052.052,0.000,0.000,0.000,0.000,0.000,117176.3,1.750,1.00,5.00
41.880,12.000,12.000,0.000,2478.509,0.000,0.000,0.000,0.000,0.000,117176.3,1.817,1.00,5.00
41.890,12.000,12.000,0.000,2480.064,0.000,0.000,0.000,0.000,0.000,117193.0,1.853,1.00,5.00
41.900,12.000,12.000,0.000,2480.064,0.000,0.000,0.000,0.000,0.000,117193.0,1.853,1.00,5.00
41.910,12.000,12.000,0.000,2480.064,0.000,0.000,0.000,0.000,0.000,117193.0,1.853,1.00,5.00
41.920,12.000,12.000,0.000,2480.064,0.000,0.000,0.000,0.000,0.000,117193.0,1.853,1.00,5.00
41.930,12.000,12.000,0.000,2480.064,0.000,0.000,0.000,0.000,0.000,117193.0,1.853,1.00,5.00
41.940,12.000,12.000,0.000,2480.064,0.000,0.000,0.000,0.000,0.000,117193.0,1.853,1.00,5.00
41.950,12.000,12.000,0.000,2480.064,0.000,0.000,0.000,0.000,0.000,117193.0,1.853,1.00,5.00
41.960,12.000,12.000,0.000,2480.064,0.000,0.000,0.000,0.000,0.000,117193.0,1.853,1.00,5.00
41.970,12.000,12.010,-0.010,0.000,34.476,0.000,0.000,0.000,0.000,117188.8,1.781,1.00,5.00
41.980,12.000,12.010,-0.010,0.000,1.929,0.000,0.000,0.000,0.000,117184.7,1.709,1.00,5.00
41.990,12.000,12.000,0.000,20054.445,0.000,0.000,0.000,0.000,0.000,117184.7,1.776,1.00,5.00
42.000,12.000,12.000,0.000,2479.636,0.000,0.000,0.000,0.000,0.000,117184.7,1.843,1.00,5.00
42.010,12.000,12.000,0.000,2481.191,0.000,0.000,0.000,0.000,0.000,117201.4,1.879,1.00,5.00
42.020,12.000,12.000,0.000,2481.190,0.000,0.000,0.000,0.000,0.000,117201.4,1.879,1.00,5.00
42.030,12.000,12.000,0.000,2481.190,0.000,0.000,0.000,0.000,0.000,117201.4,1.879,1.00,5.00
42.040,12.000,12.000,0.000,2481.190,0.000,0.000,0.000,0.000,0.000,117201.4,1.879,1.00,5.00
42.050,12.000,12.000,0.000,2481.190,0.000,0.000,0.000,0.000,0.000,117201.4,1.879,1.00,5.00
42.060,12.000,12.000,0.000,2481.190,0.000,0.000,0.000,0.000,0.000,117201.4,1.879,1.00,5.00
42.070,12.000,12.000,0.000,2481.190,0.000,0.000,0.000,0.000,0.000,117201.4,1.879,1.00,5.00
42.080,12.000,12.000,0.000,2481.190,0.000,0.000,0.000,0.000,0.000,117201.4,1.879,1.00,5.00
42.090,12.000,12.000,0.000,2481.190,0.000,0.000,0.000,0.000,0.000,117201.4,1.879,1.00,5.00
42.100,12.000,12.000,0.000,2481.190,0.000,0.000,0.000,0.000,0.000,117201.4,1.879,1.00,5.00
42.110,12.000,12.000,0.000,2481.190,0.000,0.000,0.000,0.000,0.000,117201.4,1.879,1.00,5.00
42.120,12.000,12.000,0.000,2481.190,0.000,0.000,0.000,0.000,0.000,117201.4,1.879,1.00,5.00
42.130,12.000,12.000,0.000,2481.190,0.000,0.000,0.000,0.000,0.000,117201.4,1.879,1.00,5.00
42.140,12.000,12.000,0.000,2481.190,0.000,0.000,0.000,0.000,0.000,117201.4,1.879,1.00,5.00
42.150,12.000,12.000,0.000,2481.190,0.000,0.000,0.000,0.000,0.000,117201.4,1.879,1.00,5.00
42.160,12.000,12.000,0.000,2481.190,0.000,0.000,0.000,0.000,0.000,117201.4,1.879,1.00,5.00
42.170,12.000,12.000,0.000,2481.190,0.000,0.000,0.000,0.000,0.000,117201.4,1.879,1.00,5.00
42.180,12.000,12.000,0.000,2481.190,0.000,0.000,0.000,0.000,0.000,117201.4,1.879,1.00,5.00
42.190,12.000,12.000,0.000,2481.190,0.000,0.000,0.000,0.000,0.000,117201.4,1.879,1.00,5.00
42.200,12.000,12.000,0.000,2481.190,0.000,0.000,0.000,0.000,0.000,117201.4,1.879,1.00,5.00
42.210,12.000,12.000,0.000,2481.190,0.000,0.000,0.000,0.000,0.000,117201.4,1.879,1.00,5.00
42.220,12.000,12.000,0.000,2481.190,0.000,0.000,0.000,0.000,0.000,117201.4,1.879,1.00,5.00
42.230,12.000,12.000,0.000,2481.190,0.000,0.000,0.000,0.000,0.000,117201.4,1.879,1.00,5.00
42.240,12.000,12.000,0.000,2481.190,0.000,0.000,0.000,0.000,0.000,117201.4,1.879,1.00,5.00
42.250,12.000,12.000,0.000,2481.190,0.000,0.000,0.000,0.000,0.000,117201.4,1.879,1.00,5.00
42.260,12.000,12.000,0.000,2481.190,0.000,0.000,0.000,0.000,0.000,117201.4,1.879,1.00,5.00
42.270,12.000,12.000,0.000,2481.190,0.000,0.000,0.000,0.000,0.000,117201.4,1.879,1.00,5.00
42.280,12.000,12.000,0.000,2481.190,0.000,0.000,0.000,0.000,0.000,117201.4,1.879,1.00,5.00
42.290,12.000,12.000,0.000,2481.190,0.000,0.000,0.000,0.000,0.000,117201.4,1.879,1.00,5.00
42.300,12.000,12.000,0.000,2481.190,0.000,0.000,0.000,0.000,0.000,117201.4,1.879,1.00,5.00
42.310,12.000,12.000,0.000,2481.190,0.000,0.000,0.000,0.000,0.000,117201.4,1.879,1.00,5.00
42.320,12.000,12.000,0.000,2481.190,0.000,0.000,0.000,0.000,0.000,117201.4,1.879,1.00,5.00
42.330,12.000,12.000,0.000,2481.190,0.000,0.000,0.000,0.000,0.000,117201.4,1.879,1.00,5.00
42.340,12.000,12.000,0.000,2481.190,0.000,0.000,0.000,0.000,0.000,117201.4,1.879,1.00,5.00
42.350,12.000,12.000,0.000,2481.190,0.000,0.000,0.000,0.000,0.000,117201.4,1.879,1.00,5.00
42.360,12.000,12.000,0.000,2481.190,0.000,0.000,0.000,0.000,0.000,117201.4,1.879,1.00,5.00
42.370,12.000,12.000,0.000,2481.190,0.000,0.000,0.000,0.000,0.000,117201.4,1.879,1.00,5.00
42.380,12.000,12.000,0.000,2481.190,0.000,0.000,0.000,0.000,0.000,117201.4,1.879,1.00,5.00
42.390,12.000,12.000,0.000,2481.190,0.000,0.000,0.000,0.000,0.000,117201.4,1.879,1.00,5.00
42.400,12.000,12.000,0.000,2481.190,0.000,0.000,0.000,0.000,0.000,117201.4,1.879,1.00,5.00
42.410,12.000,12.000,0.000,2481.190,0.000,0.000,0.000,0.000,0.000,117201.4,1.879,1.00,5.00
42.420,12.000,12.000,0.000,2481.190,0.000,0.000,0.000,0.000,0.000,117201.4,1.879,1.00,5.00
42.430,12.000,12.000,0.000,2481.190,0.000,0.000,0.000,0.000,0.000,117201.4,1.879,1.00,5.00
42.440,12.000,12.000,0.000,2481.190,0.000,0.000,0.000,0.000,0.000,117201.4,1.879,1.00,5.00
42.450,12.000,12.000,0.000,2481.190,0.000,0.000,0.000,0.000,0.000,117201.4,1.879,1.00,5.00
42.460,12.000,12.000,0.000,2481.190,0.000,0.000,0.000,0.000,0.000,117201.4,1.879,1.00,5.00
42.470,12.000,12.000,0.000,2481.190,0.000,0.000,0.000,0.000,0.000,117201.4,1.879,1.00,5.00
42.480,12.000,12.000,0.000,2481.190,0.000,0.000,0.000,0.000,0.000,117201.4,1.879,1.00,5.00
42.490,12.000,12.000,0.000,2481.190,0.000,0.000,0.000,0.000,0.000,117201.4,1.879,1.00,5.00
42.500,12.000,12.000,0.000,2481.190,0.000,0.000,0.000,0.000,0.000,117201.4,1.879,1.00,5.00
42.510,12.000,12.000,0.000,2481.190,0.000,0.000,0.000,0.000,0.000,117201.4,1.879,1.00,5.00
42.520,12.000,12.000,0.000,2481.190,0.000,0.000,0.000,0.000,0.000,117201.4,1.879,1.00,5.00
42.530,12.000,12.000,0.000,2481.190,0.000,0.000,0.000,0.000,0.000,117201.4,1.879,1.00,5.00
42.540,12.000,12.000,0.000,2481.190,0.000,0.000,0.000,0.000,0.000,117201.4,1.879,1.00,5.00
42.550,12.000,12.000,0.000,2481.190,0.000,0.000,0.000,0.000,0.000,117201.4,1.879,1.00,5.00
42.560,12.000,12.000,0.000,2481.190,0.000,0.000,0.000,0.000,0.000,117201.4,1.879,1.00,5.00
42.570,12.000,12.000,0.000,2481.190,0.000,0.000,0.000,0.000,0.000,117201.4,1.879,1.00,5.00
42.580,12.000,12.000,0.000,2481.190,0.000,0.000,0.000,0.000,0.000,117201.4,1.879,1.00,5.00
42.590,12.000,12.000,0.000,2481.190,0.000,0.000,0.000,0.000,0.000,117201.4,1.879,1.00,5.00
42.600,12.000,12.000,0.000,2481.190,0.000,0.000,0.000,0.000,0.000,117201.4,1.879,1.00,5.00
42.610,12.000,12.000,0.000,2481.190,0.000,0.000,0.000,0.000,0.000,117201.4,1.879,1.00,5.00
42.620,12.000,12.000,0.000,2481.190,0.000,0.000,0.000,0.000,0.000,117201.4,1.879,1.00,5.00
42.630,12.000,12.000,0.000,2481.190,0.000,0.000,0.000,0.000,0.000,117201.4,1.879,1.00,5.00
42.640,12.000,12.000,0.000,2481.190,0.000,0.000,0.000,0.000,0.000,117201.4,1.879,1.00,5.00
42.650,12.000,12.000,0.000,2481.190,0.000,0.000,0.000,0.000,0.000,117201.4,1.879,1.00,5.00
42.660,12.000,12.000,0.000,2481.190,0.000,0.000,0.000,0.000,0.000,117201.4,1.879,1.00,5.00
42.670,12.000,12.000,0.000,2481.190,0.000,0.000,0.000,0.000,0.000,117201.4,1.879,1.00,5.00
42.680,12.000,12.000,0.000,2481.190,0.000,0.000,0.000,0.000,0.000,117201.4,1.879,1.00,5.00
42.690,12.000,12.000,0.000,2481.190,0.000,0.000,0.000,0.000,0.000,117201.4,1.879,1.00,5.00
42.700,12.000,12.000,0.000,2481.190,0.000,0.000,0.000,0.000,0.000,117201.4,1.879,1.00,5.00
42.710,12.000,12.000,0.000,2481.190,0.000,0.000,0.000,0.000,0.000,117201.4,1.879,1.00,5.00
42.720,12.000,12.000,0.000,2481.190,0.000,0.000,0.000,0.000,0.000,117201.4,1.879,1.00,5.00
42.730,12.000,12.000,0.000,2481.190,0.000,0.000,0.000,0.000,0.000,117201.4,1.879,1.00,5.00
42.740,12.000,12.000,0.000,2481.190,0.000,0.000,0.000,0.000,0.000,117201.4,1.879,1.00,5.00
42.750,12.000,12.000,0.000,2481.190,0.000,0.000,0.000,0.000,0.000,117201.4,1.879,1.00,5.00
42.760,12.000,12.000,0.000,2481.190,0.000,0.000,0.000,0.000,0.000,117201.4,1.879,1.00,5.00
42.770,12.000,12.000,0.000,2481.190,0.000,0.000,0.000,0.000,0.000,117201.4,1.879,1.00,5.00
42.780,12.000,12.000,0.000,2481.190,0.000,0.000,0.000,0.000,0.000,117201.4,1.879,1.00,5.00
42.790,12.000,12.000,0.000,2481.190,0.000,0.000,0.000,0.000,0.000,117201.4,1.879,1.00,5.00
42.800,12.000,12.000,0.000,2481.190,0.000,0.000,0.000,0.000,0.000,117201.4,1.879,1.00,5.00
42.810,12.000,12.000,0.000,2481.190,0.000,0.000,0.000,0.000,0.000,117201.4,1.879,1.00,5.00
42.820,12.000,12.000,0.000,2481.190,0.000,0.000,0.000,0.000,0.000,117201.4,1.879,1.00,5.00
42.830,12.000,12.000,0.000,2481.190,0.000,0.000,0.000,0.000,0.000,117201.4,1.879,1.00,5.00
42.840,12.000,12.000,0.000,2481.190,0.000,0.000,0.000,0.000,0.000,117201.4,1.879,1.00,5.00
42.850,12.000,12.000,0.000,2481.190,0.000,0.000,0.000,0.000,0.000,117201.4,1.879,1.00,5.00
42.860,12.000,12.000,0.000,2481.190,0.000,0.000,0.000,0.000,0.000,117201.4,1.879,1.00,5.00
42.870,12.000,12.000,0.000,2481.190,0.000,0.000,0.000,0.000,0.000,117201.4,1.879,1.00,5.00
42.880,12.000,12.000,0.000,2481.190,0.000,0.000,0.000,0.000,0.000,117201.4,1.879,1.00,5.00
42.890,12.000,12.000,0.000,2481.190,0.000,0.000,0.000,0.000,0.000,117201.4,1.879,1.00,5.00
42.900,12.000,12.000,0.000,2481.190,0.000,0.000,0.000,0.000,0.000,117201.4,1.879,1.00,5.00
42.910,12.000,12.000,0.000,2481.190,0.000,0.000,0.000,0.000,0.000,117201.4,1.879,1.00,5.00
42.920,12.000,12.000,0.000,2481.190,0.000,0.000,0.000,0.000,0.000,117201.4,1.879,1.00,5.00
42.930,12.000,12.000,0.000,2481.190,0.000,0.000,0.000,0.000,0.000,117201.4,1.879,1.00,5.00
42.940,12.000,12.000,0.000,2481.190,0.000,0.000,0.000,0.000,0.000,117201.4,1.879,1.00,5.00
42.950,12.000,12.000,0.000,2481.190,0.000,0.000,0.000,0.000,0.000,117201.4,1.879,1.00,5.00
42.960,12.000,12.000,0.000,2481.190,0.000,0.000,0.000,0.000,0.000,117201.4,1.879,1.00,5.00
42.970,12.000,12.000,0.000,2481.190,0.000,0.000,0.000,0.000,0.000,117201.4,1.879,1.00,5.00
42.980,12.000,12.000,0.000,2481.190,0.000,0.000,0.000,0.000,0.000,117201.4,1.879,1.00,5.00
42.990,12.000,12.000,0.000,2481.190,0.000,0.000,0.000,0.000,0.000,117201.4,1.879,1.00,5.00
43.000,12.000,12.000,0.000,2481.190,0.000,0.000,0.000,0.000,0.000,117201.4,1.879,1.00,5.00
43.010,12.000,12.000,0.000,2481.190,0.000,0.000,0.000,0.000,0.000,117201.4,1.879,1.00,5.00
43.020,12.000,12.000,0.000,2481.190,0.000,0.000,0.000,0.000,0.000,117201.4,1.879,1.00,5.00
43.030,12.000,12.000,0.000,2481.190,0.000,0.000,0.000,0.000,0.000,117201.4,1.879,1.00,5.00
43.040,12.000,12.000,0.000,2481.190,0.000,0.000,0.000,0.000,0.000,117201.4,1.879,1.00,5.00
43.050,12.000,12.000,0.000,2481.190,0.000,0.000,0.000,0.000,0.000,117201.4,1.879,1.00,5.00
43.060,12.000,12.000,0.000,2481.190,0.000,0.000,0.000,0.000,0.000,117201.4,1.879,1.00,5.00
43.070,12.000,12.000,0.000,2481.190,0.000,0.000,0.000,0.000,0.000,117201.4,1.879,1.00,5.00
43.090,12.000,12.010,-0.010,0.000,34.476,0.000,0.000,0.000,0.000,117197.3,1.807,1.00,5.00
43.100,12.000,12.000,0.000,20057.672,0.000,0.000,0.000,0.000,0.000,117197.3,1.807,1.00,5.00
43.110,12.000,12.000,0.000,2480.976,0.000,0.000,0.000,0.000,0.000,117197.3,1.874,1.00,5.00
43.120,12.000,12.000,0.000,2482.531,0.000,0.000,0.000,0.000,0.000,117214.0,1.910,1.00,5.00
43.130,12.000,12.000,0.000,2482.531,0.000,0.000,0.000,0.000,0.000,117214.0,1.910,1.00,5.00
43.140,12.000,12.000,0.000,2482.531,0.000,0.000,0.000,0.000,0.000,117214.0,1.910,1.00,5.00
43.150,12.000,12.000,0.000,2482.531,0.000,0.000,0.000,0.000,0.000,117214.0,1.910,1.00,5.00
43.160,12.000,12.000,0.000,2482.531,0.000,0.000,0.000,0.000,0.000,117214.0,1.910,1.00,5.00
43.170,12.000,12.000,0.000,2482.531,0.000,0.000,0.000,0.000,0.000,117214.0,1.910,1.00,5.00
43.180,12.000,12.000,0.000,2482.531,0.000,0.000,0.000,0.000,0.000,117214.0,1.910,1.00,5.00
43.190,12.000,12.010,-0.010,0.000,34.478,0.000,0.000,0.000,0.000,117209.9,1.838,1.00,5.00
43.200,12.000,12.000,0.000,20060.899,0.000,0.000,0.000,0.000,0.000,117209.9,1.838,1.00,5.00
43.210,12.000,12.000,0.000,2482.317,0.000,0.000,0.000,0.000,0.000,117209.9,1.905,1.00,5.00
43.220,12.000,12.000,0.000,2483.872,0.000,0.000,0.000,0.000,0.000,117226.6,1.941,1.00,5.00
43.230,12.000,12.000,0.000,2483.872,0.000,0.000,0.000,0.000,0.000,117226.6,1.941,1.00,5.00
43.240,12.000,12.000,0.000,2483.872,0.000,0.000,0.000,0.000,0.000,117226.6,1.941,1.00,5.00
43.250,12.000,12.000,0.000,2483.872,0.000,0.000,0.000,0.000,0.000,117226.6,1.941,1.00,5.00
43.260,12.000,12.000,0.000,2483.872,0.000,0.000,0.000,0.000,0.000,117226.6,1.941,1.00,5.00
43.270,12.000,12.000,0.000,2483.872,0.000,0.000,0.000,0.000,0.000,117226.6,1.941,1.00,5.00
43.280,12.000,12.000,0.000,2483.872,0.000,0.000,0.000,0.000,0.000,117226.6,1.941,1.00,5.00
43.290,12.000,12.010,-0.010,0.000,34.480,0.000,0.000,0.000,0.000,117222.4,1.869,1.00,5.00
43.300,12.000,12.000,0.000,20064.126,0.000,0.000,0.000,0.000,0.000,117222.4,1.869,1.00,5.00
43.310,12.000,12.000,0.000,2483.657,0.000,0.000,0.000,0.000,0.000,117222.4,1.937,1.00,5.00
43.320,12.000,12.000,0.000,2485.212,0.000,0.000,0.000,0.000,0.000,117239.1,1.973,1.00,5.00
43.330,12.000,12.000,0.000,2485.212,0.000,0.000,0.000,0.000,0.000,117239.1,1.973,1.00,5.00
43.340,12.000,12.000,0.000,2485.212,0.000,0.000,0.000,0.000,0.000,117239.1,1.973,1.00,5.00
43.350,12.000,12.000,0.000,2485.212,0.000,0.000,0.000,0.000,0.000,117239.1,1.973,1.00,5.00
43.360,12.000,12.000,0.000,2485.212,0.000,0.000,0.000,0.000,0.000,117239.1,1.973,1.00,5.00
43.370,12.000,12.000,0.000,2485.212,0.000,0.000,0.000,0.000,0.000,117239.1,1.973,1.00,5.00
43.380,12.000,12.000,0.000,2485.212,0.000,0.000,0.000,0.000,0.000,117239.1,1.973,1.00,5.00
43.390,12.000,12.000,0.000,2485.212,0.000,0.000,0.000,0.000,0.000,117239.1,1.973,1.00,5.00
43.400,12.000,12.000,0.000,2485.212,0.000,0.000,0.000,0.000,0.000,117239.1,1.973,1.00,5.00
43.410,12.000,12.010,-0.010,0.000,34.482,0.000,0.000,0.000,0.000,117235.0,1.901,1.00,5.00
43.420,12.000,12.010,-0.010,0.000,1.922,0.000,0.000,0.000,0.000,117230.9,1.829,1.00,5.00
43.430,12.000,12.010,-0.010,0.000,1.922,0.000,0.000,0.000,0.000,117230.9,1.823,1.00,5.00
43.440,12.000,12.010,-0.010,0.000,1.923,0.000,0.000,0.000,0.000,117230.9,1.818,1.00,5.00
43.450,12.000,12.010,-0.010,0.000,1.923,0.000,0.000,0.000,0.000,117230.9,1.813,1.00,5.00
43.460,12.000,12.000,0.000,20065.858,0.000,0.000,0.000,0.000,0.000,117230.9,1.880,1.00,5.00
43.470,12.000,11.990,0.010,23588.650,0.000,0.000,0.000,0.000,0.000,117230.9,2.019,1.00,5.00
43.480,12.000,11.990,0.010,6010.183,0.000,0.000,0.000,0.000,0.000,117281.0,2.127,1.00,5.00
43.490,12.000,11.990,0.010,6012.749,0.000,0.000,0.000,0.000,0.000,117304.6,2.171,1.00,5.00
43.500,12.000,11.990,0.010,6013.089,0.000,0.000,0.000,0.000,0.000,117305.6,2.178,1.00,5.00
43.510,12.000,11.990,0.010,6013.429,0.000,0.000,0.000,0.000,0.000,117306.6,2.185,1.00,5.00
43.520,12.000,12.000,0.000,0.000,27.969,0.000,0.000,0.000,0.000,117297.6,2.120,1.00,5.00
43.530,12.000,12.000,0.000,2488.799,0.000,0.000,0.000,0.000,0.000,117288.6,2.056,1.00,5.00
43.540,12.000,12.000,0.000,2488.579,0.000,0.000,0.000,0.000,0.000,117288.6,2.050,1.00,5.00
43.550,12.000,11.990,0.010,23604.224,0.000,0.000,0.000,0.000,0.000,117292.7,2.122,1.00,5.00
43.560,12.000,12.000,0.000,0.000,27.967,0.000,0.000,0.000,0.000,117292.7,2.122,1.00,5.00
43.570,12.000,12.000,0.000,2490.447,0.000,0.000,0.000,0.000,0.000,117277.0,2.094,1.00,5.00
43.580,12.000,11.990,0.010,23603.036,0.000,0.000,0.000,0.000,0.000,117277.0,2.161,1.00,5.00
43.590,12.000,11.990,0.010,6014.720,0.000,0.000,0.000,0.000,0.000,117281.1,2.233,1.00,5.00
43.600,12.000,12.000,0.000,0.000,27.953,0.000,0.000,0.000,0.000,117265.4,2.204,1.00,5.00
43.610,12.000,11.990,0.010,23603.305,0.000,0.000,0.000,0.000,0.000,117266.4,2.211,1.00,5.00
43.620,12.000,11.990,0.010,6016.233,0.000,0.000,0.000,0.000,0.000,117266.4,2.278,1.00,5.00
43.630,12.000,12.000,0.000,0.000,27.945,0.000,0.000,0.000,0.000,117250.6,2.249,1.00,5.00
43.640,12.000,12.000,0.000,2494.368,0.000,0.000,0.000,0.000,0.000,117241.6,2.184,1.00,5.00
43.650,12.000,12.000,0.000,2494.148,0.000,0.000,0.000,0.000,0.000,117241.6,2.179,1.00,5.00
43.660,12.000,12.000,0.000,2494.148,0.000,0.000,0.000,0.000,0.000,117241.6,2.179,1.00,5.00
43.670,12.000,12.000,0.000,2494.148,0.000,0.000,0.000,0.000,0.000,117241.6,2.179,1.00,5.00
43.680,12.000,12.000,0.000,2494.148,0.000,0.000,0.000,0.000,0.000,117241.6,2.179,1.00,5.00
43.690,12.000,12.000,0.000,2494.148,0.000,0.000,0.000,0.000,0.000,117241.6,2.179,1.00,5.00
43.700,12.000,12.000,0.000,2494.148,0.000,0.000,0.000,0.000,0.000,117241.6,2.179,1.00,5.00
43.710,12.000,12.000,0.000,2494.148,0.000,0.000,0.000,0.000,0.000,117241.6,2.179,1.00,5.00
43.720,12.000,12.000,0.000,2494.148,0.000,0.000,0.000,0.000,0.000,117241.6,2.179,1.00,5.00
43.730,12.000,12.000,0.000,2494.148,0.000,0.000,0.000,0.000,0.000,117241.6,2.179,1.00,5.00
43.740,12.000,12.000,0.000,2494.148,0.000,0.000,0.000,0.000,0.000,117241.6,2.179,1.00,5.00
43.750,12.000,12.000,0.000,2494.148,0.000,0.000,0.000,0.000,0.000,117241.6,2.179,1.00,5.00
43.760,12.000,12.000,0.000,2494.148,0.000,0.000,0.000,0.000,0.000,117241.6,2.179,1.00,5.00
43.770,12.000,12.000,0.000,2494.148,0.000,0.000,0.000,0.000,0.000,117241.6,2.179,1.00,5.00
43.780,12.000,12.000,0.000,2494.148,0.000,0.000,0.000,0.000,0.000,117241.6,2.179,1.00,5.00
43.790,12.000,12.000,0.000,2494.148,0.000,0.000,0.000,0.000,0.000,117241.6,2.179,1.00,5.00
43.800,12.000,12.000,0.000,2494.148,0.000,0.000,0.000,0.000,0.000,117241.6,2.179,1.00,5.00
43.810,12.000,12.000,0.000,2494.148,0.000,0.000,0.000,0.000,0.000,117241.6,2.179,1.00,5.00
43.820,12.000,12.000,0.000,2494.148,0.000,0.000,0.000,0.000,0.000,117241.6,2.179,1.00,5.00
43.830,12.000,12.000,0.000,2494.148,0.000,0.000,0.000,0.000,0.000,117241.6,2.179,1.00,5.00
43.840,12.000,12.000,0.000,2494.148,0.000,0.000,0.000,0.000,0.000,117241.6,2.179,1.00,5.00
43.850,12.000,12.000,0.000,2494.148,0.000,0.000,0.000,0.000,0.000,117241.6,2.179,1.00,5.00
43.860,12.000,12.000,0.000,2494.148,0.000,0.000,0.000,0.000,0.000,117241.6,2.179,1.00,5.00
43.870,12.000,12.000,0.000,2494.148,0.000,0.000,0.000,0.000,0.000,117241.6,2.179,1.00,5.00
43.880,12.000,12.000,0.000,2494.148,0.000,0.000,0.000,0.000,0.000,117241.6,2.179,1.00,5.00
43.890,12.000,12.000,0.000,2494.148,0.000,0.000,0.000,0.000,0.000,117241.6,2.179,1.00,5.00
43.900,12.000,12.000,0.000,2494.148,0.000,0.000,0.000,0.000,0.000,117241.6,2.179,1.00,5.00
43.910,12.000,12.000,0.000,2494.148,0.000,0.000,0.000,0.000,0.000,117241.6,2.179,1.00,5.00
43.920,12.000,12.000,0.000,2494.148,0.000,0.000,0.000,0.000,0.000,117241.6,2.179,1.00,5.00
43.930,12.000,12.000,0.000,2494.148,0.000,0.000,0.000,0.000,0.000,117241.6,2.179,1.00,5.00
43.940,12.000,12.000,0.000,2494.148,0.000,0.000,0.000,0.000,0.000,117241.6,2.179,1.00,5.00
43.950,12.000,12.000,0.000,2494.148,0.000,0.000,0.000,0.000,0.000,117241.6,2.179,1.00,5.00
43.960,12.000,12.000,0.000,2494.148,0.000,0.000,0.000,0.000,0.000,117241.6,2.179,1.00,5.00
43.970,12.000,12.000,0.000,2494.148,0.000,0.000,0.000,0.000,0.000,117241.6,2.179,1.00,5.00
43.980,12.000,12.000,0.000,2494.148,0.000,0.000,0.000,0.000,0.000,117241.6,2.179,1.00,5.00
43.990,12.000,12.000,0.000,2494.148,0.000,0.000,0.000,0.000,0.000,117241.6,2.179,1.00,5.00
44.000,12.000,12.000,0.000,2494.148,0.000,0.000,0.000,0.000,0.000,117241.6,2.179,1.00,5.00
44.010,12.000,12.000,0.000,2494.148,0.000,0.000,0.000,0.000,0.000,117241.6,2.179,1.00,5.00
44.020,12.000,12.000,0.000,2494.148,0.000,0.000,0.000,0.000,0.000,117241.6,2.179,1.00,5.00
44.030,12.000,12.000,0.000,2494.148,0.000,0.000,0.000,0.000,0.000,117241.6,2.179,1.00,5.00
44.040,12.000,12.000,0.000,2494.148,0.000,0.000,0.000,0.000,0.000,117241.6,2.179,1.00,5.00
44.050,12.000,12.000,0.000,2494.148,0.000,0.000,0.000,0.000,0.000,117241.6,2.179,1.00,5.00
44.060,12.000,12.000,0.000,2494.148,0.000,0.000,0.000,0.000,0.000,117241.6,2.179,1.00,5.00
44.070,12.000,12.000,0.000,2494.148,0.000,0.000,0.000,0.000,0.000,117241.6,2.179,1.00,5.00
44.080,12.000,12.000,0.000,2494.148,0.000,0.000,0.000,0.000,0.000,117241.6,2.179,1.00,5.00
44.100,12.000,12.000,0.000,2494.148,0.000,0.000,0.000,0.000,0.000,117241.6,2.179,1.00,5.00
44.110,12.000,12.000,0.000,2494.148,0.000,0.000,0.000,0.000,0.000,117241.6,2.179,1.00,5.00
44.120,12.000,12.000,0.000,2494.148,0.000,0.000,0.000,0.000,0.000,117241.6,2.179,1.00,5.00
44.130,12.000,12.000,0.000,2494.148,0.000,0.000,0.000,0.000,0.000,117241.6,2.179,1.00,5.00
44.140,12.000,12.000,0.000,2494.148,0.000,0.000,0.000,0.000,0.000,117241.6,2.179,1.00,5.00
44.150,12.000,12.000,0.000,2494.148,0.000,0.000,0.000,0.000,0.000,117241.6,2.179,1.00,5.00
44.160,12.000,12.000,0.000,2494.148,0.000,0.000,0.000,0.000,0.000,117241.6,2.179,1.00,5.00
44.170,12.000,12.000,0.000,2494.148,0.000,0.000,0.000,0.000,0.000,117241.6,2.179,1.00,5.00
44.180,12.000,12.000,0.000,2494.148,0.000,0.000,0.000,0.000,0.000,117241.6,2.179,1.00,5.00
44.190,12.000,12.000,0.000,2494.148,0.000,0.000,0.000,0.000,0.000,117241.6,2.179,1.00,5.00
44.200,12.000,12.000,0.000,2494.148,0.000,0.000,0.000,0.000,0.000,117241.6,2.179,1.00,5.00
44.210,12.000,12.000,0.000,2494.148,0.000,0.000,0.000,0.000,0.000,117241.6,2.179,1.00,5.00
44.220,12.000,12.000,0.000,2494.148,0.000,0.000,0.000,0.000,0.000,117241.6,2.179,1.00,5.00
44.230,12.000,12.000,0.000,2494.148,0.000,0.000,0.000,0.000,0.000,117241.6,2.179,1.00,5.00
44.240,12.000,12.000,0.000,2494.148,0.000,0.000,0.000,0.000,0.000,117241.6,2.179,1.00,5.00
44.250,12.000,12.000,0.000,2494.148,0.000,0.000,0.000,0.000,0.000,117241.6,2.179,1.00,5.00
44.260,12.000,12.000,0.000,2494.148,0.000,0.000,0.000,0.000,0.000,117241.6,2.179,1.00,5.00
44.270,12.000,12.000,0.000,2494.148,0.000,0.000,0.000,0.000,0.000,117241.6,2.179,1.00,5.00
44.280,12.000,12.000,0.000,2494.148,0.000,0.000,0.000,0.000,0.000,117241.6,2.179,1.00,5.00
44.290,12.000,12.000,0.000,2494.148,0.000,0.000,0.000,0.000,0.000,117241.6,2.179,1.00,5.00
44.300,12.000,12.000,0.000,2494.148,0.000,0.000,0.000,0.000,0.000,117241.6,2.179,1.00,5.00
44.310,12.000,12.000,0.000,2494.148,0.000,0.000,0.000,0.000,0.000,117241.6,2.179,1.00,5.00
44.320,12.000,12.000,0.000,2494.148,0.000,0.000,0.000,0.000,0.000,117241.6,2.179,1.00,5.00
44.330,12.000,12.000,0.000,2494.148,0.000,0.000,0.000,0.000,0.000,117241.6,2.179,1.00,5.00
44.340,12.000,12.000,0.000,2494.148,0.000,0.000,0.000,0.000,0.000,117241.6,2.179,1.00,5.00
44.350,12.000,12.000,0.000,2494.148,0.000,0.000,0.000,0.000,0.000,117241.6,2.179,1.00,5.00
44.360,12.000,12.000,0.000,2494.148,0.000,0.000,0.000,0.000,0.000,117241.6,2.179,1.00,5.00
44.370,12.000,12.000,0.000,2494.148,0.000,0.000,0.000,0.000,0.000,117241.6,2.179,1.00,5.00
44.380,12.000,12.000,0.000,2494.148,0.000,0.000,0.000,0.000,0.000,117241.6,2.179,1.00,5.00
44.390,12.000,12.000,0.000,2494.148,0.000,0.000,0.000,0.000,0.000,117241.6,2.179,1.00,5.00
44.400,12.000,12.000,0.000,2494.148,0.000,0.000,0.000,0.000,0.000,117241.6,2.179,1.00,5.00
44.410,12.000,12.000,0.000,2494.148,0.000,0.000,0.000,0.000,0.000,117241.6,2.179,1.00,5.00
44.420,12.000,12.000,0.000,2494.148,0.000,0.000,0.000,0.000,0.000,117241.6,2.179,1.00,5.00
44.430,12.000,12.000,0.000,2494.148,0.000,0.000,0.000,0.000,0.000,117241.6,2.179,1.00,5.00
44.440,12.000,12.000,0.000,2494.148,0.000,0.000,0.000,0.000,0.000,117241.6,2.179,1.00,5.00
44.450,12.000,12.000,0.000,2494.148,0.000,0.000,0.000,0.000,0.000,117241.6,2.179,1.00,5.00
44.460,12.000,12.000,0.000,2494.148,0.000,0.000,0.000,0.000,0.000,117241.6,2.179,1.00,5.00
44.470,12.000,12.000,0.000,2494.148,0.000,0.000,0.000,0.000,0.000,117241.6,2.179,1.00,5.00
44.480,12.000,12.000,0.000,2494.148,0.000,0.000,0.000,0.000,0.000,117241.6,2.179,1.00,5.00
44.490,12.000,12.000,0.000,2494.148,0.000,0.000,0.000,0.000,0.000,117241.6,2.179,1.00,5.00
44.500,12.000,12.000,0.000,2494.148,0.000,0.000,0.000,0.000,0.000,117241.6,2.179,1.00,5.00
44.510,12.000,12.000,0.000,2494.148,0.000,0.000,0.000,0.000,0.000,117241.6,2.179,1.00,5.00
44.520,12.000,12.000,0.000,2494.148,0.000,0.000,0.000,0.000,0.000,117241.6,2.179,1.00,5.00
44.530,12.000,12.000,0.000,2494.148,0.000,0.000,0.000,0.000,0.000,117241.6,2.179,1.00,5.00
44.540,12.000,12.000,0.000,2494.148,0.000,0.000,0.000,0.000,0.000,117241.6,2.179,1.00,5.00
44.550,12.000,12.000,0.000,2494.148,0.000,0.000,0.000,0.000,0.000,117241.6,2.179,1.00,5.00
44.560,12.000,12.000,0.000,2494.148,0.000,0.000,0.000,0.000,0.000,117241.6,2.179,1.00,5.00
44.570,12.000,12.000,0.000,2494.148,0.000,0.000,0.000,0.000,0.000,117241.6,2.179,1.00,5.00
44.580,12.000,12.000,0.000,2494.148,0.000,0.000,0.000,0.000,0.000,117241.6,2.179,1.00,5.00
44.590,12.000,12.000,0.000,2494.148,0.000,0.000,0.000,0.000,0.000,117241.6,2.179,1.00,5.00
44.600,12.000,12.000,0.000,2494.148,0.000,0.000,0.000,0.000,0.000,117241.6,2.179,1.00,5.00
44.610,12.000,12.000,0.000,2494.148,0.000,0.000,0.000,0.000,0.000,117241.6,2.179,1.00,5.00
44.620,12.000,12.000,0.000,2494.148,0.000,0.000,0.000,0.000,0.000,117241.6,2.179,1.00,5.00
44.630,12.000,12.000,0.000,2494.148,0.000,0.000,0.000,0.000,0.000,117241.6,2.179,1.00,5.00
44.640,12.000,12.000,0.000,2494.148,0.000,0.000,0.000,0.000,0.000,117241.6,2.179,1.00,5.00
44.650,12.000,12.000,0.000,2494.148,0.000,0.000,0.000,0.000,0.000,117241.6,2.179,1.00,5.00
44.660,12.000,12.000,0.000,2494.148,0.000,0.000,0.000,0.000,0.000,117241.6,2.179,1.00,5.00
44.670,12.000,12.000,0.000,2494.148,0.000,0.000,0.000,0.000,0.000,117241.6,2.179,1.00,5.00
44.680,12.000,12.000,0.000,2494.148,0.000,0.000,0.000,0.000,0.000,117241.6,2.179,1.00,5.00
44.690,12.000,12.000,0.000,2494.148,0.000,0.000,0.000,0.000,0.000,117241.6,2.179,1.00,5.00
44.700,12.000,12.000,0.000,2494.148,0.000,0.000,0.000,0.000,0.000,117241.6,2.179,1.00,5.00
44.710,12.000,12.000,0.000,2494.148,0.000,0.000,0.000,0.000,0.000,117241.6,2.179,1.00,5.00
44.720,12.000,12.000,0.000,2494.148,0.000,0.000,0.000,0.000,0.000,117241.6,2.179,1.00,5.00
44.730,12.000,12.000,0.000,2494.148,0.000,0.000,0.000,0.000,0.000,117241.6,2.179,1.00,5.00
44.740,12.000,12.000,0.000,2494.148,0.000,0.000,0.000,0.000,0.000,117241.6,2.179,1.00,5.00
44.750,12.000,12.000,0.000,2494.148,0.000,0.000,0.000,0.000,0.000,117241.6,2.179,1.00,5.00
44.760,12.000,12.000,0.000,2494.148,0.000,0.000,0.000,0.000,0.000,117241.6,2.179,1.00,5.00
44.770,12.000,12.000,0.000,2494.148,0.000,0.000,0.000,0.000,0.000,117241.6,2.179,1.00,5.00
44.780,12.000,12.000,0.000,2494.148,0.000,0.000,0.000,0.000,0.000,117241.6,2.179,1.00,5.00
44.790,12.000,12.000,0.000,2494.148,0.000,0.000,0.000,0.000,0.000,117241.6,2.179,1.00,5.00
44.800,12.000,12.000,0.000,2494.148,0.000,0.000,0.000,0.000,0.000,117241.6,2.179,1.00,5.00
44.810,12.000,12.000,0.000,2494.148,0.000,0.000,0.000,0.000,0.000,117241.6,2.179,1.00,5.00
44.820,12.000,12.000,0.000,2494.148,0.000,0.000,0.000,0.000,0.000,117241.6,2.179,1.00,5.00
44.830,12.000,12.000,0.000,2494.148,0.000,0.000,0.000,0.000,0.000,117241.6,2.179,1.00,5.00
44.840,12.000,12.000,0.000,2494.148,0.000,0.000,0.000,0.000,0.000,117241.6,2.179,1.00,5.00
44.850,12.000,12.000,0.000,2494.148,0.000,0.000,0.000,0.000,0.000,117241.6,2.179,1.00,5.00
44.860,12.000,12.000,0.000,2494.148,0.000,0.000,0.000,0.000,0.000,117241.6,2.179,1.00,5.00
44.870,12.000,12.000,0.000,2494.148,0.000,0.000,0.000,0.000,0.000,117241.6,2.179,1.00,5.00
44.880,12.000,12.000,0.000,2494.148,0.000,0.000,0.000,0.000,0.000,117241.6,2.179,1.00,5.00
44.890,12.000,12.000,0.000,2494.148,0.000,0.000,0.000,0.000,0.000,117241.6,2.179,1.00,5.00
44.900,12.000,12.000,0.000,2494.148,0.000,0.000,0.000,0.000,0.000,117241.6,2.179,1.00,5.00
44.910,12.000,12.000,0.000,2494.148,0.000,0.000,0.000,0.000,0.000,117241.6,2.179,1.00,5.00
44.920,12.000,12.000,0.000,2494.148,0.000,0.000,0.000,0.000,0.000,117241.6,2.179,1.00,5.00
44.930,12.000,12.000,0.000,2494.148,0.000,0.000,0.000,0.000,0.000,117241.6,2.179,1.00,5.00
44.940,12.000,12.000,0.000,2494.148,0.000,0.000,0.000,0.000,0.000,117241.6,2.179,1.00,5.00
44.950,12.000,12.000,0.000,2494.148,0.000,0.000,0.000,0.000,0.000,117241.6,2.179,1.00,5.00
44.960,12.000,12.000,0.000,2494.148,0.000,0.000,0.000,0.000,0.000,117241.6,2.179,1.00,5.00
44.970,12.000,12.000,0.000,2494.148,0.000,0.000,0.000,0.000,0.000,117241.6,2.179,1.00,5.00
44.980,12.000,12.000,0.000,2494.148,0.000,0.000,0.000,0.000,0.000,117241.6,2.179,1.00,5.00
44.990,12.000,12.000,0.000,2494.148,0.000,0.000,0.000,0.000,0.000,117241.6,2.179,1.00,5.00
45.000,12.000,12.000,0.000,2494.148,0.000,0.000,0.000,0.000,0.000,117241.6,2.179,1.00,-5.00
45.010,12.000,12.000,0.000,2494.148,0.000,0.000,0.000,0.000,0.000,117241.6,2.179,1.00,-5.00
45.020,12.000,12.000,0.000,2494.148,0.000,0.000,0.000,0.000,0.000,117241.6,2.179,1.00,-5.00
45.030,12.000,12.000,0.000,2494.148,0.000,0.000,0.000,0.000,0.000,117241.6,2.179,1.00,-5.00
45.040,12.000,12.000,0.000,2494.148,0.000,0.000,0.000,0.000,0.000,117241.6,2.179,1.00,-5.00
45.050,12.000,12.000,0.000,2494.148,0.000,0.000,0.000,0.000,0.000,117241.6,2.179,1.00,-5.00
45.060,12.000,12.000,0.000,2494.148,0.000,0.000,0.000,0.000,0.000,117241.6,2.179,1.00,-5.00
45.070,12.000,12.000,0.000,2494.148,0.000,0.000,0.000,0.000,0.000,117241.6,2.179,1.00,-5.00
45.080,12.000,12.000,0.000,2494.148,0.000,0.000,0.000,0.000,0.000,117241.6,2.179,1.00,-5.00
45.090,12.000,12.000,0.000,2494.148,0.000,0.000,0.000,0.000,0.000,117241.6,2.179,1.00,-5.00
45.110,12.000,12.000,0.000,2494.148,0.000,0.000,0.000,0.000,0.000,117241.6,2.179,1.00,-5.00
45.120,12.000,12.000,0.000,2494.148,0.000,0.000,0.000,0.000,0.000,117241.6,2.179,1.00,-5.00
45.130,12.000,12.000,0.000,2494.148,0.000,0.000,0.000,0.000,0.000,117241.6,2.179,1.00,-5.00
45.140,12.000,12.000,0.000,2494.148,0.000,0.000,0.000,0.000,0.000,117241.6,2.179,1.00,-5.00
45.150,12.000,12.000,0.000,2494.148,0.000,0.000,0.000,0.000,0.000,117241.6,2.179,1.00,-5.00
45.160,12.000,12.000,0.000,2494.148,0.000,0.000,0.000,0.000,0.000,117241.6,2.179,1.00,-5.00
45.170,12.000,12.000,0.000,2494.148,0.000,0.000,0.000,0.000,0.000,117241.6,2.179,1.00,-5.00
45.180,12.000,12.000,0.000,2494.148,0.000,0.000,0.000,0.000,0.000,117241.6,2.179,1.00,-5.00
45.190,12.000,12.000,0.000,2494.148,0.000,0.000,0.000,0.000,0.000,117241.6,2.179,1.00,-5.00
45.200,12.000,12.000,0.000,2494.148,0.000,0.000,0.000,0.000,0.000,117241.6,2.179,1.00,-5.00
45.210,12.000,12.000,0.000,2494.148,0.000,0.000,0.000,0.000,0.000,117241.6,2.179,1.00,-5.00
45.220,12.000,12.000,0.000,2494.148,0.000,0.000,0.000,0.000,0.000,117241.6,2.179,1.00,-5.00
45.230,12.000,12.000,0.000,2494.148,0.000,0.000,0.000,0.000,0.000,117241.6,2.179,1.00,-5.00
45.240,12.000,12.000,0.000,2494.148,0.000,0.000,0.000,0.000,0.000,117241.6,2.179,1.00,-5.00
45.250,12.000,12.000,0.000,2494.148,0.000,0.000,0.000,0.000,0.000,117241.6,2.179,1.00,-5.00
45.260,12.000,12.000,0.000,2494.148,0.000,0.000,0.000,0.000,0.000,117241.6,2.179,1.00,-5.00
45.270,12.000,12.000,0.000,2494.148,0.000,0.000,0.000,0.000,0.000,117241.6,2.179,1.00,-5.00
45.280,12.000,12.000,0.000,2494.148,0.000,0.000,0.000,0.000,0.000,117241.6,2.179,1.00,-5.00
45.290,12.000,12.000,0.000,2494.148,0.000,0.000,0.000,0.000,0.000,117241.6,2.179,1.00,-5.00
45.300,12.000,12.000,0.000,2494.148,0.000,0.000,0.000,0.000,0.000,117241.6,2.179,1.00,-5.00
45.310,12.000,12.000,0.000,2494.148,0.000,0.000,0.000,0.000,0.000,117241.6,2.179,1.00,-5.00
45.320,12.000,12.000,0.000,2494.148,0.000,0.000,0.000,0.000,0.000,117241.6,2.179,1.00,-5.00
45.330,12.000,12.000,0.000,2494.148,0.000,0.000,0.000,0.000,0.000,117241.6,2.179,1.00,-5.00
45.340,12.000,12.000,0.000,2494.148,0.000,0.000,0.000,0.000,0.000,117241.6,2.179,1.00,-5.00
45.350,12.000,12.000,0.000,2494.148,0.000,0.000,0.000,0.000,0.000,117241.6,2.179,1.00,-5.00
45.360,12.000,12.000,0.000,2494.148,0.000,0.000,0.000,0.000,0.000,117241.6,2.179,1.00,-5.00
45.370,12.000,12.000,0.000,2494.148,0.000,0.000,0.000,0.000,0.000,117241.6,2.179,1.00,-5.00
45.380,12.000,12.000,0.000,2494.148,0.000,0.000,0.000,0.000,0.000,117241.6,2.179,1.00,-5.00
45.390,12.000,12.000,0.000,2494.148,0.000,0.000,0.000,0.000,0.000,117241.6,2.179,1.00,-5.00
45.400,12.000,12.000,0.000,2494.148,0.000,0.000,0.000,0.000,0.000,117241.6,2.179,1.00,-5.00
45.410,12.000,12.000,0.000,2494.148,0.000,0.000,0.000,0.000,0.000,117241.6,2.179,1.00,-5.00
45.420,12.000,12.000,0.000,2494.148,0.000,0.000,0.000,0.000,0.000,117241.6,2.179,1.00,-5.00
45.430,12.000,12.000,0.000,2494.148,0.000,0.000,0.000,0.000,0.000,117241.6,2.179,1.00,-5.00
45.440,12.000,12.000,0.000,2494.148,0.000,0.000,0.000,0.000,0.000,117241.6,2.179,1.00,-5.00
45.450,12.000,12.000,0.000,2494.148,0.000,0.000,0.000,0.000,0.000,117241.6,2.179,1.00,-5.00
45.460,12.000,12.000,0.000,2494.148,0.000,0.000,0.000,0.000,0.000,117241.6,2.179,1.00,-5.00
45.470,12.000,12.000,0.000,2494.148,0.000,0.000,0.000,0.000,0.000,117241.6,2.179,1.00,-5.00
45.480,12.000,12.000,0.000,2494.148,0.000,0.000,0.000,0.000,0.000,117241.6,2.179,1.00,-5.00
45.490,12.000,12.000,0.000,2494.148,0.000,0.000,0.000,0.000,0.000,117241.6,2.179,1.00,-5.00
45.500,12.000,12.000,0.000,2494.148,0.000,0.000,0.000,0.000,0.000,117241.6,2.179,1.00,-5.00
45.510,12.000,12.000,0.000,2494.148,0.000,0.000,0.000,0.000,0.000,117241.6,2.179,1.00,-5.00
45.520,12.000,12.000,0.000,2494.148,0.000,0.000,0.000,0.000,0.000,117241.6,2.179,1.00,-5.00
45.530,12.000,12.000,0.000,2494.148,0.000,0.000,0.000,0.000,0.000,117241.6,2.179,1.00,-5.00
45.540,12.000,12.000,0.000,2494.148,0.000,0.000,0.000,0.000,0.000,117241.6,2.179,1.00,-5.00
45.550,12.000,12.000,0.000,2494.148,0.000,0.000,0.000,0.000,0.000,117241.6,2.179,1.00,-5.00
45.560,12.000,12.000,0.000,2494.148,0.000,0.000,0.000,0.000,0.000,117241.6,2.179,1.00,-5.00
45.570,12.000,12.000,0.000,2494.148,0.000,0.000,0.000,0.000,0.000,117241.6,2.179,1.00,-5.00
45.580,12.000,12.000,0.000,2494.148,0.000,0.000,0.000,0.000,0.000,117241.6,2.179,1.00,-5.00
45.590,12.000,12.000,0.000,2494.148,0.000,0.000,0.000,0.000,0.000,117241.6,2.179,1.00,-5.00
45.600,12.000,12.000,0.000,2494.148,0.000,0.000,0.000,0.000,0.000,117241.6,2.179,1.00,-5.00
45.610,12.000,12.000,0.000,2494.148,0.000,0.000,0.000,0.000,0.000,117241.6,2.179,1.00,-5.00
45.620,12.000,12.000,0.000,2494.148,0.000,0.000,0.000,0.000,0.000,117241.6,2.179,1.00,-5.00
45.630,12.000,12.000,0.000,2494.148,0.000,0.000,0.000,0.000,0.000,117241.6,2.179,1.00,-5.00
45.640,12.000,12.000,0.000,2494.148,0.000,0.000,0.000,0.000,0.000,117241.6,2.179,1.00,-5.00
45.650,12.000,12.000,0.000,2494.148,0.000,0.000,0.000,0.000,0.000,117241.6,2.179,1.00,-5.00
45.660,12.000,12.000,0.000,2494.148,0.000,0.000,0.000,0.000,0.000,117241.6,2.179,1.00,-5.00
45.670,12.000,12.000,0.000,2494.148,0.000,0.000,0.000,0.000,0.000,117241.6,2.179,1.00,-5.00
45.680,12.000,12.000,0.000,2494.148,0.000,0.000,0.000,0.000,0.000,117241.6,2.179,1.00,-5.00
45.690,12.000,12.000,0.000,2494.148,0.000,0.000,0.000,0.000,0.000,117241.6,2.179,1.00,-5.00
45.700,12.000,12.000,0.000,2494.148,0.000,0.000,0.000,0.000,0.000,117241.6,2.179,1.00,-5.00
45.710,12.000,12.000,0.000,2494.148,0.000,0.000,0.000,0.000,0.000,117241.6,2.179,1.00,-5.00
45.720,12.000,12.000,0.000,2494.148,0.000,0.000,0.000,0.000,0.000,117241.6,2.179,1.00,-5.00
45.730,12.000,12.000,0.000,2494.148,0.000,0.000,0.000,0.000,0.000,117241.6,2.179,1.00,-5.00
45.740,12.000,12.000,0.000,2494.148,0.000,0.000,0.000,0.000,0.000,117241.6,2.179,1.00,-5.00
45.750,12.000,12.000,0.000,2494.148,0.000,0.000,0.000,0.000,0.000,117241.6,2.179,1.00,-5.00
45.760,12.000,12.000,0.000,2494.148,0.000,0.000,0.000,0.000,0.000,117241.6,2.179,1.00,-5.00
45.770,12.000,12.000,0.000,2494.148,0.000,0.000,0.000,0.000,0.000,117241.6,2.179,1.00,-5.00
45.780,12.000,12.000,0.000,2494.148,0.000,0.000,0.000,0.000,0.000,117241.6,2.179,1.00,-5.00
45.790,12.000,12.000,0.000,2494.148,0.000,0.000,0.000,0.000,0.000,117241.6,2.179,1.00,-5.00
45.800,12.000,12.000,0.000,2494.148,0.000,0.000,0.000,0.000,0.000,117241.6,2.179,1.00,-5.00
45.810,12.000,12.000,0.000,2494.148,0.000,0.000,0.000,0.000,0.000,117241.6,2.179,1.00,-5.00
45.820,12.000,12.000,0.000,2494.148,0.000,0.000,0.000,0.000,0.000,117241.6,2.179,1.00,-5.00
45.830,12.000,12.000,0.000,2494.148,0.000,0.000,0.000,0.000,0.000,117241.6,2.179,1.00,-5.00
45.840,12.000,12.000,0.000,2494.148,0.000,0.000,0.000,0.000,0.000,117241.6,2.179,1.00,-5.00
45.850,12.000,12.000,0.000,2494.148,0.000,0.000,0.000,0.000,0.000,117241.6,2.179,1.00,-5.00
45.860,12.000,12.000,0.000,2494.148,0.000,0.000,0.000,0.000,0.000,117241.6,2.179,1.00,-5.00
45.870,12.000,12.000,0.000,2494.148,0.000,0.000,0.000,0.000,0.000,117241.6,2.179,1.00,-5.00
45.880,12.000,12.000,0.000,2494.148,0.000,0.000,0.000,0.000,0.000,117241.6,2.179,1.00,-5.00
45.890,12.000,12.000,0.000,2494.148,0.000,0.000,0.000,0.000,0.000,117241.6,2.179,1.00,-5.00
45.900,12.000,12.000,0.000,2494.148,0.000,0.000,0.000,0.000,0.000,117241.6,2.179,1.00,-5.00
45.910,12.000,12.000,0.000,2494.148,0.000,0.000,0.000,0.000,0.000,117241.6,2.179,1.00,-5.00
45.920,12.000,12.000,0.000,2494.148,0.000,0.000,0.000,0.000,0.000,117241.6,2.179,1.00,-5.00
45.930,12.000,12.000,0.000,2494.148,0.000,0.000,0.000,0.000,0.000,117241.6,2.179,1.00,-5.00
45.940,12.000,12.000,0.000,2494.148,0.000,0.000,0.000,0.000,0.000,117241.6,2.179,1.00,-5.00
45.950,12.000,12.000,0.000,2494.148,0.000,0.000,0.000,0.000,0.000,117241.6,2.179,1.00,-5.00
45.960,12.000,12.000,0.000,2494.148,0.000,0.000,0.000,0.000,0.000,117241.6,2.179,1.00,-5.00
45.970,12.000,12.000,0.000,2494.148,0.000,0.000,0.000,0.000,0.000,117241.6,2.179,1.00,-5.00
45.980,12.000,12.000,0.000,2494.148,0.000,0.000,0.000,0.000,0.000,117241.6,2.179,1.00,-5.00
45.990,12.000,12.000,0.000,2494.148,0.000,0.000,0.000,0.000,0.000,117241.6,2.179,1.00,-5.00
46.000,12.000,12.000,0.000,2494.148,0.000,0.000,0.000,0.000,0.000,117241.6,2.179,1.00,-5.00
46.010,12.000,12.010,-0.010,0.000,34.466,0.000,0.000,0.000,0.000,117237.5,2.107,1.00,-5.00
46.020,12.000,12.000,0.000,20076.657,0.000,0.000,0.000,0.000,0.000,117237.5,2.107,1.00,-5.00
46.030,12.000,12.000,0.000,2493.933,0.000,0.000,0.000,0.000,0.000,117237.5,2.174,1.00,-5.00
46.040,12.000,12.000,0.000,2495.488,0.000,0.000,0.000,0.000,0.000,117254.2,2.210,1.00,-5.00
46.050,12.000,12.000,0.000,2495.487,0.000,0.000,0.000,0.000,0.000,117254.2,2.210,1.00,-5.00
46.060,12.000,12.000,0.000,2495.487,0.000,0.000,0.000,0.000,0.000,117254.2,2.210,1.00,-5.00
46.070,12.000,12.000,0.000,2495.487,0.000,0.000,0.000,0.000,0.000,117254.2,2.210,1.00,-5.00
46.080,12.000,12.000,0.000,2495.487,0.000,0.000,0.000,0.000,0.000,117254.2,2.210,1.00,-5.00
46.090,12.000,12.000,0.000,2495.487,0.000,0.000,0.000,0.000,0.000,117254.2,2.210,1.00,-5.00
46.100,12.000,12.000,0.000,2495.487,0.000,0.000,0.000,0.000,0.000,117254.2,2.210,1.00,-5.00
46.120,12.000,12.010,-0.010,0.000,34.468,0.000,0.000,0.000,0.000,117250.0,2.138,1.00,-5.00
46.130,12.000,12.010,-0.010,0.000,1.904,0.000,0.000,0.000,0.000,117245.9,2.066,1.00,-5.00
46.140,12.000,12.010,-0.010,0.000,1.904,0.000,0.000,0.000,0.000,117245.9,2.061,1.00,-5.00
46.150,12.000,11.990,0.010,37668.661,0.000,0.000,0.000,0.000,0.000,117245.9,2.200,1.00,-5.00
46.160,12.000,11.990,0.010,6018.275,0.000,0.000,0.000,0.000,0.000,117245.9,2.340,1.00,-5.00
46.170,12.000,12.000,0.000,0.000,27.937,0.000,0.000,0.000,0.000,117245.9,2.340,1.00,-5.00
46.180,12.000,12.000,0.000,2498.272,0.000,0.000,0.000,0.000,0.000,117236.8,2.275,1.00,-5.00
46.190,12.000,12.000,0.000,2498.051,0.000,0.000,0.000,0.000,0.000,117236.8,2.270,1.00,-5.00
46.200,12.000,12.000,0.000,2498.051,0.000,0.000,0.000,0.000,0.000,117236.8,2.270,1.00,-5.00
46.210,12.000,12.000,0.000,2498.051,0.000,0.000,0.000,0.000,0.000,117236.8,2.270,1.00,-5.00
46.220,12.000,12.000,0.000,2498.051,0.000,0.000,0.000,0.000,0.000,117236.8,2.270,1.00,-5.00
46.230,12.000,12.000,0.000,2498.051,0.000,0.000,0.000,0.000,0.000,117236.8,2.270,1.00,-5.00
46.240,12.000,12.000,0.000,2498.051,0.000,0.000,0.000,0.000,0.000,117236.8,2.270,1.00,-5.00
46.250,12.000,12.000,0.000,2498.051,0.000,0.000,0.000,0.000,0.000,117236.8,2.270,1.00,-5.00
46.260,12.000,12.000,0.000,2498.051,0.000,0.000,0.000,0.000,0.000,117236.8,2.270,1.00,-5.00
46.270,12.000,12.000,0.000,2498.051,0.000,0.000,0.000,0.000,0.000,117236.8,2.270,1.00,-5.00
46.280,12.000,12.000,0.000,2498.051,0.000,0.000,0.000,0.000,0.000,117236.8,2.270,1.00,-5.00
46.290,12.000,12.000,0.000,2498.051,0.000,0.000,0.000,0.000,0.000,117236.8,2.270,1.00,-5.00
46.300,12.000,12.000,0.000,2498.051,0.000,0.000,0.000,0.000,0.000,117236.8,2.270,1.00,-5.00
46.310,12.000,12.000,0.000,2498.051,0.000,0.000,0.000,0.000,0.000,117236.8,2.270,1.00,-5.00
46.320,12.000,12.000,0.000,2498.051,0.000,0.000,0.000,0.000,0.000,117236.8,2.270,1.00,-5.00
46.330,12.000,12.000,0.000,2498.051,0.000,0.000,0.000,0.000,0.000,117236.8,2.270,1.00,-5.00
46.340,12.000,12.000,0.000,2498.051,0.000,0.000,0.000,0.000,0.000,117236.8,2.270,1.00,-5.00
46.350,12.000,12.000,0.000,2498.051,0.000,0.000,0.000,0.000,0.000,117236.8,2.270,1.00,-5.00
46.360,12.000,12.000,0.000,2498.051,0.000,0.000,0.000,0.000,0.000,117236.8,2.270,1.00,-5.00
46.380,12.000,12.000,0.000,2498.051,0.000,0.000,0.000,0.000,0.000,117236.8,2.270,1.00,-5.00
46.390,12.000,12.000,0.000,2498.051,0.000,0.000,0.000,0.000,0.000,117236.8,2.270,1.00,-5.00
46.400,12.000,12.000,0.000,2498.051,0.000,0.000,0.000,0.000,0.000,117236.8,2.270,1.00,-5.00
46.410,12.000,12.000,0.000,2498.051,0.000,0.000,0.000,0.000,0.000,117236.8,2.270,1.00,-5.00
46.420,12.000,12.000,0.000,2498.051,0.000,0.000,0.000,0.000,0.000,117236.8,2.270,1.00,-5.00
46.430,12.000,12.000,0.000,2498.051,0.000,0.000,0.000,0.000,0.000,117236.8,2.270,1.00,-5.00
46.440,12.000,12.000,0.000,2498.051,0.000,0.000,0.000,0.000,0.000,117236.8,2.270,1.00,-5.00
46.450,12.000,12.000,0.000,2498.051,0.000,0.000,0.000,0.000,0.000,117236.8,2.270,1.00,-5.00
46.460,12.000,12.000,0.000,2498.051,0.000,0.000,0.000,0.000,0.000,117236.8,2.270,1.00,-5.00
46.470,12.000,12.000,0.000,2498.051,0.000,0.000,0.000,0.000,0.000,117236.8,2.270,1.00,-5.00
46.480,12.000,12.000,0.000,2498.051,0.000,0.000,0.000,0.000,0.000,117236.8,2.270,1.00,-5.00
46.490,12.000,12.000,0.000,2498.051,0.000,0.000,0.000,0.000,0.000,117236.8,2.270,1.00,-5.00
46.500,12.000,12.000,0.000,2498.051,0.000,0.000,0.000,0.000,0.000,117236.8,2.270,1.00,-5.00
46.510,12.000,12.000,0.000,2498.051,0.000,0.000,0.000,0.000,0.000,117236.8,2.270,1.00,-5.00
46.520,12.000,12.000,0.000,2498.051,0.000,0.000,0.000,0.000,0.000,117236.8,2.270,1.00,-5.00
46.530,12.000,12.000,0.000,2498.051,0.000,0.000,0.000,0.000,0.000,117236.8,2.270,1.00,-5.00
46.540,12.000,12.000,0.000,2498.051,0.000,0.000,0.000,0.000,0.000,117236.8,2.270,1.00,-5.00
46.550,12.000,12.000,0.000,2498.051,0.000,0.000,0.000,0.000,0.000,117236.8,2.270,1.00,-5.00
46.560,12.000,12.000,0.000,2498.051,0.000,0.000,0.000,0.000,0.000,117236.8,2.270,1.00,-5.00
46.570,12.000,12.000,0.000,2498.051,0.000,0.000,0.000,0.000,0.000,117236.8,2.270,1.00,-5.00
46.580,12.000,12.000,0.000,2498.051,0.000,0.000,0.000,0.000,0.000,117236.8,2.270,1.00,-5.00
46.590,12.000,12.000,0.000,2498.051,0.000,0.000,0.000,0.000,0.000,117236.8,2.270,1.00,-5.00
46.600,12.000,12.000,0.000,2498.051,0.000,0.000,0.000,0.000,0.000,117236.8,2.270,1.00,-5.00
46.610,12.000,12.000,0.000,2498.051,0.000,0.000,0.000,0.000,0.000,117236.8,2.270,1.00,-5.00
46.620,12.000,12.000,0.000,2498.051,0.000,0.000,0.000,0.000,0.000,117236.8,2.270,1.00,-5.00
46.630,12.000,12.000,0.000,2498.051,0.000,0.000,0.000,0.000,0.000,117236.8,2.270,1.00,-5.00
46.640,12.000,12.000,0.000,2498.051,0.000,0.000,0.000,0.000,0.000,117236.8,2.270,1.00,-5.00
46.650,12.000,12.000,0.000,2498.051,0.000,0.000,0.000,0.000,0.000,117236.8,2.270,1.00,-5.00
46.660,12.000,12.000,0.000,2498.051,0.000,0.000,0.000,0.000,0.000,117236.8,2.270,1.00,-5.00
46.670,12.000,12.000,0.000,2498.051,0.000,0.000,0.000,0.000,0.000,117236.8,2.270,1.00,-5.00
46.680,12.000,12.000,0.000,2498.051,0.000,0.000,0.000,0.000,0.000,117236.8,2.270,1.00,-5.00
46.690,12.000,12.000,0.000,2498.051,0.000,0.000,0.000,0.000,0.000,117236.8,2.270,1.00,-5.00
46.700,12.000,12.000,0.000,2498.051,0.000,0.000,0.000,0.000,0.000,117236.8,2.270,1.00,-5.00
46.710,12.000,12.000,0.000,2498.051,0.000,0.000,0.000,0.000,0.000,117236.8,2.270,1.00,-5.00
46.720,12.000,12.000,0.000,2498.051,0.000,0.000,0.000,0.000,0.000,117236.8,2.270,1.00,-5.00
46.730,12.000,12.000,0.000,2498.051,0.000,0.000,0.000,0.000,0.000,117236.8,2.270,1.00,-5.00
46.740,12.000,12.000,0.000,2498.051,0.000,0.000,0.000,0.000,0.000,117236.8,2.270,1.00,-5.00
46.750,12.000,12.000,0.000,2498.051,0.000,0.000,0.000,0.000,0.000,117236.8,2.270,1.00,-5.00
46.760,12.000,12.000,0.000,2498.051,0.000,0.000,0.000,0.000,0.000,117236.8,2.270,1.00,-5.00
46.770,12.000,12.000,0.000,2498.051,0.000,0.000,0.000,0.000,0.000,117236.8,2.270,1.00,-5.00
46.780,12.000,12.000,0.000,2498.051,0.000,0.000,0.000,0.000,0.000,117236.8,2.270,1.00,-5.00
46.790,12.000,12.000,0.000,2498.051,0.000,0.000,0.000,0.000,0.000,117236.8,2.270,1.00,-5.00
46.800,12.000,12.000,0.000,2498.051,0.000,0.000,0.000,0.000,0.000,117236.8,2.270,1.00,-5.00
46.810,12.000,12.000,0.000,2498.051,0.000,0.000,0.000,0.000,0.000,117236.8,2.270,1.00,-5.00
46.820,12.000,12.000,0.000,2498.051,0.000,0.000,0.000,0.000,0.000,117236.8,2.270,1.00,-5.00
46.830,12.000,12.000,0.000,2498.051,0.000,0.000,0.000,0.000,0.000,117236.8,2.270,1.00,-5.00
46.840,12.000,12.000,0.000,2498.051,0.000,0.000,0.000,0.000,0.000,117236.8,2.270,1.00,-5.00
46.850,12.000,12.000,0.000,2498.051,0.000,0.000,0.000,0.000,0.000,117236.8,2.270,1.00,-5.00
46.860,12.000,12.000,0.000,2498.051,0.000,0.000,0.000,0.000,0.000,117236.8,2.270,1.00,-5.00
46.870,12.000,12.000,0.000,2498.051,0.000,0.000,0.000,0.000,0.000,117236.8,2.270,1.00,-5.00
46.880,12.000,12.000,0.000,2498.051,0.000,0.000,0.000,0.000,0.000,117236.8,2.270,1.00,-5.00
46.890,12.000,12.000,0.000,2498.051,0.000,0.000,0.000,0.000,0.000,117236.8,2.270,1.00,-5.00
46.900,12.000,12.000,0.000,2498.051,0.000,0.000,0.000,0.000,0.000,117236.8,2.270,1.00,-5.00
46.910,12.000,12.000,0.000,2498.051,0.000,0.000,0.000,0.000,0.000,117236.8,2.270,1.00,-5.00
46.920,12.000,12.000,0.000,2498.051,0.000,0.000,0.000,0.000,0.000,117236.8,2.270,1.00,-5.00
46.930,12.000,12.000,0.000,2498.051,0.000,0.000,0.000,0.000,0.000,117236.8,2.270,1.00,-5.00
46.940,12.000,12.000,0.000,2498.051,0.000,0.000,0.000,0.000,0.000,117236.8,2.270,1.00,-5.00
46.950,12.000,12.000,0.000,2498.051,0.000,0.000,0.000,0.000,0.000,117236.8,2.270,1.00,-5.00
46.960,12.000,12.000,0.000,2498.051,0.000,0.000,0.000,0.000,0.000,117236.8,2.270,1.00,-5.00
46.970,12.000,12.000,0.000,2498.051,0.000,0.000,0.000,0.000,0.000,117236.8,2.270,1.00,-5.00
46.980,12.000,12.000,0.000,2498.051,0.000,0.000,0.000,0.000,0.000,117236.8,2.270,1.00,-5.00
46.990,12.000,12.000,0.000,2498.051,0.000,0.000,0.000,0.000,0.000,117236.8,2.270,1.00,-5.00
47.000,12.000,12.000,0.000,2498.051,0.000,0.000,0.000,0.000,0.000,117236.8,2.270,1.00,-5.00
47.010,12.000,12.000,0.000,2498.051,0.000,0.000,0.000,0.000,0.000,117236.8,2.270,1.00,-5.00
47.020,12.000,12.000,0.000,2498.051,0.000,0.000,0.000,0.000,0.000,117236.8,2.270,1.00,-5.00
47.030,12.000,12.000,0.000,2498.051,0.000,0.000,0.000,0.000,0.000,117236.8,2.270,1.00,-5.00
47.040,12.000,12.000,0.000,2498.051,0.000,0.000,0.000,0.000,0.000,117236.8,2.270,1.00,-5.00
47.050,12.000,12.000,0.000,2498.051,0.000,0.000,0.000,0.000,0.000,117236.8,2.270,1.00,-5.00
47.060,12.000,12.000,0.000,2498.051,0.000,0.000,0.000,0.000,0.000,117236.8,2.270,1.00,-5.00
47.070,12.000,12.000,0.000,2498.051,0.000,0.000,0.000,0.000,0.000,117236.8,2.270,1.00,-5.00
47.080,12.000,12.000,0.000,2498.051,0.000,0.000,0.000,0.000,0.000,117236.8,2.270,1.00,-5.00
47.090,12.000,12.000,0.000,2498.051,0.000,0.000,0.000,0.000,0.000,117236.8,2.270,1.00,-5.00
47.100,12.000,12.000,0.000,2498.051,0.000,0.000,0.000,0.000,0.000,117236.8,2.270,1.00,-5.00
47.110,12.000,12.000,0.000,2498.051,0.000,0.000,0.000,0.000,0.000,117236.8,2.270,1.00,-5.00
47.120,12.000,12.000,0.000,2498.051,0.000,0.000,0.000,0.000,0.000,117236.8,2.270,1.00,-5.00
47.140,12.000,12.000,0.000,2498.051,0.000,0.000,0.000,0.000,0.000,117236.8,2.270,1.00,-5.00
47.150,12.000,12.000,0.000,2498.051,0.000,0.000,0.000,0.000,0.000,117236.8,2.270,1.00,-5.00
47.160,12.000,12.000,0.000,2498.051,0.000,0.000,0.000,0.000,0.000,117236.8,2.270,1.00,-5.00
47.180,12.000,12.000,0.000,2498.051,0.000,0.000,0.000,0.000,0.000,117236.8,2.270,1.00,-5.00
47.190,12.000,12.000,0.000,2498.051,0.000,0.000,0.000,0.000,0.000,117236.8,2.270,1.00,-5.00
47.200,12.000,12.000,0.000,2498.051,0.000,0.000,0.000,0.000,0.000,117236.8,2.270,1.00,-5.00
47.210,12.000,12.000,0.000,2498.051,0.000,0.000,0.000,0.000,0.000,117236.8,2.270,1.00,-5.00
47.220,12.000,12.000,0.000,2498.051,0.000,0.000,0.000,0.000,0.000,117236.8,2.270,1.00,-5.00
47.230,12.000,12.000,0.000,2498.051,0.000,0.000,0.000,0.000,0.000,117236.8,2.270,1.00,-5.00
47.240,12.000,12.000,0.000,2498.051,0.000,0.000,0.000,0.000,0.000,117236.8,2.270,1.00,-5.00
47.250,12.000,12.000,0.000,2498.051,0.000,0.000,0.000,0.000,0.000,117236.8,2.270,1.00,-5.00
47.260,12.000,12.000,0.000,2498.051,0.000,0.000,0.000,0.000,0.000,117236.8,2.270,1.00,-5.00
47.270,12.000,12.000,0.000,2498.051,0.000,0.000,0.000,0.000,0.000,117236.8,2.270,1.00,-5.00
47.280,12.000,12.000,0.000,2498.051,0.000,0.000,0.000,0.000,0.000,117236.8,2.270,1.00,-5.00
47.290,12.000,12.000,0.000,2498.051,0.000,0.000,0.000,0.000,0.000,117236.8,2.270,1.00,-5.00
47.300,12.000,12.000,0.000,2498.051,0.000,0.000,0.000,0.000,0.000,117236.8,2.270,1.00,-5.00
47.310,12.000,12.000,0.000,2498.051,0.000,0.000,0.000,0.000,0.000,117236.8,2.270,1.00,-5.00
47.320,12.000,12.000,0.000,2498.051,0.000,0.000,0.000,0.000,0.000,117236.8,2.270,1.00,-5.00
47.330,12.000,12.000,0.000,2498.051,0.000,0.000,0.000,0.000,0.000,117236.8,2.270,1.00,-5.00
47.340,12.000,12.000,0.000,2498.051,0.000,0.000,0.000,0.000,0.000,117236.8,2.270,1.00,-5.00
47.350,12.000,12.000,0.000,2498.051,0.000,0.000,0.000,0.000,0.000,117236.8,2.270,1.00,-5.00
47.360,12.000,12.000,0.000,2498.051,0.000,0.000,0.000,0.000,0.000,117236.8,2.270,1.00,-5.00
47.370,12.000,12.000,0.000,2498.051,0.000,0.000,0.000,0.000,0.000,117236.8,2.270,1.00,-5.00
47.380,12.000,12.000,0.000,2498.051,0.000,0.000,0.000,0.000,0.000,117236.8,2.270,1.00,-5.00
47.390,12.000,12.000,0.000,2498.051,0.000,0.000,0.000,0.000,0.000,117236.8,2.270,1.00,-5.00
47.400,12.000,12.000,0.000,2498.051,0.000,0.000,0.000,0.000,0.000,117236.8,2.270,1.00,-5.00
47.410,12.000,12.000,0.000,2498.051,0.000,0.000,0.000,0.000,0.000,117236.8,2.270,1.00,-5.00
47.420,12.000,12.000,0.000,2498.051,0.000,0.000,0.000,0.000,0.000,117236.8,2.270,1.00,-5.00
47.430,12.000,12.000,0.000,2498.051,0.000,0.000,0.000,0.000,0.000,117236.8,2.270,1.00,-5.00
47.440,12.000,12.000,0.000,2498.051,0.000,0.000,0.000,0.000,0.000,117236.8,2.270,1.00,-5.00
47.450,12.000,12.000,0.000,2498.051,0.000,0.000,0.000,0.000,0.000,117236.8,2.270,1.00,-5.00
47.460,12.000,12.000,0.000,2498.051,0.000,0.000,0.000,0.000,0.000,117236.8,2.270,1.00,-5.00
47.470,12.000,12.000,0.000,2498.051,0.000,0.000,0.000,0.000,0.000,117236.8,2.270,1.00,-5.00
47.480,12.000,12.000,0.000,2498.051,0.000,0.000,0.000,0.000,0.000,117236.8,2.270,1.00,-5.00
47.490,12.000,12.000,0.000,2498.051,0.000,0.000,0.000,0.000,0.000,117236.8,2.270,1.00,-5.00
47.500,12.000,12.000,0.000,2498.051,0.000,0.000,0.000,0.000,0.000,117236.8,2.270,1.00,-5.00
47.510,12.000,12.000,0.000,2498.051,0.000,0.000,0.000,0.000,0.000,117236.8,2.270,1.00,-5.00
47.520,12.000,12.000,0.000,2498.051,0.000,0.000,0.000,0.000,0.000,117236.8,2.270,1.00,-5.00
47.530,12.000,12.000,0.000,2498.051,0.000,0.000,0.000,0.000,0.000,117236.8,2.270,1.00,-5.00
47.540,12.000,12.000,0.000,2498.051,0.000,0.000,0.000,0.000,0.000,117236.8,2.270,1.00,-5.00
47.550,12.000,12.000,0.000,2498.051,0.000,0.000,0.000,0.000,0.000,117236.8,2.270,1.00,-5.00
47.560,12.000,12.000,0.000,2498.051,0.000,0.000,0.000,0.000,0.000,117236.8,2.270,1.00,-5.00
47.570,12.000,12.000,0.000,2498.051,0.000,0.000,0.000,0.000,0.000,117236.8,2.270,1.00,-5.00
47.580,12.000,12.000,0.000,2498.051,0.000,0.000,0.000,0.000,0.000,117236.8,2.270,1.00,-5.00
47.590,12.000,12.000,0.000,2498.051,0.000,0.000,0.000,0.000,0.000,117236.8,2.270,1.00,-5.00
47.600,12.000,12.000,0.000,2498.051,0.000,0.000,0.000,0.000,0.000,117236.8,2.270,1.00,-5.00
47.610,12.000,12.000,0.000,2498.051,0.000,0.000,0.000,0.000,0.000,117236.8,2.270,1.00,-5.00
47.620,12.000,12.000,0.000,2498.051,0.000,0.000,0.000,0.000,0.000,117236.8,2.270,1.00,-5.00
47.630,12.000,12.000,0.000,2498.051,0.000,0.000,0.000,0.000,0.000,117236.8,2.270,1.00,-5.00
47.640,12.000,12.000,0.000,2498.051,0.000,0.000,0.000,0.000,0.000,117236.8,2.270,1.00,-5.00
47.650,12.000,12.000,0.000,2498.051,0.000,0.000,0.000,0.000,0.000,117236.8,2.270,1.00,-5.00
47.660,12.000,12.000,0.000,2498.051,0.000,0.000,0.000,0.000,0.000,117236.8,2.270,1.00,-5.00
47.670,12.000,12.000,0.000,2498.051,0.000,0.000,0.000,0.000,0.000,117236.8,2.270,1.00,-5.00
47.680,12.000,12.000,0.000,2498.051,0.000,0.000,0.000,0.000,0.000,117236.8,2.270,1.00,-5.00
47.690,12.000,12.000,0.000,2498.051,0.000,0.000,0.000,0.000,0.000,117236.8,2.270,1.00,-5.00
47.700,12.000,12.000,0.000,2498.051,0.000,0.000,0.000,0.000,0.000,117236.8,2.270,1.00,-5.00
47.710,12.000,12.000,0.000,2498.051,0.000,0.000,0.000,0.000,0.000,117236.8,2.270,1.00,-5.00
47.720,12.000,12.000,0.000,2498.051,0.000,0.000,0.000,0.000,0.000,117236.8,2.270,1.00,-5.00
47.730,12.000,12.000,0.000,2498.051,0.000,0.000,0.000,0.000,0.000,117236.8,2.270,1.00,-5.00
47.740,12.000,12.000,0.000,2498.051,0.000,0.000,0.000,0.000,0.000,117236.8,2.270,1.00,-5.00
47.750,12.000,12.000,0.000,2498.051,0.000,0.000,0.000,0.000,0.000,117236.8,2.270,1.00,-5.00
47.760,12.000,12.000,0.000,2498.051,0.000,0.000,0.000,0.000,0.000,117236.8,2.270,1.00,-5.00
47.770,12.000,12.000,0.000,2498.051,0.000,0.000,0.000,0.000,0.000,117236.8,2.270,1.00,-5.00
47.780,12.000,12.000,0.000,2498.051,0.000,0.000,0.000,0.000,0.000,117236.8,2.270,1.00,-5.00
47.790,12.000,12.000,0.000,2498.051,0.000,0.000,0.000,0.000,0.000,117236.8,2.270,1.00,-5.00
47.800,12.000,12.000,0.000,2498.051,0.000,0.000,0.000,0.000,0.000,117236.8,2.270,1.00,-5.00
47.810,12.000,12.000,0.000,2498.051,0.000,0.000,0.000,0.000,0.000,117236.8,2.270,1.00,-5.00
47.820,12.000,12.000,0.000,2498.051,0.000,0.000,0.000,0.000,0.000,117236.8,2.270,1.00,-5.00
47.830,12.000,12.000,0.000,2498.051,0.000,0.000,0.000,0.000,0.000,117236.8,2.270,1.00,-5.00
47.840,12.000,12.000,0.000,2498.051,0.000,0.000,0.000,0.000,0.000,117236.8,2.270,1.00,-5.00
47.850,12.000,12.000,0.000,2498.051,0.000,0.000,0.000,0.000,0.000,117236.8,2.270,1.00,-5.00
47.860,12.000,12.000,0.000,2498.051,0.000,0.000,0.000,0.000,0.000,117236.8,2.270,1.00,-5.00
47.870,12.000,12.000,0.000,2498.051,0.000,0.000,0.000,0.000,0.000,117236.8,2.270,1.00,-5.00
47.880,12.000,12.000,0.000,2498.051,0.000,0.000,0.000,0.000,0.000,117236.8,2.270,1.00,-5.00
47.890,12.000,12.000,0.000,2498.051,0.000,0.000,0.000,0.000,0.000,117236.8,2.270,1.00,-5.00
47.900,12.000,12.000,0.000,2498.051,0.000,0.000,0.000,0.000,0.000,117236.8,2.270,1.00,-5.00
47.910,12.000,12.000,0.000,2498.051,0.000,0.000,0.000,0.000,0.000,117236.8,2.270,1.00,-5.00
47.920,12.000,12.000,0.000,2498.051,0.000,0.000,0.000,0.000,0.000,117236.8,2.270,1.00,-5.00
47.930,12.000,12.000,0.000,2498.051,0.000,0.000,0.000,0.000,0.000,117236.8,2.270,1.00,-5.00
47.940,12.000,12.000,0.000,2498.051,0.000,0.000,0.000,0.000,0.000,117236.8,2.270,1.00,-5.00
47.950,12.000,12.000,0.000,2498.051,0.000,0.000,0.000,0.000,0.000,117236.8,2.270,1.00,-5.00
47.960,12.000,12.010,-0.010,0.000,34.457,0.000,0.000,0.000,0.000,117232.7,2.198,1.00,-5.00
47.970,12.000,12.000,0.000,20079.842,0.000,0.000,0.000,0.000,0.000,117232.7,2.198,1.00,-5.00
47.980,12.000,12.000,0.000,2497.835,0.000,0.000,0.000,0.000,0.000,117232.7,2.265,1.00,-5.00
47.990,12.000,12.000,0.000,2499.390,0.000,0.000,0.000,0.000,0.000,117249.4,2.301,1.00,-5.00
48.000,12.000,12.000,0.000,2499.390,0.000,0.000,0.000,0.000,0.000,117249.4,2.301,1.00,-5.00
48.010,12.000,12.000,0.000,2499.390,0.000,0.000,0.000,0.000,0.000,117249.4,2.301,1.00,-5.00
48.020,12.000,12.000,0.000,2499.390,0.000,0.000,0.000,0.000,0.000,117249.4,2.301,1.00,-5.00
48.030,12.000,12.000,0.000,2499.390,0.000,0.000,0.000,0.000,0.000,117249.4,2.301,1.00,-5.00
48.040,12.000,12.000,0.000,2499.390,0.000,0.000,0.000,0.000,0.000,117249.4,2.301,1.00,-5.00
48.050,12.000,12.000,0.000,2499.390,0.000,0.000,0.000,0.000,0.000,117249.4,2.301,1.00,-5.00
48.060,12.000,12.010,-0.010,0.000,34.459,0.000,0.000,0.000,0.000,117245.2,2.229,1.00,-5.00
48.070,12.000,12.000,0.000,20083.066,0.000,0.000,0.000,0.000,0.000,117245.2,2.229,1.00,-5.00
48.080,12.000,12.000,0.000,2499.175,0.000,0.000,0.000,0.000,0.000,117245.2,2.296,1.00,-5.00
48.090,12.000,12.000,0.000,2500.730,0.000,0.000,0.000,0.000,0.000,117262.0,2.332,1.00,-5.00
48.100,12.000,12.000,0.000,2500.729,0.000,0.000,0.000,0.000,0.000,117262.0,2.332,1.00,-5.00
48.110,12.000,12.000,0.000,2500.729,0.000,0.000,0.000,0.000,0.000,117262.0,2.332,1.00,-5.00
48.120,12.000,12.000,0.000,2500.729,0.000,0.000,0.000,0.000,0.000,117262.0,2.332,1.00,-5.00
48.130,12.000,12.000,0.000,2500.729,0.000,0.000,0.000,0.000,0.000,117262.0,2.332,1.00,-5.00
48.140,12.000,12.000,0.000,2500.729,0.000,0.000,0.000,0.000,0.000,117262.0,2.332,1.00,-5.00
48.160,12.000,12.010,-0.010,0.000,34.460,0.000,0.000,0.000,0.000,117257.8,2.260,1.00,-5.00
48.170,12.000,12.000,0.000,20086.290,0.000,0.000,0.000,0.000,0.000,117257.8,2.260,1.00,-5.00
48.180,12.000,12.000,0.000,2500.514,0.000,0.000,0.000,0.000,0.000,117257.8,2.327,1.00,-5.00
48.190,12.000,12.000,0.000,2502.069,0.000,0.000,0.000,0.000,0.000,117274.5,2.363,1.00,-5.00
48.200,12.000,12.000,0.000,2502.068,0.000,0.000,0.000,0.000,0.000,117274.5,2.363,1.00,-5.00
48.210,12.000,12.000,0.000,2502.068,0.000,0.000,0.000,0.000,0.000,117274.5,2.363,1.00,-5.00
48.220,12.000,12.000,0.000,2502.068,0.000,0.000,0.000,0.000,0.000,117274.5,2.363,1.00,-5.00
48.230,12.000,12.000,0.000,2502.068,0.000,0.000,0.000,0.000,0.000,117274.5,2.363,1.00,-5.00
48.240,12.000,12.000,0.000,2502.068,0.000,0.000,0.000,0.000,0.000,117274.5,2.363,1.00,-5.00
48.250,12.000,12.000,0.000,2502.068,0.000,0.000,0.000,0.000,0.000,117274.5,2.363,1.00,-5.00
48.260,12.000,12.000,0.000,2502.068,0.000,0.000,0.000,0.000,0.000,117274.5,2.363,1.00,-5.00
48.270,12.000,12.010,-0.010,0.000,34.462,0.000,0.000,0.000,0.000,117270.4,2.291,1.00,-5.00
48.280,12.000,12.010,-0.010,0.000,1.893,0.000,0.000,0.000,0.000,117266.2,2.219,1.00,-5.00
48.290,12.000,12.000,0.000,20088.672,0.000,0.000,0.000,0.000,0.000,117266.2,2.286,1.00,-5.00
48.300,12.000,12.000,0.000,2501.637,0.000,0.000,0.000,0.000,0.000,117266.2,2.353,1.00,-5.00
48.310,12.000,12.000,0.000,2503.192,0.000,0.000,0.000,0.000,0.000,117282.9,2.389,1.00,-5.00
48.320,12.000,12.000,0.000,2503.192,0.000,0.000,0.000,0.000,0.000,117282.9,2.389,1.00,-5.00
48.330,12.000,12.000,0.000,2503.192,0.000,0.000,0.000,0.000,0.000,117282.9,2.389,1.00,-5.00
48.340,12.000,12.000,0.000,2503.192,0.000,0.000,0.000,0.000,0.000,117282.9,2.389,1.00,-5.00
48.350,12.000,12.000,0.000,2503.192,0.000,0.000,0.000,0.000,0.000,117282.9,2.389,1.00,-5.00
48.360,12.000,12.000,0.000,2503.192,0.000,0.000,0.000,0.000,0.000,117282.9,2.389,1.00,-5.00
48.370,12.000,12.000,0.000,2503.192,0.000,0.000,0.000,0.000,0.000,117282.9,2.389,1.00,-5.00
48.380,12.000,12.000,0.000,2503.192,0.000,0.000,0.000,0.000,0.000,117282.9,2.389,1.00,-5.00
48.390,12.000,12.000,0.000,2503.192,0.000,0.000,0.000,0.000,0.000,117282.9,2.389,1.00,-5.00
48.400,12.000,12.000,0.000,2503.192,0.000,0.000,0.000,0.000,0.000,117282.9,2.389,1.00,-5.00
48.410,12.000,12.000,0.000,2503.192,0.000,0.000,0.000,0.000,0.000,117282.9,2.389,1.00,-5.00
48.420,12.000,12.000,0.000,2503.192,0.000,0.000,0.000,0.000,0.000,117282.9,2.389,1.00,-5.00
48.430,12.000,12.000,0.000,2503.192,0.000,0.000,0.000,0.000,0.000,117282.9,2.389,1.00,-5.00
48.440,12.000,12.000,0.000,2503.192,0.000,0.000,0.000,0.000,0.000,117282.9,2.389,1.00,-5.00
48.450,12.000,12.000,0.000,2503.192,0.000,0.000,0.000,0.000,0.000,117282.9,2.389,1.00,-5.00
48.460,12.000,12.000,0.000,2503.192,0.000,0.000,0.000,0.000,0.000,117282.9,2.389,1.00,-5.00
48.470,12.000,12.000,0.000,2503.192,0.000,0.000,0.000,0.000,0.000,117282.9,2.389,1.00,-5.00
48.480,12.000,12.000,0.000,2503.192,0.000,0.000,0.000,0.000,0.000,117282.9,2.389,1.00,-5.00
48.490,12.000,12.000,0.000,2503.192,0.000,0.000,0.000,0.000,0.000,117282.9,2.389,1.00,-5.00
48.500,12.000,12.000,0.000,2503.192,0.000,0.000,0.000,0.000,0.000,117282.9,2.389,1.00,-5.00
48.510,12.000,12.000,0.000,2503.192,0.000,0.000,0.000,0.000,0.000,117282.9,2.389,1.00,-5.00
48.520,12.000,12.000,0.000,2503.192,0.000,0.000,0.000,0.000,0.000,117282.9,2.389,1.00,-5.00
48.530,12.000,12.000,0.000,2503.192,0.000,0.000,0.000,0.000,0.000,117282.9,2.389,1.00,-5.00
48.540,12.000,12.000,0.000,2503.192,0.000,0.000,0.000,0.000,0.000,117282.9,2.389,1.00,-5.00
48.550,12.000,12.000,0.000,2503.192,0.000,0.000,0.000,0.000,0.000,117282.9,2.389,1.00,-5.00
48.560,12.000,12.000,0.000,2503.192,0.000,0.000,0.000,0.000,0.000,117282.9,2.389,1.00,-5.00
48.570,12.000,12.000,0.000,2503.192,0.000,0.000,0.000,0.000,0.000,117282.9,2.389,1.00,-5.00
48.580,12.000,12.000,0.000,2503.192,0.000,0.000,0.000,0.000,0.000,117282.9,2.389,1.00,-5.00
48.590,12.000,12.000,0.000,2503.192,0.000,0.000,0.000,0.000,0.000,117282.9,2.389,1.00,-5.00
48.600,12.000,12.000,0.000,2503.192,0.000,0.000,0.000,0.000,0.000,117282.9,2.389,1.00,-5.00
48.610,12.000,12.000,0.000,2503.192,0.000,0.000,0.000,0.000,0.000,117282.9,2.389,1.00,-5.00
48.620,12.000,12.000,0.000,2503.192,0.000,0.000,0.000,0.000,0.000,117282.9,2.389,1.00,-5.00
48.630,12.000,12.000,0.000,2503.192,0.000,0.000,0.000,0.000,0.000,117282.9,2.389,1.00,-5.00
48.640,12.000,12.000,0.000,2503.192,0.000,0.000,0.000,0.000,0.000,117282.9,2.389,1.00,-5.00
48.650,12.000,12.000,0.000,2503.192,0.000,0.000,0.000,0.000,0.000,117282.9,2.389,1.00,-5.00
48.660,12.000,12.000,0.000,2503.192,0.000,0.000,0.000,0.000,0.000,117282.9,2.389,1.00,-5.00
48.670,12.000,12.000,0.000,2503.192,0.000,0.000,0.000,0.000,0.000,117282.9,2.389,1.00,-5.00
48.680,12.000,12.000,0.000,2503.192,0.000,0.000,0.000,0.000,0.000,117282.9,2.389,1.00,-5.00
48.690,12.000,12.000,0.000,2503.192,0.000,0.000,0.000,0.000,0.000,117282.9,2.389,1.00,-5.00
48.700,12.000,12.000,0.000,2503.192,0.000,0.000,0.000,0.000,0.000,117282.9,2.389,1.00,-5.00
48.710,12.000,12.000,0.000,2503.192,0.000,0.000,0.000,0.000,0.000,117282.9,2.389,1.00,-5.00
48.720,12.000,12.000,0.000,2503.192,0.000,0.000,0.000,0.000,0.000,117282.9,2.389,1.00,-5.00
48.730,12.000,12.000,0.000,2503.192,0.000,0.000,0.000,0.000,0.000,117282.9,2.389,1.00,-5.00
48.740,12.000,12.000,0.000,2503.192,0.000,0.000,0.000,0.000,0.000,117282.9,2.389,1.00,-5.00
48.750,12.000,12.000,0.000,2503.192,0.000,0.000,0.000,0.000,0.000,117282.9,2.389,1.00,-5.00
48.760,12.000,12.000,0.000,2503.192,0.000,0.000,0.000,0.000,0.000,117282.9,2.389,1.00,-5.00
48.770,12.000,12.000,0.000,2503.192,0.000,0.000,0.000,0.000,0.000,117282.9,2.389,1.00,-5.00
48.780,12.000,12.000,0.000,2503.192,0.000,0.000,0.000,0.000,0.000,117282.9,2.389,1.00,-5.00
48.790,12.000,12.000,0.000,2503.192,0.000,0.000,0.000,0.000,0.000,117282.9,2.389,1.00,-5.00
48.800,12.000,12.000,0.000,2503.192,0.000,0.000,0.000,0.000,0.000,117282.9,2.389,1.00,-5.00
48.810,12.000,12.000,0.000,2503.192,0.000,0.000,0.000,0.000,0.000,117282.9,2.389,1.00,-5.00
48.820,12.000,12.000,0.000,2503.192,0.000,0.000,0.000,0.000,0.000,117282.9,2.389,1.00,-5.00
48.830,12.000,12.000,0.000,2503.192,0.000,0.000,0.000,0.000,0.000,117282.9,2.389,1.00,-5.00
48.840,12.000,12.000,0.000,2503.192,0.000,0.000,0.000,0.000,0.000,117282.9,2.389,1.00,-5.00
48.850,12.000,12.000,0.000,2503.192,0.000,0.000,0.000,0.000,0.000,117282.9,2.389,1.00,-5.00
48.860,12.000,12.000,0.000,2503.192,0.000,0.000,0.000,0.000,0.000,117282.9,2.389,1.00,-5.00
48.870,12.000,12.000,0.000,2503.192,0.000,0.000,0.000,0.000,0.000,117282.9,2.389,1.00,-5.00
48.880,12.000,12.000,0.000,2503.192,0.000,0.000,0.000,0.000,0.000,117282.9,2.389,1.00,-5.00
48.890,12.000,12.000,0.000,2503.192,0.000,0.000,0.000,0.000,0.000,117282.9,2.389,1.00,-5.00
48.900,12.000,12.000,0.000,2503.192,0.000,0.000,0.000,0.000,0.000,117282.9,2.389,1.00,-5.00
48.910,12.000,12.000,0.000,2503.192,0.000,0.000,0.000,0.000,0.000,117282.9,2.389,1.00,-5.00
48.920,12.000,12.000,0.000,2503.192,0.000,0.000,0.000,0.000,0.000,117282.9,2.389,1.00,-5.00
48.930,12.000,12.000,0.000,2503.192,0.000,0.000,0.000,0.000,0.000,117282.9,2.389,1.00,-5.00
48.940,12.000,12.000,0.000,2503.192,0.000,0.000,0.000,0.000,0.000,117282.9,2.389,1.00,-5.00
48.950,12.000,12.000,0.000,2503.192,0.000,0.000,0.000,0.000,0.000,117282.9,2.389,1.00,-5.00
48.960,12.000,12.000,0.000,2503.192,0.000,0.000,0.000,0.000,0.000,117282.9,2.389,1.00,-5.00
48.970,12.000,12.000,0.000,2503.192,0.000,0.000,0.000,0.000,0.000,117282.9,2.389,1.00,-5.00
48.980,12.000,12.000,0.000,2503.192,0.000,0.000,0.000,0.000,0.000,117282.9,2.389,1.00,-5.00
48.990,12.000,12.000,0.000,2503.192,0.000,0.000,0.000,0.000,0.000,117282.9,2.389,1.00,-5.00
49.000,12.000,12.000,0.000,2503.192,0.000,0.000,0.000,0.000,0.000,117282.9,2.389,1.00,-5.00
49.010,12.000,12.000,0.000,2503.192,0.000,0.000,0.000,0.000,0.000,117282.9,2.389,1.00,-5.00
49.020,12.000,12.000,0.000,2503.192,0.000,0.000,0.000,0.000,0.000,117282.9,2.389,1.00,-5.00
49.030,12.000,12.000,0.000,2503.192,0.000,0.000,0.000,0.000,0.000,117282.9,2.389,1.00,-5.00
49.040,12.000,12.000,0.000,2503.192,0.000,0.000,0.000,0.000,0.000,117282.9,2.389,1.00,-5.00
49.050,12.000,12.000,0.000,2503.192,0.000,0.000,0.000,0.000,0.000,117282.9,2.389,1.00,-5.00
49.060,12.000,12.000,0.000,2503.192,0.000,0.000,0.000,0.000,0.000,117282.9,2.389,1.00,-5.00
49.070,12.000,12.000,0.000,2503.192,0.000,0.000,0.000,0.000,0.000,117282.9,2.389,1.00,-5.00
49.080,12.000,12.000,0.000,2503.192,0.000,0.000,0.000,0.000,0.000,117282.9,2.389,1.00,-5.00
49.090,12.000,12.000,0.000,2503.192,0.000,0.000,0.000,0.000,0.000,117282.9,2.389,1.00,-5.00
49.100,12.000,12.000,0.000,2503.192,0.000,0.000,0.000,0.000,0.000,117282.9,2.389,1.00,-5.00
49.110,12.000,12.000,0.000,2503.192,0.000,0.000,0.000,0.000,0.000,117282.9,2.389,1.00,-5.00
49.120,12.000,12.000,0.000,2503.192,0.000,0.000,0.000,0.000,0.000,117282.9,2.389,1.00,-5.00
49.130,12.000,12.000,0.000,2503.192,0.000,0.000,0.000,0.000,0.000,117282.9,2.389,1.00,-5.00
49.140,12.000,12.000,0.000,2503.192,0.000,0.000,0.000,0.000,0.000,117282.9,2.389,1.00,-5.00
49.150,12.000,12.000,0.000,2503.192,0.000,0.000,0.000,0.000,0.000,117282.9,2.389,1.00,-5.00
49.170,12.000,12.000,0.000,2503.192,0.000,0.000,0.000,0.000,0.000,117282.9,2.389,1.00,-5.00
49.180,12.000,12.000,0.000,2503.192,0.000,0.000,0.000,0.000,0.000,117282.9,2.389,1.00,-5.00
49.190,12.000,12.000,0.000,2503.192,0.000,0.000,0.000,0.000,0.000,117282.9,2.389,1.00,-5.00
49.200,12.000,12.000,0.000,2503.192,0.000,0.000,0.000,0.000,0.000,117282.9,2.389,1.00,-5.00
49.210,12.000,12.000,0.000,2503.192,0.000,0.000,0.000,0.000,0.000,117282.9,2.389,1.00,-5.00
49.220,12.000,12.000,0.000,2503.192,0.000,0.000,0.000,0.000,0.000,117282.9,2.389,1.00,-5.00
49.230,12.000,12.000,0.000,2503.192,0.000,0.000,0.000,0.000,0.000,117282.9,2.389,1.00,-5.00
49.240,12.000,12.000,0.000,2503.192,0.000,0.000,0.000,0.000,0.000,117282.9,2.389,1.00,-5.00
49.250,12.000,12.010,-0.010,0.000,34.463,0.000,0.000,0.000,0.000,117278.8,2.317,1.00,-5.00
49.260,12.000,12.000,0.000,20091.896,0.000,0.000,0.000,0.000,0.000,117278.8,2.317,1.00,-5.00
49.270,12.000,12.000,0.000,2502.976,0.000,0.000,0.000,0.000,0.000,117278.8,2.384,1.00,-5.00
49.280,12.000,12.000,0.000,2504.531,0.000,0.000,0.000,0.000,0.000,117295.5,2.420,1.00,-5.00
49.290,12.000,12.000,0.000,2504.530,0.000,0.000,0.000,0.000,0.000,117295.5,2.420,1.00,-5.00
49.300,12.000,12.000,0.000,2504.530,0.000,0.000,0.000,0.000,0.000,117295.5,2.420,1.00,-5.00
49.310,12.000,12.000,0.000,2504.530,0.000,0.000,0.000,0.000,0.000,117295.5,2.420,1.00,-5.00
49.320,12.000,12.000,0.000,2504.530,0.000,0.000,0.000,0.000,0.000,117295.5,2.420,1.00,-5.00
49.330,12.000,12.000,0.000,2504.530,0.000,0.000,0.000,0.000,0.000,117295.5,2.420,1.00,-5.00
49.340,12.000,12.000,0.000,2504.530,0.000,0.000,0.000,0.000,0.000,117295.5,2.420,1.00,-5.00
49.350,12.000,12.000,0.000,2504.530,0.000,0.000,0.000,0.000,0.000,117295.5,2.420,1.00,-5.00
49.360,12.000,12.000,0.000,2504.530,0.000,0.000,0.000,0.000,0.000,117295.5,2.420,1.00,-5.00
49.370,12.000,12.010,-0.010,0.000,34.465,0.000,0.000,0.000,0.000,117291.3,2.348,1.00,-5.00
49.380,12.000,12.010,-0.010,0.000,1.889,0.000,0.000,0.000,0.000,117287.2,2.276,1.00,-5.00
49.390,12.000,12.000,0.000,20094.278,0.000,0.000,0.000,0.000,0.000,117287.2,2.343,1.00,-5.00
49.400,12.000,12.000,0.000,2504.098,0.000,0.000,0.000,0.000,0.000,117287.2,2.410,1.00,-5.00
49.410,12.000,12.000,0.000,2505.653,0.000,0.000,0.000,0.000,0.000,117303.9,2.446,1.00,-5.00
49.420,12.000,12.000,0.000,2505.653,0.000,0.000,0.000,0.000,0.000,117303.9,2.446,1.00,-5.00
49.430,12.000,12.000,0.000,2505.653,0.000,0.000,0.000,0.000,0.000,117303.9,2.446,1.00,-5.00
49.440,12.000,12.000,0.000,2505.653,0.000,0.000,0.000,0.000,0.000,117303.9,2.446,1.00,-5.00
49.450,12.000,12.000,0.000,2505.653,0.000,0.000,0.000,0.000,0.000,117303.9,2.446,1.00,-5.00
49.460,12.000,12.000,0.000,2505.653,0.000,0.000,0.000,0.000,0.000,117303.9,2.446,1.00,-5.00
49.470,12.000,12.000,0.000,2505.653,0.000,0.000,0.000,0.000,0.000,117303.9,2.446,1.00,-5.00
49.480,12.000,12.000,0.000,2505.653,0.000,0.000,0.000,0.000,0.000,117303.9,2.446,1.00,-5.00
49.490,12.000,12.000,0.000,2505.653,0.000,0.000,0.000,0.000,0.000,117303.9,2.446,1.00,-5.00
49.500,12.000,12.000,0.000,2505.653,0.000,0.000,0.000,0.000,0.000,117303.9,2.446,1.00,-5.00
49.510,12.000,12.000,0.000,2505.653,0.000,0.000,0.000,0.000,0.000,117303.9,2.446,1.00,-5.00
49.520,12.000,12.000,0.000,2505.653,0.000,0.000,0.000,0.000,0.000,117303.9,2.446,1.00,-5.00
49.530,12.000,12.000,0.000,2505.653,0.000,0.000,0.000,0.000,0.000,117303.9,2.446,1.00,-5.00
49.540,12.000,12.000,0.000,2505.653,0.000,0.000,0.000,0.000,0.000,117303.9,2.446,1.00,-5.00
49.550,12.000,12.000,0.000,2505.653,0.000,0.000,0.000,0.000,0.000,117303.9,2.446,1.00,-5.00
49.560,12.000,12.000,0.000,2505.653,0.000,0.000,0.000,0.000,0.000,117303.9,2.446,1.00,-5.00
49.570,12.000,12.000,0.000,2505.653,0.000,0.000,0.000,0.000,0.000,117303.9,2.446,1.00,-5.00
49.580,12.000,12.000,0.000,2505.653,0.000,0.000,0.000,0.000,0.000,117303.9,2.446,1.00,-5.00
49.590,12.000,12.000,0.000,2505.653,0.000,0.000,0.000,0.000,0.000,117303.9,2.446,1.00,-5.00
49.600,12.000,12.000,0.000,2505.653,0.000,0.000,0.000,0.000,0.000,117303.9,2.446,1.00,-5.00
49.610,12.000,12.000,0.000,2505.653,0.000,0.000,0.000,0.000,0.000,117303.9,2.446,1.00,-5.00
49.620,12.000,12.000,0.000,2505.653,0.000,0.000,0.000,0.000,0.000,117303.9,2.446,1.00,-5.00
49.630,12.000,12.000,0.000,2505.653,0.000,0.000,0.000,0.000,0.000,117303.9,2.446,1.00,-5.00
49.640,12.000,12.000,0.000,2505.653,0.000,0.000,0.000,0.000,0.000,117303.9,2.446,1.00,-5.00
49.650,12.000,12.000,0.000,2505.653,0.000,0.000,0.000,0.000,0.000,117303.9,2.446,1.00,-5.00
49.660,12.000,12.000,0.000,2505.653,0.000,0.000,0.000,0.000,0.000,117303.9,2.446,1.00,-5.00
49.670,12.000,12.000,0.000,2505.653,0.000,0.000,0.000,0.000,0.000,117303.9,2.446,1.00,-5.00
49.680,12.000,12.000,0.000,2505.653,0.000,0.000,0.000,0.000,0.000,117303.9,2.446,1.00,-5.00
49.690,12.000,12.000,0.000,2505.653,0.000,0.000,0.000,0.000,0.000,117303.9,2.446,1.00,-5.00
49.700,12.000,12.000,0.000,2505.653,0.000,0.000,0.000,0.000,0.000,117303.9,2.446,1.00,-5.00
49.710,12.000,12.000,0.000,2505.653,0.000,0.000,0.000,0.000,0.000,117303.9,2.446,1.00,-5.00
49.720,12.000,12.000,0.000,2505.653,0.000,0.000,0.000,0.000,0.000,117303.9,2.446,1.00,-5.00
49.730,12.000,12.000,0.000,2505.653,0.000,0.000,0.000,0.000,0.000,117303.9,2.446,1.00,-5.00
49.740,12.000,12.000,0.000,2505.653,0.000,0.000,0.000,0.000,0.000,117303.9,2.446,1.00,-5.00
49.750,12.000,12.000,0.000,2505.653,0.000,0.000,0.000,0.000,0.000,117303.9,2.446,1.00,-5.00
49.760,12.000,12.000,0.000,2505.653,0.000,0.000,0.000,0.000,0.000,117303.9,2.446,1.00,-5.00
49.770,12.000,12.000,0.000,2505.653,0.000,0.000,0.000,0.000,0.000,117303.9,2.446,1.00,-5.00
49.780,12.000,12.000,0.000,2505.653,0.000,0.000,0.000,0.000,0.000,117303.9,2.446,1.00,-5.00
49.790,12.000,12.000,0.000,2505.653,0.000,0.000,0.000,0.000,0.000,117303.9,2.446,1.00,-5.00
49.800,12.000,12.000,0.000,2505.653,0.000,0.000,0.000,0.000,0.000,117303.9,2.446,1.00,-5.00
49.810,12.000,12.000,0.000,2505.653,0.000,0.000,0.000,0.000,0.000,117303.9,2.446,1.00,-5.00
49.820,12.000,12.000,0.000,2505.653,0.000,0.000,0.000,0.000,0.000,117303.9,2.446,1.00,-5.00
49.830,12.000,12.000,0.000,2505.653,0.000,0.000,0.000,0.000,0.000,117303.9,2.446,1.00,-5.00
49.840,12.000,12.000,0.000,2505.653,0.000,0.000,0.000,0.000,0.000,117303.9,2.446,1.00,-5.00
49.850,12.000,12.000,0.000,2505.653,0.000,0.000,0.000,0.000,0.000,117303.9,2.446,1.00,-5.00
49.860,12.000,12.000,0.000,2505.653,0.000,0.000,0.000,0.000,0.000,117303.9,2.446,1.00,-5.00
49.870,12.000,12.000,0.000,2505.653,0.000,0.000,0.000,0.000,0.000,117303.9,2.446,1.00,-5.00
49.880,12.000,12.000,0.000,2505.653,0.000,0.000,0.000,0.000,0.000,117303.9,2.446,1.00,-5.00
49.890,12.000,12.000,0.000,2505.653,0.000,0.000,0.000,0.000,0.000,117303.9,2.446,1.00,-5.00
49.900,12.000,12.000,0.000,2505.653,0.000,0.000,0.000,0.000,0.000,117303.9,2.446,1.00,-5.00
49.910,12.000,12.000,0.000,2505.653,0.000,0.000,0.000,0.000,0.000,117303.9,2.446,1.00,-5.00
49.920,12.000,12.000,0.000,2505.653,0.000,0.000,0.000,0.000,0.000,117303.9,2.446,1.00,-5.00
49.930,12.000,12.000,0.000,2505.653,0.000,0.000,0.000,0.000,0.000,117303.9,2.446,1.00,-5.00
49.940,12.000,12.000,0.000,2505.653,0.000,0.000,0.000,0.000,0.000,117303.9,2.446,1.00,-5.00
49.950,12.000,12.000,0.000,2505.653,0.000,0.000,0.000,0.000,0.000,117303.9,2.446,1.00,-5.00
49.960,12.000,12.000,0.000,2505.653,0.000,0.000,0.000,0.000,0.000,117303.9,2.446,1.00,-5.00
49.970,12.000,12.000,0.000,2505.653,0.000,0.000,0.000,0.000,0.000,117303.9,2.446,1.00,-5.00
49.980,12.000,12.000,0.000,2505.653,0.000,0.000,0.000,0.000,0.000,117303.9,2.446,1.00,-5.00
49.990,12.000,12.000,0.000,2505.653,0.000,0.000,0.000,0.000,0.000,117303.9,2.446,1.00,-5.00
50.000,12.000,12.000,0.000,2505.653,0.000,0.000,0.000,0.000,0.000,117303.9,2.446,1.00,-5.00
50.010,12.000,12.000,0.000,2505.653,0.000,0.000,0.000,0.000,0.000,117303.9,2.446,1.00,-5.00
50.020,12.000,12.000,0.000,2505.653,0.000,0.000,0.000,0.000,0.000,117303.9,2.446,1.00,-5.00
50.030,12.000,12.000,0.000,2505.653,0.000,0.000,0.000,0.000,0.000,117303.9,2.446,1.00,-5.00
50.040,12.000,12.000,0.000,2505.653,0.000,0.000,0.000,0.000,0.000,117303.9,2.446,1.00,-5.00
50.050,12.000,12.000,0.000,2505.653,0.000,0.000,0.000,0.000,0.000,117303.9,2.446,1.00,-5.00
50.060,12.000,12.000,0.000,2505.653,0.000,0.000,0.000,0.000,0.000,117303.9,2.446,1.00,-5.00
50.070,12.000,12.000,0.000,2505.653,0.000,0.000,0.000,0.000,0.000,117303.9,2.446,1.00,-5.00
50.080,12.000,12.000,0.000,2505.653,0.000,0.000,0.000,0.000,0.000,117303.9,2.446,1.00,-5.00
50.090,12.000,12.000,0.000,2505.653,0.000,0.000,0.000,0.000,0.000,117303.9,2.446,1.00,-5.00
50.100,12.000,12.000,0.000,2505.653,0.000,0.000,0.000,0.000,0.000,117303.9,2.446,1.00,-5.00
50.110,12.000,12.000,0.000,2505.653,0.000,0.000,0.000,0.000,0.000,117303.9,2.446,1.00,-5.00
50.120,12.000,12.000,0.000,2505.653,0.000,0.000,0.000,0.000,0.000,117303.9,2.446,1.00,-5.00
50.130,12.000,12.000,0.000,2505.653,0.000,0.000,0.000,0.000,0.000,117303.9,2.446,1.00,-5.00
50.140,12.000,12.000,0.000,2505.653,0.000,0.000,0.000,0.000,0.000,117303.9,2.446,1.00,-5.00
50.150,12.000,12.000,0.000,2505.653,0.000,0.000,0.000,0.000,0.000,117303.9,2.446,1.00,-5.00
50.160,12.000,12.000,0.000,2505.653,0.000,0.000,0.000,0.000,0.000,117303.9,2.446,1.00,-5.00
50.180,12.000,12.000,0.000,2505.653,0.000,0.000,0.000,0.000,0.000,117303.9,2.446,1.00,-5.00
50.190,12.000,12.000,0.000,2505.653,0.000,0.000,0.000,0.000,0.000,117303.9,2.446,1.00,-5.00
50.200,12.000,12.000,0.000,2505.653,0.000,0.000,0.000,0.000,0.000,117303.9,2.446,1.00,-5.00
50.210,12.000,12.000,0.000,2505.653,0.000,0.000,0.000,0.000,0.000,117303.9,2.446,1.00,-5.00
50.220,12.000,12.000,0.000,2505.653,0.000,0.000,0.000,0.000,0.000,117303.9,2.446,1.00,-5.00
50.230,12.000,12.000,0.000,2505.653,0.000,0.000,0.000,0.000,0.000,117303.9,2.446,1.00,-5.00
50.240,12.000,12.000,0.000,2505.653,0.000,0.000,0.000,0.000,0.000,117303.9,2.446,1.00,-5.00
50.250,12.000,12.000,0.000,2505.653,0.000,0.000,0.000,0.000,0.000,117303.9,2.446,1.00,-5.00
50.260,12.000,12.000,0.000,2505.653,0.000,0.000,0.000,0.000,0.000,117303.9,2.446,1.00,-5.00
50.270,12.000,12.000,0.000,2505.653,0.000,0.000,0.000,0.000,0.000,117303.9,2.446,1.00,-5.00
50.280,12.000,12.000,0.000,2505.653,0.000,0.000,0.000,0.000,0.000,117303.9,2.446,1.00,-5.00
50.290,12.000,12.000,0.000,2505.653,0.000,0.000,0.000,0.000,0.000,117303.9,2.446,1.00,-5.00
50.300,12.000,12.000,0.000,2505.653,0.000,0.000,0.000,0.000,0.000,117303.9,2.446,1.00,-5.00
50.310,12.000,12.000,0.000,2505.653,0.000,0.000,0.000,0.000,0.000,117303.9,2.446,1.00,-5.00
50.320,12.000,12.010,-0.010,0.000,34.465,0.000,0.000,0.000,0.000,117299.7,2.374,1.00,-5.00
50.330,12.000,12.010,-0.010,0.000,1.888,0.000,0.000,0.000,0.000,117295.5,2.302,1.00,-5.00
50.340,12.000,12.000,0.000,20096.659,0.000,0.000,0.000,0.000,0.000,117295.5,2.369,1.00,-5.00
50.350,12.000,12.000,0.000,2505.221,0.000,0.000,0.000,0.000,0.000,117295.5,2.436,1.00,-5.00
50.360,12.000,12.010,-0.010,0.000,34.456,0.000,0.000,0.000,0.000,117278.8,2.400,1.00,-5.00
50.370,12.000,12.000,0.000,20095.485,0.000,0.000,0.000,0.000,0.000,117278.8,2.400,1.00,-5.00
50.380,12.000,12.000,0.000,2506.559,0.000,0.000,0.000,0.000,0.000,117278.8,2.467,1.00,-5.00
50.390,12.000,12.010,-0.010,0.000,34.448,0.000,0.000,0.000,0.000,117262.0,2.431,1.00,-5.00
50.400,12.000,12.010,-0.010,0.000,1.881,0.000,0.000,0.000,0.000,117257.9,2.359,1.00,-5.00
50.410,12.000,12.000,0.000,20093.469,0.000,0.000,0.000,0.000,0.000,117257.9,2.426,1.00,-5.00
50.420,12.000,12.000,0.000,2507.681,0.000,0.000,0.000,0.000,0.000,117257.9,2.493,1.00,-5.00
50.430,12.000,12.000,0.000,2509.236,0.000,0.000,0.000,0.000,0.000,117274.6,2.529,1.00,-5.00
50.440,12.000,12.000,0.000,2509.236,0.000,0.000,0.000,0.000,0.000,117274.6,2.529,1.00,-5.00
50.450,12.000,12.000,0.000,2509.236,0.000,0.000,0.000,0.000,0.000,117274.6,2.529,1.00,-5.00
50.460,12.000,12.000,0.000,2509.236,0.000,0.000,0.000,0.000,0.000,117274.6,2.529,1.00,-5.00
50.470,12.000,12.000,0.000,2509.236,0.000,0.000,0.000,0.000,0.000,117274.6,2.529,1.00,-5.00
50.480,12.000,12.000,0.000,2509.236,0.000,0.000,0.000,0.000,0.000,117274.6,2.529,1.00,-5.00
50.490,12.000,12.000,0.000,2509.236,0.000,0.000,0.000,0.000,0.000,117274.6,2.529,1.00,-5.00
50.500,12.000,12.000,0.000,2509.236,0.000,0.000,0.000,0.000,0.000,117274.6,2.529,1.00,-5.00
50.510,12.000,12.000,0.000,2509.236,0.000,0.000,0.000,0.000,0.000,117274.6,2.529,1.00,-5.00
50.520,12.000,12.000,0.000,2509.236,0.000,0.000,0.000,0.000,0.000,117274.6,2.529,1.00,-5.00
50.530,12.000,12.000,0.000,2509.236,0.000,0.000,0.000,0.000,0.000,117274.6,2.529,1.00,-5.00
50.540,12.000,12.000,0.000,2509.236,0.000,0.000,0.000,0.000,0.000,117274.6,2.529,1.00,-5.00
50.550,12.000,12.000,0.000,2509.236,0.000,0.000,0.000,0.000,0.000,117274.6,2.529,1.00,-5.00
50.560,12.000,12.000,0.000,2509.236,0.000,0.000,0.000,0.000,0.000,117274.6,2.529,1.00,-5.00
50.570,12.000,12.000,0.000,2509.236,0.000,0.000,0.000,0.000,0.000,117274.6,2.529,1.00,-5.00
50.580,12.000,12.000,0.000,2509.236,0.000,0.000,0.000,0.000,0.000,117274.6,2.529,1.00,-5.00
50.590,12.000,12.000,0.000,2509.236,0.000,0.000,0.000,0.000,0.000,117274.6,2.529,1.00,-5.00
50.600,12.000,12.000,0.000,2509.236,0.000,0.000,0.000,0.000,0.000,117274.6,2.529,1.00,-5.00
50.610,12.000,12.000,0.000,2509.236,0.000,0.000,0.000,0.000,0.000,117274.6,2.529,1.00,-5.00
50.620,12.000,12.000,0.000,2509.236,0.000,0.000,0.000,0.000,0.000,117274.6,2.529,1.00,-5.00
50.630,12.000,12.000,0.000,2509.236,0.000,0.000,0.000,0.000,0.000,117274.6,2.529,1.00,-5.00
50.640,12.000,12.000,0.000,2509.236,0.000,0.000,0.000,0.000,0.000,117274.6,2.529,1.00,-5.00
50.650,12.000,12.000,0.000,2509.236,0.000,0.000,0.000,0.000,0.000,117274.6,2.529,1.00,-5.00
50.660,12.000,12.000,0.000,2509.236,0.000,0.000,0.000,0.000,0.000,117274.6,2.529,1.00,-5.00
50.670,12.000,12.000,0.000,2509.236,0.000,0.000,0.000,0.000,0.000,117274.6,2.529,1.00,-5.00
50.680,12.000,12.000,0.000,2509.236,0.000,0.000,0.000,0.000,0.000,117274.6,2.529,1.00,-5.00
50.690,12.000,12.000,0.000,2509.236,0.000,0.000,0.000,0.000,0.000,117274.6,2.529,1.00,-5.00
50.700,12.000,12.000,0.000,2509.236,0.000,0.000,0.000,0.000,0.000,117274.6,2.529,1.00,-5.00
50.710,12.000,12.010,-0.010,0.000,34.449,0.000,0.000,0.000,0.000,117270.4,2.457,1.00,-5.00
50.720,12.000,12.010,-0.010,0.000,1.879,0.000,0.000,0.000,0.000,117266.2,2.385,1.00,-5.00
50.730,12.000,12.000,0.000,20095.847,0.000,0.000,0.000,0.000,0.000,117266.2,2.452,1.00,-5.00
50.740,12.000,12.000,0.000,2508.803,0.000,0.000,0.000,0.000,0.000,117266.2,2.519,1.00,-5.00
50.750,12.000,12.000,0.000,2510.358,0.000,0.000,0.000,0.000,0.000,117283.0,2.555,1.00,-5.00
50.760,12.000,12.000,0.000,2510.358,0.000,0.000,0.000,0.000,0.000,117283.0,2.555,1.00,-5.00
50.770,12.000,12.000,0.000,2510.358,0.000,0.000,0.000,0.000,0.000,117283.0,2.555,1.00,-5.00
50.780,12.000,12.000,0.000,2510.358,0.000,0.000,0.000,0.000,0.000,117283.0,2.555,1.00,-5.00
50.790,12.000,12.000,0.000,2510.358,0.000,0.000,0.000,0.000,0.000,117283.0,2.555,1.00,-5.00
50.800,12.000,12.000,0.000,2510.358,0.000,0.000,0.000,0.000,0.000,117283.0,2.555,1.00,-5.00
50.810,12.000,12.000,0.000,2510.358,0.000,0.000,0.000,0.000,0.000,117283.0,2.555,1.00,-5.00
50.820,12.000,12.000,0.000,2510.358,0.000,0.000,0.000,0.000,0.000,117283.0,2.555,1.00,-5.00
50.830,12.000,12.000,0.000,2510.358,0.000,0.000,0.000,0.000,0.000,117283.0,2.555,1.00,-5.00
50.840,12.000,12.000,0.000,2510.358,0.000,0.000,0.000,0.000,0.000,117283.0,2.555,1.00,-5.00
50.850,12.000,12.000,0.000,2510.358,0.000,0.000,0.000,0.000,0.000,117283.0,2.555,1.00,-5.00
50.860,12.000,12.000,0.000,2510.358,0.000,0.000,0.000,0.000,0.000,117283.0,2.555,1.00,-5.00
50.870,12.000,12.000,0.000,2510.358,0.000,0.000,0.000,0.000,0.000,117283.0,2.555,1.00,-5.00
50.880,12.000,12.000,0.000,2510.358,0.000,0.000,0.000,0.000,0.000,117283.0,2.555,1.00,-5.00
50.890,12.000,12.000,0.000,2510.358,0.000,0.000,0.000,0.000,0.000,117283.0,2.555,1.00,-5.00
50.900,12.000,12.000,0.000,2510.358,0.000,0.000,0.000,0.000,0.000,117283.0,2.555,1.00,-5.00
50.910,12.000,12.000,0.000,2510.358,0.000,0.000,0.000,0.000,0.000,117283.0,2.555,1.00,-5.00
50.920,12.000,12.000,0.000,2510.358,0.000,0.000,0.000,0.000,0.000,117283.0,2.555,1.00,-5.00
50.930,12.000,12.000,0.000,2510.358,0.000,0.000,0.000,0.000,0.000,117283.0,2.555,1.00,-5.00
50.940,12.000,12.000,0.000,2510.358,0.000,0.000,0.000,0.000,0.000,117283.0,2.555,1.00,-5.00
50.950,12.000,12.000,0.000,2510.358,0.000,0.000,0.000,0.000,0.000,117283.0,2.555,1.00,-5.00
50.960,12.000,12.000,0.000,2510.358,0.000,0.000,0.000,0.000,0.000,117283.0,2.555,1.00,-5.00
50.970,12.000,12.000,0.000,2510.358,0.000,0.000,0.000,0.000,0.000,117283.0,2.555,1.00,-5.00
50.980,12.000,12.000,0.000,2510.358,0.000,0.000,0.000,0.000,0.000,117283.0,2.555,1.00,-5.00
50.990,12.000,12.000,0.000,2510.358,0.000,0.000,0.000,0.000,0.000,117283.0,2.555,1.00,-5.00
51.000,12.000,12.000,0.000,2510.358,0.000,0.000,0.000,0.000,0.000,117283.0,2.555,1.00,-5.00
51.010,12.000,12.000,0.000,2510.358,0.000,0.000,0.000,0.000,0.000,117283.0,2.555,1.00,-5.00
51.020,12.000,12.000,0.000,2510.358,0.000,0.000,0.000,0.000,0.000,117283.0,2.555,1.00,-5.00
51.030,12.000,12.000,0.000,2510.358,0.000,0.000,0.000,0.000,0.000,117283.0,2.555,1.00,-5.00
51.040,12.000,12.000,0.000,2510.358,0.000,0.000,0.000,0.000,0.000,117283.0,2.555,1.00,-5.00
51.050,12.000,12.000,0.000,2510.358,0.000,0.000,0.000,0.000,0.000,117283.0,2.555,1.00,-5.00
51.060,12.000,12.000,0.000,2510.358,0.000,0.000,0.000,0.000,0.000,117283.0,2.555,1.00,-5.00
51.070,12.000,12.000,0.000,2510.358,0.000,0.000,0.000,0.000,0.000,117283.0,2.555,1.00,-5.00
51.090,12.000,12.000,0.000,2510.358,0.000,0.000,0.000,0.000,0.000,117283.0,2.555,1.00,-5.00
51.100,12.000,12.000,0.000,2510.358,0.000,0.000,0.000,0.000,0.000,117283.0,2.555,1.00,-5.00
51.110,12.000,12.000,0.000,2510.358,0.000,0.000,0.000,0.000,0.000,117283.0,2.555,1.00,-5.00
51.120,12.000,12.000,0.000,2510.358,0.000,0.000,0.000,0.000,0.000,117283.0,2.555,1.00,-5.00
51.130,12.000,12.000,0.000,2510.358,0.000,0.000,0.000,0.000,0.000,117283.0,2.555,1.00,-5.00
51.140,12.000,12.000,0.000,2510.358,0.000,0.000,0.000,0.000,0.000,117283.0,2.555,1.00,-5.00
51.150,12.000,12.000,0.000,2510.358,0.000,0.000,0.000,0.000,0.000,117283.0,2.555,1.00,-5.00
51.160,12.000,12.000,0.000,2510.358,0.000,0.000,0.000,0.000,0.000,117283.0,2.555,1.00,-5.00
51.170,12.000,12.000,0.000,2510.358,0.000,0.000,0.000,0.000,0.000,117283.0,2.555,1.00,-5.00
51.180,12.000,12.000,0.000,2510.358,0.000,0.000,0.000,0.000,0.000,117283.0,2.555,1.00,-5.00
51.200,12.000,12.000,0.000,2510.358,0.000,0.000,0.000,0.000,0.000,117283.0,2.555,1.00,-5.00
51.210,12.000,12.000,0.000,2510.358,0.000,0.000,0.000,0.000,0.000,117283.0,2.555,1.00,-5.00
51.220,12.000,12.000,0.000,2510.358,0.000,0.000,0.000,0.000,0.000,117283.0,2.555,1.00,-5.00
51.230,12.000,12.000,0.000,2510.358,0.000,0.000,0.000,0.000,0.000,117283.0,2.555,1.00,-5.00
51.240,12.000,12.000,0.000,2510.358,0.000,0.000,0.000,0.000,0.000,117283.0,2.555,1.00,-5.00
51.250,12.000,12.000,0.000,2510.358,0.000,0.000,0.000,0.000,0.000,117283.0,2.555,1.00,-5.00
51.260,12.000,12.000,0.000,2510.358,0.000,0.000,0.000,0.000,0.000,117283.0,2.555,1.00,-5.00
51.270,12.000,12.000,0.000,2510.358,0.000,0.000,0.000,0.000,0.000,117283.0,2.555,1.00,-5.00
51.280,12.000,12.000,0.000,2510.358,0.000,0.000,0.000,0.000,0.000,117283.0,2.555,1.00,-5.00
51.290,12.000,12.000,0.000,2510.358,0.000,0.000,0.000,0.000,0.000,117283.0,2.555,1.00,-5.00
51.300,12.000,12.000,0.000,2510.358,0.000,0.000,0.000,0.000,0.000,117283.0,2.555,1.00,-5.00
51.310,12.000,12.000,0.000,2510.358,0.000,0.000,0.000,0.000,0.000,117283.0,2.555,1.00,-5.00
51.320,12.000,12.000,0.000,2510.358,0.000,0.000,0.000,0.000,0.000,117283.0,2.555,1.00,-5.00
51.330,12.000,12.000,0.000,2510.358,0.000,0.000,0.000,0.000,0.000,117283.0,2.555,1.00,-5.00
51.340,12.000,12.000,0.000,2510.358,0.000,0.000,0.000,0.000,0.000,117283.0,2.555,1.00,-5.00
51.350,12.000,12.000,0.000,2510.358,0.000,0.000,0.000,0.000,0.000,117283.0,2.555,1.00,-5.00
51.360,12.000,12.000,0.000,2510.358,0.000,0.000,0.000,0.000,0.000,117283.0,2.555,1.00,-5.00
51.370,12.000,12.000,0.000,2510.358,0.000,0.000,0.000,0.000,0.000,117283.0,2.555,1.00,-5.00
51.380,12.000,12.000,0.000,2510.358,0.000,0.000,0.000,0.000,0.000,117283.0,2.555,1.00,-5.00
51.390,12.000,12.000,0.000,2510.358,0.000,0.000,0.000,0.000,0.000,117283.0,2.555,1.00,-5.00
51.400,12.000,12.000,0.000,2510.358,0.000,0.000,0.000,0.000,0.000,117283.0,2.555,1.00,-5.00
51.410,12.000,12.000,0.000,2510.358,0.000,0.000,0.000,0.000,0.000,117283.0,2.555,1.00,-5.00
51.420,12.000,12.000,0.000,2510.358,0.000,0.000,0.000,0.000,0.000,117283.0,2.555,1.00,-5.00
51.430,12.000,12.000,0.000,2510.358,0.000,0.000,0.000,0.000,0.000,117283.0,2.555,1.00,-5.00
51.440,12.000,12.000,0.000,2510.358,0.000,0.000,0.000,0.000,0.000,117283.0,2.555,1.00,-5.00
51.450,12.000,12.000,0.000,2510.358,0.000,0.000,0.000,0.000,0.000,117283.0,2.555,1.00,-5.00
51.460,12.000,12.000,0.000,2510.358,0.000,0.000,0.000,0.000,0.000,117283.0,2.555,1.00,-5.00
51.470,12.000,12.000,0.000,2510.358,0.000,0.000,0.000,0.000,0.000,117283.0,2.555,1.00,-5.00
51.480,12.000,12.000,0.000,2510.358,0.000,0.000,0.000,0.000,0.000,117283.0,2.555,1.00,-5.00
51.490,12.000,12.000,0.000,2510.358,0.000,0.000,0.000,0.000,0.000,117283.0,2.555,1.00,-5.00
51.500,12.000,12.000,0.000,2510.358,0.000,0.000,0.000,0.000,0.000,117283.0,2.555,1.00,-5.00
51.510,12.000,12.000,0.000,2510.358,0.000,0.000,0.000,0.000,0.000,117283.0,2.555,1.00,-5.00
51.520,12.000,12.000,0.000,2510.358,0.000,0.000,0.000,0.000,0.000,117283.0,2.555,1.00,-5.00
51.530,12.000,12.000,0.000,2510.358,0.000,0.000,0.000,0.000,0.000,117283.0,2.555,1.00,-5.00
51.540,12.000,12.000,0.000,2510.358,0.000,0.000,0.000,0.000,0.000,117283.0,2.555,1.00,-5.00
51.550,12.000,12.000,0.000,2510.358,0.000,0.000,0.000,0.000,0.000,117283.0,2.555,1.00,-5.00
51.560,12.000,12.000,0.000,2510.358,0.000,0.000,0.000,0.000,0.000,117283.0,2.555,1.00,-5.00
51.570,12.000,12.000,0.000,2510.358,0.000,0.000,0.000,0.000,0.000,117283.0,2.555,1.00,-5.00
51.580,12.000,12.000,0.000,2510.358,0.000,0.000,0.000,0.000,0.000,117283.0,2.555,1.00,-5.00
51.590,12.000,12.000,0.000,2510.358,0.000,0.000,0.000,0.000,0.000,117283.0,2.555,1.00,-5.00
51.600,12.000,12.000,0.000,2510.358,0.000,0.000,0.000,0.000,0.000,117283.0,2.555,1.00,-5.00
51.610,12.000,12.000,0.000,2510.358,0.000,0.000,0.000,0.000,0.000,117283.0,2.555,1.00,-5.00
51.620,12.000,12.000,0.000,2510.358,0.000,0.000,0.000,0.000,0.000,117283.0,2.555,1.00,-5.00
51.630,12.000,12.000,0.000,2510.358,0.000,0.000,0.000,0.000,0.000,117283.0,2.555,1.00,-5.00
51.640,12.000,12.000,0.000,2510.358,0.000,0.000,0.000,0.000,0.000,117283.0,2.555,1.00,-5.00
51.650,12.000,12.000,0.000,2510.358,0.000,0.000,0.000,0.000,0.000,117283.0,2.555,1.00,-5.00
51.660,12.000,12.000,0.000,2510.358,0.000,0.000,0.000,0.000,0.000,117283.0,2.555,1.00,-5.00
51.670,12.000,12.010,-0.010,0.000,34.450,0.000,0.000,0.000,0.000,117278.8,2.483,1.00,-5.00
51.680,12.000,12.010,-0.010,0.000,1.878,0.000,0.000,0.000,0.000,117274.6,2.411,1.00,-5.00
51.690,12.000,12.000,0.000,20098.225,0.000,0.000,0.000,0.000,0.000,117274.6,2.478,1.00,-5.00
51.700,12.000,12.000,0.000,2509.925,0.000,0.000,0.000,0.000,0.000,117274.6,2.545,1.00,-5.00
51.710,12.000,12.000,0.000,2511.480,0.000,0.000,0.000,0.000,0.000,117291.4,2.581,1.00,-5.00
51.720,12.000,12.000,0.000,2511.480,0.000,0.000,0.000,0.000,0.000,117291.4,2.581,1.00,-5.00
51.730,12.000,12.000,0.000,2511.480,0.000,0.000,0.000,0.000,0.000,117291.4,2.581,1.00,-5.00
51.740,12.000,12.000,0.000,2511.480,0.000,0.000,0.000,0.000,0.000,117291.4,2.581,1.00,-5.00
51.750,12.000,12.000,0.000,2511.480,0.000,0.000,0.000,0.000,0.000,117291.4,2.581,1.00,-5.00
51.760,12.000,12.000,0.000,2511.480,0.000,0.000,0.000,0.000,0.000,117291.4,2.581,1.00,-5.00
51.770,12.000,12.000,0.000,2511.480,0.000,0.000,0.000,0.000,0.000,117291.4,2.581,1.00,-5.00
51.780,12.000,12.000,0.000,2511.480,0.000,0.000,0.000,0.000,0.000,117291.4,2.581,1.00,-5.00
51.790,12.000,12.000,0.000,2511.480,0.000,0.000,0.000,0.000,0.000,117291.4,2.581,1.00,-5.00
51.800,12.000,12.000,0.000,2511.480,0.000,0.000,0.000,0.000,0.000,117291.4,2.581,1.00,-5.00
51.810,12.000,12.000,0.000,2511.480,0.000,0.000,0.000,0.000,0.000,117291.4,2.581,1.00,-5.00
51.820,12.000,12.000,0.000,2511.480,0.000,0.000,0.000,0.000,0.000,117291.4,2.581,1.00,-5.00
51.830,12.000,12.000,0.000,2511.480,0.000,0.000,0.000,0.000,0.000,117291.4,2.581,1.00,-5.00
51.840,12.000,12.000,0.000,2511.480,0.000,0.000,0.000,0.000,0.000,117291.4,2.581,1.00,-5.00
51.850,12.000,12.000,0.000,2511.480,0.000,0.000,0.000,0.000,0.000,117291.4,2.581,1.00,-5.00
51.860,12.000,12.000,0.000,2511.480,0.000,0.000,0.000,0.000,0.000,117291.4,2.581,1.00,-5.00
51.870,12.000,12.000,0.000,2511.480,0.000,0.000,0.000,0.000,0.000,117291.4,2.581,1.00,-5.00
51.880,12.000,12.000,0.000,2511.480,0.000,0.000,0.000,0.000,0.000,117291.4,2.581,1.00,-5.00
51.890,12.000,12.000,0.000,2511.480,0.000,0.000,0.000,0.000,0.000,117291.4,2.581,1.00,-5.00
51.900,12.000,12.000,0.000,2511.480,0.000,0.000,0.000,0.000,0.000,117291.4,2.581,1.00,-5.00
51.910,12.000,12.000,0.000,2511.480,0.000,0.000,0.000,0.000,0.000,117291.4,2.581,1.00,-5.00
51.920,12.000,12.000,0.000,2511.480,0.000,0.000,0.000,0.000,0.000,117291.4,2.581,1.00,-5.00
51.930,12.000,12.000,0.000,2511.480,0.000,0.000,0.000,0.000,0.000,117291.4,2.581,1.00,-5.00
51.940,12.000,12.000,0.000,2511.480,0.000,0.000,0.000,0.000,0.000,117291.4,2.581,1.00,-5.00
51.950,12.000,12.000,0.000,2511.480,0.000,0.000,0.000,0.000,0.000,117291.4,2.581,1.00,-5.00
51.960,12.000,12.000,0.000,2511.480,0.000,0.000,0.000,0.000,0.000,117291.4,2.581,1.00,-5.00
51.970,12.000,12.000,0.000,2511.480,0.000,0.000,0.000,0.000,0.000,117291.4,2.581,1.00,-5.00
51.980,12.000,12.000,0.000,2511.480,0.000,0.000,0.000,0.000,0.000,117291.4,2.581,1.00,-5.00
51.990,12.000,12.000,0.000,2511.480,0.000,0.000,0.000,0.000,0.000,117291.4,2.581,1.00,-5.00
52.000,12.000,12.000,0.000,2511.480,0.000,0.000,0.000,0.000,0.000,117291.4,2.581,1.00,-5.00
52.010,12.000,12.000,0.000,2511.480,0.000,0.000,0.000,0.000,0.000,117291.4,2.581,1.00,-5.00
52.020,12.000,12.000,0.000,2511.480,0.000,0.000,0.000,0.000,0.000,117291.4,2.581,1.00,-5.00
52.030,12.000,12.000,0.000,2511.480,0.000,0.000,0.000,0.000,0.000,117291.4,2.581,1.00,-5.00
52.040,12.000,12.000,0.000,2511.480,0.000,0.000,0.000,0.000,0.000,117291.4,2.581,1.00,-5.00
52.050,12.000,12.000,0.000,2511.480,0.000,0.000,0.000,0.000,0.000,117291.4,2.581,1.00,-5.00
52.060,12.000,12.000,0.000,2511.480,0.000,0.000,0.000,0.000,0.000,117291.4,2.581,1.00,-5.00
52.070,12.000,12.000,0.000,2511.480,0.000,0.000,0.000,0.000,0.000,117291.4,2.581,1.00,-5.00
52.080,12.000,12.000,0.000,2511.480,0.000,0.000,0.000,0.000,0.000,117291.4,2.581,1.00,-5.00
52.090,12.000,12.000,0.000,2511.480,0.000,0.000,0.000,0.000,0.000,117291.4,2.581,1.00,-5.00
52.100,12.000,12.000,0.000,2511.480,0.000,0.000,0.000,0.000,0.000,117291.4,2.581,1.00,-5.00
52.110,12.000,12.000,0.000,2511.480,0.000,0.000,0.000,0.000,0.000,117291.4,2.581,1.00,-5.00
52.120,12.000,12.000,0.000,2511.480,0.000,0.000,0.000,0.000,0.000,117291.4,2.581,1.00,-5.00
52.130,12.000,12.000,0.000,2511.480,0.000,0.000,0.000,0.000,0.000,117291.4,2.581,1.00,-5.00
52.140,12.000,12.000,0.000,2511.480,0.000,0.000,0.000,0.000,0.000,117291.4,2.581,1.00,-5.00
52.150,12.000,12.000,0.000,2511.480,0.000,0.000,0.000,0.000,0.000,117291.4,2.581,1.00,-5.00
52.160,12.000,12.000,0.000,2511.480,0.000,0.000,0.000,0.000,0.000,117291.4,2.581,1.00,-5.00
52.170,12.000,12.000,0.000,2511.480,0.000,0.000,0.000,0.000,0.000,117291.4,2.581,1.00,-5.00
52.180,12.000,12.000,0.000,2511.480,0.000,0.000,0.000,0.000,0.000,117291.4,2.581,1.00,-5.00
52.190,12.000,12.000,0.000,2511.480,0.000,0.000,0.000,0.000,0.000,117291.4,2.581,1.00,-5.00
52.210,12.000,12.000,0.000,2511.480,0.000,0.000,0.000,0.000,0.000,117291.4,2.581,1.00,-5.00
52.220,12.000,12.000,0.000,2511.480,0.000,0.000,0.000,0.000,0.000,117291.4,2.581,1.00,-5.00
52.230,12.000,12.000,0.000,2511.480,0.000,0.000,0.000,0.000,0.000,117291.4,2.581,1.00,-5.00
52.240,12.000,12.000,0.000,2511.480,0.000,0.000,0.000,0.000,0.000,117291.4,2.581,1.00,-5.00
52.250,12.000,12.000,0.000,2511.480,0.000,0.000,0.000,0.000,0.000,117291.4,2.581,1.00,-5.00
52.260,12.000,12.000,0.000,2511.480,0.000,0.000,0.000,0.000,0.000,117291.4,2.581,1.00,-5.00
52.270,12.000,12.000,0.000,2511.480,0.000,0.000,0.000,0.000,0.000,117291.4,2.581,1.00,-5.00
52.280,12.000,12.000,0.000,2511.480,0.000,0.000,0.000,0.000,0.000,117291.4,2.581,1.00,-5.00
52.290,12.000,12.000,0.000,2511.480,0.000,0.000,0.000,0.000,0.000,117291.4,2.581,1.00,-5.00
52.300,12.000,12.000,0.000,2511.480,0.000,0.000,0.000,0.000,0.000,117291.4,2.581,1.00,-5.00
52.310,12.000,12.000,0.000,2511.480,0.000,0.000,0.000,0.000,0.000,117291.4,2.581,1.00,-5.00
52.320,12.000,12.000,0.000,2511.480,0.000,0.000,0.000,0.000,0.000,117291.4,2.581,1.00,-5.00
52.330,12.000,12.000,0.000,2511.480,0.000,0.000,0.000,0.000,0.000,117291.4,2.581,1.00,-5.00
52.340,12.000,12.000,0.000,2511.480,0.000,0.000,0.000,0.000,0.000,117291.4,2.581,1.00,-5.00
52.350,12.000,12.000,0.000,2511.480,0.000,0.000,0.000,0.000,0.000,117291.4,2.581,1.00,-5.00
52.360,12.000,12.000,0.000,2511.480,0.000,0.000,0.000,0.000,0.000,117291.4,2.581,1.00,-5.00
52.370,12.000,12.000,0.000,2511.480,0.000,0.000,0.000,0.000,0.000,117291.4,2.581,1.00,-5.00
52.380,12.000,12.000,0.000,2511.480,0.000,0.000,0.000,0.000,0.000,117291.4,2.581,1.00,-5.00
52.390,12.000,12.000,0.000,2511.480,0.000,0.000,0.000,0.000,0.000,117291.4,2.581,1.00,-5.00
52.400,12.000,12.000,0.000,2511.480,0.000,0.000,0.000,0.000,0.000,117291.4,2.581,1.00,-5.00
52.410,12.000,12.000,0.000,2511.480,0.000,0.000,0.000,0.000,0.000,117291.4,2.581,1.00,-5.00
52.420,12.000,12.000,0.000,2511.480,0.000,0.000,0.000,0.000,0.000,117291.4,2.581,1.00,-5.00
52.430,12.000,12.000,0.000,2511.480,0.000,0.000,0.000,0.000,0.000,117291.4,2.581,1.00,-5.00
52.440,12.000,12.000,0.000,2511.480,0.000,0.000,0.000,0.000,0.000,117291.4,2.581,1.00,-5.00
52.450,12.000,12.000,0.000,2511.480,0.000,0.000,0.000,0.000,0.000,117291.4,2.581,1.00,-5.00
52.460,12.000,12.000,0.000,2511.480,0.000,0.000,0.000,0.000,0.000,117291.4,2.581,1.00,-5.00
52.470,12.000,12.000,0.000,2511.480,0.000,0.000,0.000,0.000,0.000,117291.4,2.581,1.00,-5.00
52.480,12.000,12.000,0.000,2511.480,0.000,0.000,0.000,0.000,0.000,117291.4,2.581,1.00,-5.00
52.490,12.000,12.000,0.000,2511.480,0.000,0.000,0.000,0.000,0.000,117291.4,2.581,1.00,-5.00
52.500,12.000,12.000,0.000,2511.480,0.000,0.000,0.000,0.000,0.000,117291.4,2.581,1.00,-5.00
52.510,12.000,12.000,0.000,2511.480,0.000,0.000,0.000,0.000,0.000,117291.4,2.581,1.00,-5.00
52.520,12.000,12.000,0.000,2511.480,0.000,0.000,0.000,0.000,0.000,117291.4,2.581,1.00,-5.00
52.530,12.000,12.000,0.000,2511.480,0.000,0.000,0.000,0.000,0.000,117291.4,2.581,1.00,-5.00
52.540,12.000,12.000,0.000,2511.480,0.000,0.000,0.000,0.000,0.000,117291.4,2.581,1.00,-5.00
52.550,12.000,12.000,0.000,2511.480,0.000,0.000,0.000,0.000,0.000,117291.4,2.581,1.00,-5.00
52.560,12.000,12.000,0.000,2511.480,0.000,0.000,0.000,0.000,0.000,117291.4,2.581,1.00,-5.00
52.570,12.000,12.000,0.000,2511.480,0.000,0.000,0.000,0.000,0.000,117291.4,2.581,1.00,-5.00
52.580,12.000,12.000,0.000,2511.480,0.000,0.000,0.000,0.000,0.000,117291.4,2.581,1.00,-5.00
52.590,12.000,12.000,0.000,2511.480,0.000,0.000,0.000,0.000,0.000,117291.4,2.581,1.00,-5.00
52.600,12.000,12.000,0.000,2511.480,0.000,0.000,0.000,0.000,0.000,117291.4,2.581,1.00,-5.00
52.610,12.000,12.010,-0.010,0.000,34.450,0.000,0.000,0.000,0.000,117287.2,2.509,1.00,-5.00
52.620,12.000,12.010,-0.010,0.000,1.876,0.000,0.000,0.000,0.000,117283.0,2.437,1.00,-5.00
52.630,12.000,12.010,-0.010,0.000,1.876,0.000,0.000,0.000,0.000,117283.0,2.431,1.00,-5.00
52.640,12.000,12.000,0.000,20100.381,0.000,0.000,0.000,0.000,0.000,117283.0,2.498,1.00,-5.00
52.650,12.000,12.000,0.000,2510.825,0.000,0.000,0.000,0.000,0.000,117283.0,2.565,1.00,-5.00
52.660,12.000,12.000,0.000,2512.380,0.000,0.000,0.000,0.000,0.000,117299.7,2.601,1.00,-5.00
52.670,12.000,12.000,0.000,2512.379,0.000,0.000,0.000,0.000,0.000,117299.7,2.601,1.00,-5.00
52.680,12.000,12.000,0.000,2512.379,0.000,0.000,0.000,0.000,0.000,117299.7,2.601,1.00,-5.00
52.690,12.000,12.000,0.000,2512.379,0.000,0.000,0.000,0.000,0.000,117299.7,2.601,1.00,-5.00
52.700,12.000,12.000,0.000,2512.379,0.000,0.000,0.000,0.000,0.000,117299.7,2.601,1.00,-5.00
52.710,12.000,12.000,0.000,2512.379,0.000,0.000,0.000,0.000,0.000,117299.7,2.601,1.00,-5.00
52.720,12.000,12.000,0.000,2512.379,0.000,0.000,0.000,0.000,0.000,117299.7,2.601,1.00,-5.00
52.730,12.000,12.000,0.000,2512.379,0.000,0.000,0.000,0.000,0.000,117299.7,2.601,1.00,-5.00
52.740,12.000,12.000,0.000,2512.379,0.000,0.000,0.000,0.000,0.000,117299.7,2.601,1.00,-5.00
52.750,12.000,12.000,0.000,2512.379,0.000,0.000,0.000,0.000,0.000,117299.7,2.601,1.00,-5.00
52.760,12.000,12.000,0.000,2512.379,0.000,0.000,0.000,0.000,0.000,117299.7,2.601,1.00,-5.00
52.770,12.000,12.000,0.000,2512.379,0.000,0.000,0.000,0.000,0.000,117299.7,2.601,1.00,-5.00
52.780,12.000,12.000,0.000,2512.379,0.000,0.000,0.000,0.000,0.000,117299.7,2.601,1.00,-5.00
52.790,12.000,12.000,0.000,2512.379,0.000,0.000,0.000,0.000,0.000,117299.7,2.601,1.00,-5.00
52.800,12.000,12.000,0.000,2512.379,0.000,0.000,0.000,0.000,0.000,117299.7,2.601,1.00,-5.00
52.810,12.000,12.000,0.000,2512.379,0.000,0.000,0.000,0.000,0.000,117299.7,2.601,1.00,-5.00
52.820,12.000,12.000,0.000,2512.379,0.000,0.000,0.000,0.000,0.000,117299.7,2.601,1.00,-5.00
52.830,12.000,12.000,0.000,2512.379,0.000,0.000,0.000,0.000,0.000,117299.7,2.601,1.00,-5.00
52.840,12.000,12.000,0.000,2512.379,0.000,0.000,0.000,0.000,0.000,117299.7,2.601,1.00,-5.00
52.850,12.000,12.000,0.000,2512.379,0.000,0.000,0.000,0.000,0.000,117299.7,2.601,1.00,-5.00
52.860,12.000,12.000,0.000,2512.379,0.000,0.000,0.000,0.000,0.000,117299.7,2.601,1.00,-5.00
52.870,12.000,12.000,0.000,2512.379,0.000,0.000,0.000,0.000,0.000,117299.7,2.601,1.00,-5.00
52.880,12.000,12.000,0.000,2512.379,0.000,0.000,0.000,0.000,0.000,117299.7,2.601,1.00,-5.00
52.890,12.000,12.000,0.000,2512.379,0.000,0.000,0.000,0.000,0.000,117299.7,2.601,1.00,-5.00
52.900,12.000,12.000,0.000,2512.379,0.000,0.000,0.000,0.000,0.000,117299.7,2.601,1.00,-5.00
52.910,12.000,12.000,0.000,2512.379,0.000,0.000,0.000,0.000,0.000,117299.7,2.601,1.00,-5.00
52.920,12.000,12.000,0.000,2512.379,0.000,0.000,0.000,0.000,0.000,117299.7,2.601,1.00,-5.00
52.930,12.000,12.000,0.000,2512.379,0.000,0.000,0.000,0.000,0.000,117299.7,2.601,1.00,-5.00
52.940,12.000,12.000,0.000,2512.379,0.000,0.000,0.000,0.000,0.000,117299.7,2.601,1.00,-5.00
52.950,12.000,12.000,0.000,2512.379,0.000,0.000,0.000,0.000,0.000,117299.7,2.601,1.00,-5.00
52.960,12.000,12.000,0.000,2512.379,0.000,0.000,0.000,0.000,0.000,117299.7,2.601,1.00,-5.00
52.970,12.000,12.000,0.000,2512.379,0.000,0.000,0.000,0.000,0.000,117299.7,2.601,1.00,-5.00
52.980,12.000,12.000,0.000,2512.379,0.000,0.000,0.000,0.000,0.000,117299.7,2.601,1.00,-5.00
52.990,12.000,12.000,0.000,2512.379,0.000,0.000,0.000,0.000,0.000,117299.7,2.601,1.00,-5.00
53.000,12.000,12.000,0.000,2512.379,0.000,0.000,0.000,0.000,0.000,117299.7,2.601,1.00,-5.00
53.010,12.000,12.000,0.000,2512.379,0.000,0.000,0.000,0.000,0.000,117299.7,2.601,1.00,-5.00
53.020,12.000,12.000,0.000,2512.379,0.000,0.000,0.000,0.000,0.000,117299.7,2.601,1.00,-5.00
53.030,12.000,12.000,0.000,2512.379,0.000,0.000,0.000,0.000,0.000,117299.7,2.601,1.00,-5.00
53.040,12.000,12.000,0.000,2512.379,0.000,0.000,0.000,0.000,0.000,117299.7,2.601,1.00,-5.00
53.050,12.000,12.000,0.000,2512.379,0.000,0.000,0.000,0.000,0.000,117299.7,2.601,1.00,-5.00
53.060,12.000,12.000,0.000,2512.379,0.000,0.000,0.000,0.000,0.000,117299.7,2.601,1.00,-5.00
53.070,12.000,12.000,0.000,2512.379,0.000,0.000,0.000,0.000,0.000,117299.7,2.601,1.00,-5.00
53.080,12.000,12.000,0.000,2512.379,0.000,0.000,0.000,0.000,0.000,117299.7,2.601,1.00,-5.00
53.090,12.000,12.000,0.000,2512.379,0.000,0.000,0.000,0.000,0.000,117299.7,2.601,1.00,-5.00
53.100,12.000,12.000,0.000,2512.379,0.000,0.000,0.000,0.000,0.000,117299.7,2.601,1.00,-5.00
53.110,12.000,12.000,0.000,2512.379,0.000,0.000,0.000,0.000,0.000,117299.7,2.601,1.00,-5.00
53.120,12.000,12.000,0.000,2512.379,0.000,0.000,0.000,0.000,0.000,117299.7,2.601,1.00,-5.00
53.130,12.000,12.000,0.000,2512.379,0.000,0.000,0.000,0.000,0.000,117299.7,2.601,1.00,-5.00
53.140,12.000,12.000,0.000,2512.379,0.000,0.000,0.000,0.000,0.000,117299.7,2.601,1.00,-5.00
53.150,12.000,12.000,0.000,2512.379,0.000,0.000,0.000,0.000,0.000,117299.7,2.601,1.00,-5.00
53.160,12.000,12.000,0.000,2512.379,0.000,0.000,0.000,0.000,0.000,117299.7,2.601,1.00,-5.00
53.170,12.000,12.000,0.000,2512.379,0.000,0.000,0.000,0.000,0.000,117299.7,2.601,1.00,-5.00
53.180,12.000,12.000,0.000,2512.379,0.000,0.000,0.000,0.000,0.000,117299.7,2.601,1.00,-5.00
53.190,12.000,12.000,0.000,2512.379,0.000,0.000,0.000,0.000,0.000,117299.7,2.601,1.00,-5.00
53.200,12.000,12.000,0.000,2512.379,0.000,0.000,0.000,0.000,0.000,117299.7,2.601,1.00,-5.00
53.220,12.000,12.000,0.000,2512.379,0.000,0.000,0.000,0.000,0.000,117299.7,2.601,1.00,-5.00
53.240,12.000,12.000,0.000,2512.379,0.000,0.000,0.000,0.000,0.000,117299.7,2.601,1.00,-5.00
53.250,12.000,12.000,0.000,2512.379,0.000,0.000,0.000,0.000,0.000,117299.7,2.601,1.00,-5.00
53.260,12.000,12.000,0.000,2512.379,0.000,0.000,0.000,0.000,0.000,117299.7,2.601,1.00,-5.00
53.270,12.000,12.000,0.000,2512.379,0.000,0.000,0.000,0.000,0.000,117299.7,2.601,1.00,-5.00
53.280,12.000,12.000,0.000,2512.379,0.000,0.000,0.000,0.000,0.000,117299.7,2.601,1.00,-5.00
53.290,12.000,12.000,0.000,2512.379,0.000,0.000,0.000,0.000,0.000,117299.7,2.601,1.00,-5.00
53.300,12.000,12.000,0.000,2512.379,0.000,0.000,0.000,0.000,0.000,117299.7,2.601,1.00,-5.00
53.310,12.000,12.000,0.000,2512.379,0.000,0.000,0.000,0.000,0.000,117299.7,2.601,1.00,-5.00
53.320,12.000,12.000,0.000,2512.379,0.000,0.000,0.000,0.000,0.000,117299.7,2.601,1.00,-5.00
53.330,12.000,12.000,0.000,2512.379,0.000,0.000,0.000,0.000,0.000,117299.7,2.601,1.00,-5.00
53.340,12.000,12.000,0.000,2512.379,0.000,0.000,0.000,0.000,0.000,117299.7,2.601,1.00,-5.00
53.350,12.000,12.000,0.000,2512.379,0.000,0.000,0.000,0.000,0.000,117299.7,2.601,1.00,-5.00
53.360,12.000,12.000,0.000,2512.379,0.000,0.000,0.000,0.000,0.000,117299.7,2.601,1.00,-5.00
53.370,12.000,12.000,0.000,2512.379,0.000,0.000,0.000,0.000,0.000,117299.7,2.601,1.00,-5.00
53.380,12.000,12.000,0.000,2512.379,0.000,0.000,0.000,0.000,0.000,117299.7,2.601,1.00,-5.00
53.390,12.000,12.000,0.000,2512.379,0.000,0.000,0.000,0.000,0.000,117299.7,2.601,1.00,-5.00
53.400,12.000,12.000,0.000,2512.379,0.000,0.000,0.000,0.000,0.000,117299.7,2.601,1.00,-5.00
53.410,12.000,12.000,0.000,2512.379,0.000,0.000,0.000,0.000,0.000,117299.7,2.601,1.00,-5.00
53.420,12.000,12.000,0.000,2512.379,0.000,0.000,0.000,0.000,0.000,117299.7,2.601,1.00,-5.00
53.430,12.000,12.000,0.000,2512.379,0.000,0.000,0.000,0.000,0.000,117299.7,2.601,1.00,-5.00
53.440,12.000,12.000,0.000,2512.379,0.000,0.000,0.000,0.000,0.000,117299.7,2.601,1.00,-5.00
53.450,12.000,12.000,0.000,2512.379,0.000,0.000,0.000,0.000,0.000,117299.7,2.601,1.00,-5.00
53.460,12.000,12.000,0.000,2512.379,0.000,0.000,0.000,0.000,0.000,117299.7,2.601,1.00,-5.00
53.470,12.000,12.000,0.000,2512.379,0.000,0.000,0.000,0.000,0.000,117299.7,2.601,1.00,-5.00
53.480,12.000,12.000,0.000,2512.379,0.000,0.000,0.000,0.000,0.000,117299.7,2.601,1.00,-5.00
53.490,12.000,12.000,0.000,2512.379,0.000,0.000,0.000,0.000,0.000,117299.7,2.601,1.00,-5.00
53.500,12.000,12.000,0.000,2512.379,0.000,0.000,0.000,0.000,0.000,117299.7,2.601,1.00,-5.00
53.510,12.000,12.000,0.000,2512.379,0.000,0.000,0.000,0.000,0.000,117299.7,2.601,1.00,-5.00
53.520,12.000,12.000,0.000,2512.379,0.000,0.000,0.000,0.000,0.000,117299.7,2.601,1.00,-5.00
53.530,12.000,12.000,0.000,2512.379,0.000,0.000,0.000,0.000,0.000,117299.7,2.601,1.00,-5.00
53.540,12.000,12.000,0.000,2512.379,0.000,0.000,0.000,0.000,0.000,117299.7,2.601,1.00,-5.00
53.550,12.000,12.000,0.000,2512.379,0.000,0.000,0.000,0.000,0.000,117299.7,2.601,1.00,-5.00
53.560,12.000,12.000,0.000,2512.379,0.000,0.000,0.000,0.000,0.000,117299.7,2.601,1.00,-5.00
53.570,12.000,12.000,0.000,2512.379,0.000,0.000,0.000,0.000,0.000,117299.7,2.601,1.00,-5.00
53.580,12.000,12.000,0.000,2512.379,0.000,0.000,0.000,0.000,0.000,117299.7,2.601,1.00,-5.00
53.590,12.000,12.000,0.000,2512.379,0.000,0.000,0.000,0.000,0.000,117299.7,2.601,1.00,-5.00
53.600,12.000,12.000,0.000,2512.379,0.000,0.000,0.000,0.000,0.000,117299.7,2.601,1.00,-5.00
53.610,12.000,12.000,0.000,2512.379,0.000,0.000,0.000,0.000,0.000,117299.7,2.601,1.00,-5.00
53.620,12.000,12.000,0.000,2512.379,0.000,0.000,0.000,0.000,0.000,117299.7,2.601,1.00,-5.00
53.630,12.000,12.000,0.000,2512.379,0.000,0.000,0.000,0.000,0.000,117299.7,2.601,1.00,-5.00
53.640,12.000,12.000,0.000,2512.379,0.000,0.000,0.000,0.000,0.000,117299.7,2.601,1.00,-5.00
53.650,12.000,12.000,0.000,2512.379,0.000,0.000,0.000,0.000,0.000,117299.7,2.601,1.00,-5.00
53.660,12.000,12.000,0.000,2512.379,0.000,0.000,0.000,0.000,0.000,117299.7,2.601,1.00,-5.00
53.670,12.000,12.000,0.000,2512.379,0.000,0.000,0.000,0.000,0.000,117299.7,2.601,1.00,-5.00
53.680,12.000,12.000,0.000,2512.379,0.000,0.000,0.000,0.000,0.000,117299.7,2.601,1.00,-5.00
53.690,12.000,12.000,0.000,2512.379,0.000,0.000,0.000,0.000,0.000,117299.7,2.601,1.00,-5.00
53.700,12.000,12.000,0.000,2512.379,0.000,0.000,0.000,0.000,0.000,117299.7,2.601,1.00,-5.00
53.710,12.000,12.000,0.000,2512.379,0.000,0.000,0.000,0.000,0.000,117299.7,2.601,1.00,-5.00
53.720,12.000,12.000,0.000,2512.379,0.000,0.000,0.000,0.000,0.000,117299.7,2.601,1.00,-5.00
53.730,12.000,12.000,0.000,2512.379,0.000,0.000,0.000,0.000,0.000,117299.7,2.601,1.00,-5.00
53.740,12.000,12.000,0.000,2512.379,0.000,0.000,0.000,0.000,0.000,117299.7,2.601,1.00,-5.00
53.750,12.000,12.000,0.000,2512.379,0.000,0.000,0.000,0.000,0.000,117299.7,2.601,1.00,-5.00
53.760,12.000,12.000,0.000,2512.379,0.000,0.000,0.000,0.000,0.000,117299.7,2.601,1.00,-5.00
53.770,12.000,12.000,0.000,2512.379,0.000,0.000,0.000,0.000,0.000,117299.7,2.601,1.00,-5.00
53.780,12.000,12.000,0.000,2512.379,0.000,0.000,0.000,0.000,0.000,117299.7,2.601,1.00,-5.00
53.790,12.000,12.000,0.000,2512.379,0.000,0.000,0.000,0.000,0.000,117299.7,2.601,1.00,-5.00
53.800,12.000,12.000,0.000,2512.379,0.000,0.000,0.000,0.000,0.000,117299.7,2.601,1.00,-5.00
53.810,12.000,12.000,0.000,2512.379,0.000,0.000,0.000,0.000,0.000,117299.7,2.601,1.00,-5.00
53.820,12.000,12.000,0.000,2512.379,0.000,0.000,0.000,0.000,0.000,117299.7,2.601,1.00,-5.00
53.830,12.000,12.000,0.000,2512.379,0.000,0.000,0.000,0.000,0.000,117299.7,2.601,1.00,-5.00
53.840,12.000,12.000,0.000,2512.379,0.000,0.000,0.000,0.000,0.000,117299.7,2.601,1.00,-5.00
53.850,12.000,12.000,0.000,2512.379,0.000,0.000,0.000,0.000,0.000,117299.7,2.601,1.00,-5.00
53.860,12.000,12.000,0.000,2512.379,0.000,0.000,0.000,0.000,0.000,117299.7,2.601,1.00,-5.00
53.870,12.000,12.000,0.000,2512.379,0.000,0.000,0.000,0.000,0.000,117299.7,2.601,1.00,-5.00
53.880,12.000,12.000,0.000,2512.379,0.000,0.000,0.000,0.000,0.000,117299.7,2.601,1.00,-5.00
53.890,12.000,12.000,0.000,2512.379,0.000,0.000,0.000,0.000,0.000,117299.7,2.601,1.00,-5.00
53.900,12.000,12.000,0.000,2512.379,0.000,0.000,0.000,0.000,0.000,117299.7,2.601,1.00,-5.00
53.910,12.000,12.000,0.000,2512.379,0.000,0.000,0.000,0.000,0.000,117299.7,2.601,1.00,-5.00
53.920,12.000,12.000,0.000,2512.379,0.000,0.000,0.000,0.000,0.000,117299.7,2.601,1.00,-5.00
53.930,12.000,12.000,0.000,2512.379,0.000,0.000,0.000,0.000,0.000,117299.7,2.601,1.00,-5.00
53.940,12.000,12.000,0.000,2512.379,0.000,0.000,0.000,0.000,0.000,117299.7,2.601,1.00,-5.00
53.950,12.000,12.000,0.000,2512.379,0.000,0.000,0.000,0.000,0.000,117299.7,2.601,1.00,-5.00
53.960,12.000,12.000,0.000,2512.379,0.000,0.000,0.000,0.000,0.000,117299.7,2.601,1.00,-5.00
53.970,12.000,12.000,0.000,2512.379,0.000,0.000,0.000,0.000,0.000,117299.7,2.601,1.00,-5.00
53.980,12.000,12.000,0.000,2512.379,0.000,0.000,0.000,0.000,0.000,117299.7,2.601,1.00,-5.00
53.990,12.000,12.000,0.000,2512.379,0.000,0.000,0.000,0.000,0.000,117299.7,2.601,1.00,-5.00
54.000,12.000,12.000,0.000,2512.379,0.000,0.000,0.000,0.000,0.000,117299.7,2.601,1.00,-5.00
54.010,12.000,12.000,0.000,2512.379,0.000,0.000,0.000,0.000,0.000,117299.7,2.601,1.00,-5.00
54.020,12.000,12.000,0.000,2512.379,0.000,0.000,0.000,0.000,0.000,117299.7,2.601,1.00,-5.00
54.030,12.000,12.000,0.000,2512.379,0.000,0.000,0.000,0.000,0.000,117299.7,2.601,1.00,-5.00
54.040,12.000,12.000,0.000,2512.379,0.000,0.000,0.000,0.000,0.000,117299.7,2.601,1.00,-5.00
54.050,12.000,12.000,0.000,2512.379,0.000,0.000,0.000,0.000,0.000,117299.7,2.601,1.00,-5.00
54.060,12.000,12.000,0.000,2512.379,0.000,0.000,0.000,0.000,0.000,117299.7,2.601,1.00,-5.00
54.070,12.000,12.000,0.000,2512.379,0.000,0.000,0.000,0.000,0.000,117299.7,2.601,1.00,-5.00
54.080,12.000,12.000,0.000,2512.379,0.000,0.000,0.000,0.000,0.000,117299.7,2.601,1.00,-5.00
54.090,12.000,12.000,0.000,2512.379,0.000,0.000,0.000,0.000,0.000,117299.7,2.601,1.00,-5.00
54.100,12.000,12.000,0.000,2512.379,0.000,0.000,0.000,0.000,0.000,117299.7,2.601,1.00,-5.00
54.110,12.000,12.000,0.000,2512.379,0.000,0.000,0.000,0.000,0.000,117299.7,2.601,1.00,-5.00
54.120,12.000,12.000,0.000,2512.379,0.000,0.000,0.000,0.000,0.000,117299.7,2.601,1.00,-5.00
54.130,12.000,12.000,0.000,2512.379,0.000,0.000,0.000,0.000,0.000,117299.7,2.601,1.00,-5.00
54.140,12.000,12.000,0.000,2512.379,0.000,0.000,0.000,0.000,0.000,117299.7,2.601,1.00,-5.00
54.150,12.000,12.000,0.000,2512.379,0.000,0.000,0.000,0.000,0.000,117299.7,2.601,1.00,-5.00
54.160,12.000,12.000,0.000,2512.379,0.000,0.000,0.000,0.000,0.000,117299.7,2.601,1.00,-5.00
54.170,12.000,12.000,0.000,2512.379,0.000,0.000,0.000,0.000,0.000,117299.7,2.601,1.00,-5.00
54.180,12.000,12.000,0.000,2512.379,0.000,0.000,0.000,0.000,0.000,117299.7,2.601,1.00,-5.00
54.190,12.000,12.000,0.000,2512.379,0.000,0.000,0.000,0.000,0.000,117299.7,2.601,1.00,-5.00
54.200,12.000,12.000,0.000,2512.379,0.000,0.000,0.000,0.000,0.000,117299.7,2.601,1.00,-5.00
54.210,12.000,12.000,0.000,2512.379,0.000,0.000,0.000,0.000,0.000,117299.7,2.601,1.00,-5.00
54.220,12.000,12.000,0.000,2512.379,0.000,0.000,0.000,0.000,0.000,117299.7,2.601,1.00,-5.00
54.240,12.000,12.000,0.000,2512.379,0.000,0.000,0.000,0.000,0.000,117299.7,2.601,1.00,-5.00
54.250,12.000,12.000,0.000,2512.379,0.000,0.000,0.000,0.000,0.000,117299.7,2.601,1.00,-5.00
54.260,12.000,12.000,0.000,2512.379,0.000,0.000,0.000,0.000,0.000,117299.7,2.601,1.00,-5.00
54.270,12.000,12.000,0.000,2512.379,0.000,0.000,0.000,0.000,0.000,117299.7,2.601,1.00,-5.00
54.280,12.000,12.000,0.000,2512.379,0.000,0.000,0.000,0.000,0.000,117299.7,2.601,1.00,-5.00
54.290,12.000,12.000,0.000,2512.379,0.000,0.000,0.000,0.000,0.000,117299.7,2.601,1.00,-5.00
54.300,12.000,12.000,0.000,2512.379,0.000,0.000,0.000,0.000,0.000,117299.7,2.601,1.00,-5.00
54.310,12.000,12.000,0.000,2512.379,0.000,0.000,0.000,0.000,0.000,117299.7,2.601,1.00,-5.00
54.320,12.000,12.000,0.000,2512.379,0.000,0.000,0.000,0.000,0.000,117299.7,2.601,1.00,-5.00
54.330,12.000,12.000,0.000,2512.379,0.000,0.000,0.000,0.000,0.000,117299.7,2.601,1.00,-5.00
54.340,12.000,12.000,0.000,2512.379,0.000,0.000,0.000,0.000,0.000,117299.7,2.601,1.00,-5.00
54.350,12.000,12.000,0.000,2512.379,0.000,0.000,0.000,0.000,0.000,117299.7,2.601,1.00,-5.00
54.360,12.000,12.000,0.000,2512.379,0.000,0.000,0.000,0.000,0.000,117299.7,2.601,1.00,-5.00
54.370,12.000,12.000,0.000,2512.379,0.000,0.000,0.000,0.000,0.000,117299.7,2.601,1.00,-5.00
54.380,12.000,12.000,0.000,2512.379,0.000,0.000,0.000,0.000,0.000,117299.7,2.601,1.00,-5.00
54.390,12.000,12.000,0.000,2512.379,0.000,0.000,0.000,0.000,0.000,117299.7,2.601,1.00,-5.00
54.400,12.000,12.000,0.000,2512.379,0.000,0.000,0.000,0.000,0.000,117299.7,2.601,1.00,-5.00
54.410,12.000,12.000,0.000,2512.379,0.000,0.000,0.000,0.000,0.000,117299.7,2.601,1.00,-5.00
54.420,12.000,12.000,0.000,2512.379,0.000,0.000,0.000,0.000,0.000,117299.7,2.601,1.00,-5.00
54.430,12.000,12.010,-0.010,0.000,34.451,0.000,0.000,0.000,0.000,117295.6,2.529,1.00,-5.00
54.440,12.000,12.010,-0.010,0.000,1.875,0.000,0.000,0.000,0.000,117291.4,2.457,1.00,-5.00
54.450,12.000,12.010,-0.010,0.000,1.875,0.000,0.000,0.000,0.000,117291.4,2.452,1.00,-5.00
54.460,12.000,12.010,-0.010,0.000,1.876,0.000,0.000,0.000,0.000,117291.4,2.447,1.00,-5.00
54.470,12.000,11.990,0.010,37698.950,0.000,0.000,0.000,0.000,0.000,117291.4,2.586,1.00,-5.00
54.480,12.000,11.990,0.010,6036.278,0.000,0.000,0.000,0.000,0.000,117291.4,2.725,1.00,-5.00
54.490,12.000,11.990,0.010,6041.262,0.000,0.000,0.000,0.000,0.000,117354.2,2.797,1.00,-5.00
54.500,12.000,12.000,0.000,0.000,27.933,0.000,0.000,0.000,0.000,117345.1,2.732,1.00,-5.00
54.510,12.000,12.000,0.000,2515.248,0.000,0.000,0.000,0.000,0.000,117336.1,2.668,1.00,-5.00
54.520,12.000,11.990,0.010,23638.434,0.000,0.000,0.000,0.000,0.000,117336.1,2.735,1.00,-5.00
54.530,12.000,12.000,0.000,0.000,27.930,0.000,0.000,0.000,0.000,117336.1,2.735,1.00,-5.00
54.540,12.000,12.000,0.000,2516.894,0.000,0.000,0.000,0.000,0.000,117320.3,2.706,1.00,-5.00
54.550,12.000,11.990,0.010,23637.240,0.000,0.000,0.000,0.000,0.000,117320.3,2.773,1.00,-5.00
54.560,12.000,11.990,0.010,6042.423,0.000,0.000,0.000,0.000,0.000,117324.5,2.845,1.00,-5.00
54.570,12.000,12.000,0.000,0.000,27.916,0.000,0.000,0.000,0.000,117308.8,2.816,1.00,-5.00
54.580,12.000,12.000,0.000,2518.855,0.000,0.000,0.000,0.000,0.000,117299.7,2.751,1.00,-5.00
54.590,12.000,12.000,0.000,2518.633,0.000,0.000,0.000,0.000,0.000,117299.7,2.746,1.00,-5.00
54.600,12.000,12.000,0.000,2518.633,0.000,0.000,0.000,0.000,0.000,117299.7,2.746,1.00,-5.00
54.610,12.000,12.000,0.000,2518.633,0.000,0.000,0.000,0.000,0.000,117299.7,2.746,1.00,-5.00
54.620,12.000,12.000,0.000,2518.633,0.000,0.000,0.000,0.000,0.000,117299.7,2.746,1.00,-5.00
54.630,12.000,12.000,0.000,2518.633,0.000,0.000,0.000,0.000,0.000,117299.7,2.746,1.00,-5.00
54.640,12.000,12.000,0.000,2518.633,0.000,0.000,0.000,0.000,0.000,117299.7,2.746,1.00,-5.00
54.650,12.000,12.000,0.000,2518.633,0.000,0.000,0.000,0.000,0.000,117299.7,2.746,1.00,-5.00
54.660,12.000,12.000,0.000,2518.633,0.000,0.000,0.000,0.000,0.000,117299.7,2.746,1.00,-5.00
54.670,12.000,12.000,0.000,2518.633,0.000,0.000,0.000,0.000,0.000,117299.7,2.746,1.00,-5.00
54.680,12.000,12.000,0.000,2518.633,0.000,0.000,0.000,0.000,0.000,117299.7,2.746,1.00,-5.00
54.690,12.000,12.000,0.000,2518.633,0.000,0.000,0.000,0.000,0.000,117299.7,2.746,1.00,-5.00
54.700,12.000,12.000,0.000,2518.633,0.000,0.000,0.000,0.000,0.000,117299.7,2.746,1.00,-5.00
54.710,12.000,12.000,0.000,2518.633,0.000,0.000,0.000,0.000,0.000,117299.7,2.746,1.00,-5.00
54.720,12.000,12.000,0.000,2518.633,0.000,0.000,0.000,0.000,0.000,117299.7,2.746,1.00,-5.00
54.730,12.000,12.000,0.000,2518.633,0.000,0.000,0.000,0.000,0.000,117299.7,2.746,1.00,-5.00
54.740,12.000,12.000,0.000,2518.633,0.000,0.000,0.000,0.000,0.000,117299.7,2.746,1.00,-5.00
54.750,12.000,12.000,0.000,2518.633,0.000,0.000,0.000,0.000,0.000,117299.7,2.746,1.00,-5.00
54.760,12.000,12.000,0.000,2518.633,0.000,0.000,0.000,0.000,0.000,117299.7,2.746,1.00,-5.00
54.770,12.000,12.000,0.000,2518.633,0.000,0.000,0.000,0.000,0.000,117299.7,2.746,1.00,-5.00
54.780,12.000,12.000,0.000,2518.633,0.000,0.000,0.000,0.000,0.000,117299.7,2.746,1.00,-5.00
54.790,12.000,12.000,0.000,2518.633,0.000,0.000,0.000,0.000,0.000,117299.7,2.746,1.00,-5.00
54.800,12.000,12.000,0.000,2518.633,0.000,0.000,0.000,0.000,0.000,117299.7,2.746,1.00,-5.00
54.810,12.000,12.000,0.000,2518.633,0.000,0.000,0.000,0.000,0.000,117299.7,2.746,1.00,-5.00
54.820,12.000,12.000,0.000,2518.633,0.000,0.000,0.000,0.000,0.000,117299.7,2.746,1.00,-5.00
54.830,12.000,12.000,0.000,2518.633,0.000,0.000,0.000,0.000,0.000,117299.7,2.746,1.00,-5.00
54.840,12.000,12.000,0.000,2518.633,0.000,0.000,0.000,0.000,0.000,117299.7,2.746,1.00,-5.00
54.850,12.000,12.000,0.000,2518.633,0.000,0.000,0.000,0.000,0.000,117299.7,2.746,1.00,-5.00
54.860,12.000,12.000,0.000,2518.633,0.000,0.000,0.000,0.000,0.000,117299.7,2.746,1.00,-5.00
54.870,12.000,12.000,0.000,2518.633,0.000,0.000,0.000,0.000,0.000,117299.7,2.746,1.00,-5.00
54.880,12.000,12.000,0.000,2518.633,0.000,0.000,0.000,0.000,0.000,117299.7,2.746,1.00,-5.00
54.890,12.000,12.000,0.000,2518.633,0.000,0.000,0.000,0.000,0.000,117299.7,2.746,1.00,-5.00
54.900,12.000,12.000,0.000,2518.633,0.000,0.000,0.000,0.000,0.000,117299.7,2.746,1.00,-5.00
54.910,12.000,12.000,0.000,2518.633,0.000,0.000,0.000,0.000,0.000,117299.7,2.746,1.00,-5.00
54.920,12.000,12.000,0.000,2518.633,0.000,0.000,0.000,0.000,0.000,117299.7,2.746,1.00,-5.00
54.930,12.000,12.000,0.000,2518.633,0.000,0.000,0.000,0.000,0.000,117299.7,2.746,1.00,-5.00
54.940,12.000,12.000,0.000,2518.633,0.000,0.000,0.000,0.000,0.000,117299.7,2.746,1.00,-5.00
54.950,12.000,12.000,0.000,2518.633,0.000,0.000,0.000,0.000,0.000,117299.7,2.746,1.00,-5.00
54.960,12.000,12.000,0.000,2518.633,0.000,0.000,0.000,0.000,0.000,117299.7,2.746,1.00,-5.00
54.970,12.000,12.000,0.000,2518.633,0.000,0.000,0.000,0.000,0.000,117299.7,2.746,1.00,-5.00
54.980,12.000,12.000,0.000,2518.633,0.000,0.000,0.000,0.000,0.000,117299.7,2.746,1.00,-5.00
54.990,12.000,12.000,0.000,2518.633,0.000,0.000,0.000,0.000,0.000,117299.7,2.746,1.00,-5.00
55.000,12.000,12.000,0.000,2518.633,0.000,0.000,0.000,0.000,0.000,117299.7,2.746,1.00,5.00
55.010,12.000,12.000,0.000,2518.633,0.000,0.000,0.000,0.000,0.000,117299.7,2.746,1.00,5.00
55.020,12.000,12.000,0.000,2518.633,0.000,0.000,0.000,0.000,0.000,117299.7,2.746,1.00,5.00
55.030,12.000,12.000,0.000,2518.633,0.000,0.000,0.000,0.000,0.000,117299.7,2.746,1.00,5.00
55.040,12.000,12.000,0.000,2518.633,0.000,0.000,0.000,0.000,0.000,117299.7,2.746,1.00,5.00
55.050,12.000,12.000,0.000,2518.633,0.000,0.000,0.000,0.000,0.000,117299.7,2.746,1.00,5.00
55.060,12.000,12.000,0.000,2518.633,0.000,0.000,0.000,0.000,0.000,117299.7,2.746,1.00,5.00
55.080,12.000,12.000,0.000,2518.633,0.000,0.000,0.000,0.000,0.000,117299.7,2.746,1.00,5.00
55.090,12.000,12.000,0.000,2518.633,0.000,0.000,0.000,0.000,0.000,117299.7,2.746,1.00,5.00
55.100,12.000,12.000,0.000,2518.633,0.000,0.000,0.000,0.000,0.000,117299.7,2.746,1.00,5.00
55.110,12.000,12.000,0.000,2518.633,0.000,0.000,0.000,0.000,0.000,117299.7,2.746,1.00,5.00
55.120,12.000,12.000,0.000,2518.633,0.000,0.000,0.000,0.000,0.000,117299.7,2.746,1.00,5.00
55.130,12.000,12.000,0.000,2518.633,0.000,0.000,0.000,0.000,0.000,117299.7,2.746,1.00,5.00
55.140,12.000,12.000,0.000,2518.633,0.000,0.000,0.000,0.000,0.000,117299.7,2.746,1.00,5.00
55.150,12.000,12.000,0.000,2518.633,0.000,0.000,0.000,0.000,0.000,117299.7,2.746,1.00,5.00
55.160,12.000,12.000,0.000,2518.633,0.000,0.000,0.000,0.000,0.000,117299.7,2.746,1.00,5.00
55.170,12.000,12.000,0.000,2518.633,0.000,0.000,0.000,0.000,0.000,117299.7,2.746,1.00,5.00
55.180,12.000,12.000,0.000,2518.633,0.000,0.000,0.000,0.000,0.000,117299.7,2.746,1.00,5.00
55.190,12.000,12.000,0.000,2518.633,0.000,0.000,0.000,0.000,0.000,117299.7,2.746,1.00,5.00
55.200,12.000,12.000,0.000,2518.633,0.000,0.000,0.000,0.000,0.000,117299.7,2.746,1.00,5.00
55.210,12.000,12.000,0.000,2518.633,0.000,0.000,0.000,0.000,0.000,117299.7,2.746,1.00,5.00
55.220,12.000,12.000,0.000,2518.633,0.000,0.000,0.000,0.000,0.000,117299.7,2.746,1.00,5.00
55.230,12.000,12.000,0.000,2518.633,0.000,0.000,0.000,0.000,0.000,117299.7,2.746,1.00,5.00
55.240,12.000,12.000,0.000,2518.633,0.000,0.000,0.000,0.000,0.000,117299.7,2.746,1.00,5.00
55.260,12.000,12.000,0.000,2518.633,0.000,0.000,0.000,0.000,0.000,117299.7,2.746,1.00,5.00
55.270,12.000,12.000,0.000,2518.633,0.000,0.000,0.000,0.000,0.000,117299.7,2.746,1.00,5.00
55.280,12.000,12.000,0.000,2518.633,0.000,0.000,0.000,0.000,0.000,117299.7,2.746,1.00,5.00
55.290,12.000,12.000,0.000,2518.633,0.000,0.000,0.000,0.000,0.000,117299.7,2.746,1.00,5.00
55.300,12.000,12.000,0.000,2518.633,0.000,0.000,0.000,0.000,0.000,117299.7,2.746,1.00,5.00
55.310,12.000,12.000,0.000,2518.633,0.000,0.000,0.000,0.000,0.000,117299.7,2.746,1.00,5.00
55.320,12.000,12.000,0.000,2518.633,0.000,0.000,0.000,0.000,0.000,117299.7,2.746,1.00,5.00
55.330,12.000,12.000,0.000,2518.633,0.000,0.000,0.000,0.000,0.000,117299.7,2.746,1.00,5.00
55.340,12.000,12.000,0.000,2518.633,0.000,0.000,0.000,0.000,0.000,117299.7,2.746,1.00,5.00
55.350,12.000,12.000,0.000,2518.633,0.000,0.000,0.000,0.000,0.000,117299.7,2.746,1.00,5.00
55.360,12.000,12.000,0.000,2518.633,0.000,0.000,0.000,0.000,0.000,117299.7,2.746,1.00,5.00
55.370,12.000,12.000,0.000,2518.633,0.000,0.000,0.000,0.000,0.000,117299.7,2.746,1.00,5.00
55.380,12.000,12.000,0.000,2518.633,0.000,0.000,0.000,0.000,0.000,117299.7,2.746,1.00,5.00
55.390,12.000,12.000,0.000,2518.633,0.000,0.000,0.000,0.000,0.000,117299.7,2.746,1.00,5.00
55.400,12.000,12.000,0.000,2518.633,0.000,0.000,0.000,0.000,0.000,117299.7,2.746,1.00,5.00
55.410,12.000,12.000,0.000,2518.633,0.000,0.000,0.000,0.000,0.000,117299.7,2.746,1.00,5.00
55.420,12.000,12.000,0.000,2518.633,0.000,0.000,0.000,0.000,0.000,117299.7,2.746,1.00,5.00
55.430,12.000,12.000,0.000,2518.633,0.000,0.000,0.000,0.000,0.000,117299.7,2.746,1.00,5.00
55.440,12.000,12.000,0.000,2518.633,0.000,0.000,0.000,0.000,0.000,117299.7,2.746,1.00,5.00
55.450,12.000,12.000,0.000,2518.633,0.000,0.000,0.000,0.000,0.000,117299.7,2.746,1.00,5.00
55.460,12.000,12.000,0.000,2518.633,0.000,0.000,0.000,0.000,0.000,117299.7,2.746,1.00,5.00
55.470,12.000,12.000,0.000,2518.633,0.000,0.000,0.000,0.000,0.000,117299.7,2.746,1.00,5.00
55.480,12.000,12.000,0.000,2518.633,0.000,0.000,0.000,0.000,0.000,117299.7,2.746,1.00,5.00
55.490,12.000,12.000,0.000,2518.633,0.000,0.000,0.000,0.000,0.000,117299.7,2.746,1.00,5.00
55.500,12.000,12.000,0.000,2518.633,0.000,0.000,0.000,0.000,0.000,117299.7,2.746,1.00,5.00
55.510,12.000,12.000,0.000,2518.633,0.000,0.000,0.000,0.000,0.000,117299.7,2.746,1.00,5.00
55.520,12.000,12.000,0.000,2518.633,0.000,0.000,0.000,0.000,0.000,117299.7,2.746,1.00,5.00
55.530,12.000,12.000,0.000,2518.633,0.000,0.000,0.000,0.000,0.000,117299.7,2.746,1.00,5.00
55.540,12.000,12.000,0.000,2518.633,0.000,0.000,0.000,0.000,0.000,117299.7,2.746,1.00,5.00
55.550,12.000,12.000,0.000,2518.633,0.000,0.000,0.000,0.000,0.000,117299.7,2.746,1.00,5.00
55.560,12.000,12.000,0.000,2518.633,0.000,0.000,0.000,0.000,0.000,117299.7,2.746,1.00,5.00
55.570,12.000,12.000,0.000,2518.633,0.000,0.000,0.000,0.000,0.000,117299.7,2.746,1.00,5.00
55.580,12.000,12.000,0.000,2518.633,0.000,0.000,0.000,0.000,0.000,117299.7,2.746,1.00,5.00
55.590,12.000,12.000,0.000,2518.633,0.000,0.000,0.000,0.000,0.000,117299.7,2.746,1.00,5.00
55.600,12.000,12.000,0.000,2518.633,0.000,0.000,0.000,0.000,0.000,117299.7,2.746,1.00,5.00
55.610,12.000,12.000,0.000,2518.633,0.000,0.000,0.000,0.000,0.000,117299.7,2.746,1.00,5.00
55.620,12.000,12.000,0.000,2518.633,0.000,0.000,0.000,0.000,0.000,117299.7,2.746,1.00,5.00
55.630,12.000,12.000,0.000,2518.633,0.000,0.000,0.000,0.000,0.000,117299.7,2.746,1.00,5.00
55.640,12.000,12.000,0.000,2518.633,0.000,0.000,0.000,0.000,0.000,117299.7,2.746,1.00,5.00
55.650,12.000,12.000,0.000,2518.633,0.000,0.000,0.000,0.000,0.000,117299.7,2.746,1.00,5.00
55.660,12.000,12.000,0.000,2518.633,0.000,0.000,0.000,0.000,0.000,117299.7,2.746,1.00,5.00
55.670,12.000,12.000,0.000,2518.633,0.000,0.000,0.000,0.000,0.000,117299.7,2.746,1.00,5.00
55.680,12.000,12.000,0.000,2518.633,0.000,0.000,0.000,0.000,0.000,117299.7,2.746,1.00,5.00
55.690,12.000,12.000,0.000,2518.633,0.000,0.000,0.000,0.000,0.000,117299.7,2.746,1.00,5.00
55.700,12.000,12.000,0.000,2518.633,0.000,0.000,0.000,0.000,0.000,117299.7,2.746,1.00,5.00
55.710,12.000,12.000,0.000,2518.633,0.000,0.000,0.000,0.000,0.000,117299.7,2.746,1.00,5.00
55.720,12.000,12.000,0.000,2518.633,0.000,0.000,0.000,0.000,0.000,117299.7,2.746,1.00,5.00
55.730,12.000,12.000,0.000,2518.633,0.000,0.000,0.000,0.000,0.000,117299.7,2.746,1.00,5.00
55.740,12.000,12.000,0.000,2518.633,0.000,0.000,0.000,0.000,0.000,117299.7,2.746,1.00,5.00
55.750,12.000,12.000,0.000,2518.633,0.000,0.000,0.000,0.000,0.000,117299.7,2.746,1.00,5.00
55.760,12.000,12.000,0.000,2518.633,0.000,0.000,0.000,0.000,0.000,117299.7,2.746,1.00,5.00
55.770,12.000,12.000,0.000,2518.633,0.000,0.000,0.000,0.000,0.000,117299.7,2.746,1.00,5.00
55.780,12.000,12.000,0.000,2518.633,0.000,0.000,0.000,0.000,0.000,117299.7,2.746,1.00,5.00
55.790,12.000,12.000,0.000,2518.633,0.000,0.000,0.000,0.000,0.000,117299.7,2.746,1.00,5.00
55.800,12.000,12.000,0.000,2518.633,0.000,0.000,0.000,0.000,0.000,117299.7,2.746,1.00,5.00
55.810,12.000,12.000,0.000,2518.633,0.000,0.000,0.000,0.000,0.000,117299.7,2.746,1.00,5.00
55.820,12.000,12.000,0.000,2518.633,0.000,0.000,0.000,0.000,0.000,117299.7,2.746,1.00,5.00
55.830,12.000,12.000,0.000,2518.633,0.000,0.000,0.000,0.000,0.000,117299.7,2.746,1.00,5.00
55.840,12.000,12.000,0.000,2518.633,0.000,0.000,0.000,0.000,0.000,117299.7,2.746,1.00,5.00
55.850,12.000,12.000,0.000,2518.633,0.000,0.000,0.000,0.000,0.000,117299.7,2.746,1.00,5.00
55.860,12.000,12.000,0.000,2518.633,0.000,0.000,0.000,0.000,0.000,117299.7,2.746,1.00,5.00
55.870,12.000,12.000,0.000,2518.633,0.000,0.000,0.000,0.000,0.000,117299.7,2.746,1.00,5.00
55.880,12.000,12.000,0.000,2518.633,0.000,0.000,0.000,0.000,0.000,117299.7,2.746,1.00,5.00
55.890,12.000,12.000,0.000,2518.633,0.000,0.000,0.000,0.000,0.000,117299.7,2.746,1.00,5.00
55.900,12.000,12.000,0.000,2518.633,0.000,0.000,0.000,0.000,0.000,117299.7,2.746,1.00,5.00
55.910,12.000,12.000,0.000,2518.633,0.000,0.000,0.000,0.000,0.000,117299.7,2.746,1.00,5.00
55.920,12.000,12.000,0.000,2518.633,0.000,0.000,0.000,0.000,0.000,117299.7,2.746,1.00,5.00
55.930,12.000,12.000,0.000,2518.633,0.000,0.000,0.000,0.000,0.000,117299.7,2.746,1.00,5.00
55.940,12.000,12.000,0.000,2518.633,0.000,0.000,0.000,0.000,0.000,117299.7,2.746,1.00,5.00
55.950,12.000,12.000,0.000,2518.633,0.000,0.000,0.000,0.000,0.000,117299.7,2.746,1.00,5.00
55.960,12.000,12.000,0.000,2518.633,0.000,0.000,0.000,0.000,0.000,117299.7,2.746,1.00,5.00
55.970,12.000,12.000,0.000,2518.633,0.000,0.000,0.000,0.000,0.000,117299.7,2.746,1.00,5.00
55.980,12.000,12.000,0.000,2518.633,0.000,0.000,0.000,0.000,0.000,117299.7,2.746,1.00,5.00
55.990,12.000,12.000,0.000,2518.633,0.000,0.000,0.000,0.000,0.000,117299.7,2.746,1.00,5.00
56.000,12.000,12.000,0.000,2518.633,0.000,0.000,0.000,0.000,0.000,117299.7,2.746,1.00,5.00
56.010,12.000,12.000,0.000,2518.633,0.000,0.000,0.000,0.000,0.000,117299.7,2.746,1.00,5.00
56.020,12.000,12.000,0.000,2518.633,0.000,0.000,0.000,0.000,0.000,117299.7,2.746,1.00,5.00
56.030,12.000,12.000,0.000,2518.633,0.000,0.000,0.000,0.000,0.000,117299.7,2.746,1.00,5.00
56.040,12.000,12.000,0.000,2518.633,0.000,0.000,0.000,0.000,0.000,117299.7,2.746,1.00,5.00
56.050,12.000,12.000,0.000,2518.633,0.000,0.000,0.000,0.000,0.000,117299.7,2.746,1.00,5.00
56.060,12.000,12.000,0.000,2518.633,0.000,0.000,0.000,0.000,0.000,117299.7,2.746,1.00,5.00
56.070,12.000,12.000,0.000,2518.633,0.000,0.000,0.000,0.000,0.000,117299.7,2.746,1.00,5.00
56.080,12.000,12.000,0.000,2518.633,0.000,0.000,0.000,0.000,0.000,117299.7,2.746,1.00,5.00
56.090,12.000,12.000,0.000,2518.633,0.000,0.000,0.000,0.000,0.000,117299.7,2.746,1.00,5.00
56.100,12.000,12.000,0.000,2518.633,0.000,0.000,0.000,0.000,0.000,117299.7,2.746,1.00,5.00
56.110,12.000,12.000,0.000,2518.633,0.000,0.000,0.000,0.000,0.000,117299.7,2.746,1.00,5.00
56.120,12.000,12.000,0.000,2518.633,0.000,0.000,0.000,0.000,0.000,117299.7,2.746,1.00,5.00
56.130,12.000,12.000,0.000,2518.633,0.000,0.000,0.000,0.000,0.000,117299.7,2.746,1.00,5.00
56.140,12.000,12.000,0.000,2518.633,0.000,0.000,0.000,0.000,0.000,117299.7,2.746,1.00,5.00
56.150,12.000,12.000,0.000,2518.633,0.000,0.000,0.000,0.000,0.000,117299.7,2.746,1.00,5.00
56.160,12.000,12.000,0.000,2518.633,0.000,0.000,0.000,0.000,0.000,117299.7,2.746,1.00,5.00
56.170,12.000,12.000,0.000,2518.633,0.000,0.000,0.000,0.000,0.000,117299.7,2.746,1.00,5.00
56.180,12.000,12.000,0.000,2518.633,0.000,0.000,0.000,0.000,0.000,117299.7,2.746,1.00,5.00
56.190,12.000,12.000,0.000,2518.633,0.000,0.000,0.000,0.000,0.000,117299.7,2.746,1.00,5.00
56.200,12.000,12.000,0.000,2518.633,0.000,0.000,0.000,0.000,0.000,117299.7,2.746,1.00,5.00
56.210,12.000,12.000,0.000,2518.633,0.000,0.000,0.000,0.000,0.000,117299.7,2.746,1.00,5.00
56.220,12.000,12.000,0.000,2518.633,0.000,0.000,0.000,0.000,0.000,117299.7,2.746,1.00,5.00
56.230,12.000,12.000,0.000,2518.633,0.000,0.000,0.000,0.000,0.000,117299.7,2.746,1.00,5.00
56.240,12.000,12.000,0.000,2518.633,0.000,0.000,0.000,0.000,0.000,117299.7,2.746,1.00,5.00
56.250,12.000,12.000,0.000,2518.633,0.000,0.000,0.000,0.000,0.000,117299.7,2.746,1.00,5.00
56.270,12.000,12.000,0.000,2518.633,0.000,0.000,0.000,0.000,0.000,117299.7,2.746,1.00,5.00
56.280,12.000,12.000,0.000,2518.633,0.000,0.000,0.000,0.000,0.000,117299.7,2.746,1.00,5.00
56.290,12.000,12.000,0.000,2518.633,0.000,0.000,0.000,0.000,0.000,117299.7,2.746,1.00,5.00
56.300,12.000,12.000,0.000,2518.633,0.000,0.000,0.000,0.000,0.000,117299.7,2.746,1.00,5.00
56.310,12.000,12.000,0.000,2518.633,0.000,0.000,0.000,0.000,0.000,117299.7,2.746,1.00,5.00
56.320,12.000,12.000,0.000,2518.633,0.000,0.000,0.000,0.000,0.000,117299.7,2.746,1.00,5.00
56.330,12.000,12.000,0.000,2518.633,0.000,0.000,0.000,0.000,0.000,117299.7,2.746,1.00,5.00
56.340,12.000,12.000,0.000,2518.633,0.000,0.000,0.000,0.000,0.000,117299.7,2.746,1.00,5.00
56.350,12.000,12.000,0.000,2518.633,0.000,0.000,0.000,0.000,0.000,117299.7,2.746,1.00,5.00
56.360,12.000,12.000,0.000,2518.633,0.000,0.000,0.000,0.000,0.000,117299.7,2.746,1.00,5.00
56.370,12.000,12.000,0.000,2518.633,0.000,0.000,0.000,0.000,0.000,117299.7,2.746,1.00,5.00
56.380,12.000,12.000,0.000,2518.633,0.000,0.000,0.000,0.000,0.000,117299.7,2.746,1.00,5.00
56.390,12.000,12.000,0.000,2518.633,0.000,0.000,0.000,0.000,0.000,117299.7,2.746,1.00,5.00
56.400,12.000,12.000,0.000,2518.633,0.000,0.000,0.000,0.000,0.000,117299.7,2.746,1.00,5.00
56.410,12.000,12.000,0.000,2518.633,0.000,0.000,0.000,0.000,0.000,117299.7,2.746,1.00,5.00
56.420,12.000,12.000,0.000,2518.633,0.000,0.000,0.000,0.000,0.000,117299.7,2.746,1.00,5.00
56.430,12.000,12.000,0.000,2518.633,0.000,0.000,0.000,0.000,0.000,117299.7,2.746,1.00,5.00
56.440,12.000,12.000,0.000,2518.633,0.000,0.000,0.000,0.000,0.000,117299.7,2.746,1.00,5.00
56.450,12.000,12.000,0.000,2518.633,0.000,0.000,0.000,0.000,0.000,117299.7,2.746,1.00,5.00
56.460,12.000,12.000,0.000,2518.633,0.000,0.000,0.000,0.000,0.000,117299.7,2.746,1.00,5.00
56.470,12.000,12.000,0.000,2518.633,0.000,0.000,0.000,0.000,0.000,117299.7,2.746,1.00,5.00
56.480,12.000,12.000,0.000,2518.633,0.000,0.000,0.000,0.000,0.000,117299.7,2.746,1.00,5.00
56.490,12.000,12.000,0.000,2518.633,0.000,0.000,0.000,0.000,0.000,117299.7,2.746,1.00,5.00
56.500,12.000,12.000,0.000,2518.633,0.000,0.000,0.000,0.000,0.000,117299.7,2.746,1.00,5.00
56.510,12.000,12.000,0.000,2518.633,0.000,0.000,0.000,0.000,0.000,117299.7,2.746,1.00,5.00
56.520,12.000,12.000,0.000,2518.633,0.000,0.000,0.000,0.000,0.000,117299.7,2.746,1.00,5.00
56.530,12.000,12.010,-0.010,0.000,34.440,0.000,0.000,0.000,0.000,117295.5,2.674,1.00,5.00
56.540,12.000,12.000,0.000,20109.846,0.000,0.000,0.000,0.000,0.000,117295.5,2.674,1.00,5.00
56.550,12.000,12.000,0.000,2518.415,0.000,0.000,0.000,0.000,0.000,117295.5,2.741,1.00,5.00
56.560,12.000,12.000,0.000,2519.970,0.000,0.000,0.000,0.000,0.000,117312.2,2.777,1.00,5.00
56.570,12.000,12.000,0.000,2519.970,0.000,0.000,0.000,0.000,0.000,117312.2,2.777,1.00,5.00
56.580,12.000,12.000,0.000,2519.970,0.000,0.000,0.000,0.000,0.000,117312.2,2.777,1.00,5.00
56.590,12.000,12.000,0.000,2519.970,0.000,0.000,0.000,0.000,0.000,117312.2,2.777,1.00,5.00
56.600,12.000,12.000,0.000,2519.970,0.000,0.000,0.000,0.000,0.000,117312.2,2.777,1.00,5.00
56.610,12.000,12.000,0.000,2519.970,0.000,0.000,0.000,0.000,0.000,117312.2,2.777,1.00,5.00
56.620,12.000,12.000,0.000,2519.970,0.000,0.000,0.000,0.000,0.000,117312.2,2.777,1.00,5.00
56.630,12.000,12.000,0.000,2519.970,0.000,0.000,0.000,0.000,0.000,117312.2,2.777,1.00,5.00
56.640,12.000,12.010,-0.010,0.000,34.441,0.000,0.000,0.000,0.000,117308.0,2.705,1.00,5.00
56.650,12.000,12.010,-0.010,0.000,1.861,0.000,0.000,0.000,0.000,117303.8,2.633,1.00,5.00
56.660,12.000,12.000,0.000,20112.219,0.000,0.000,0.000,0.000,0.000,117303.8,2.700,1.00,5.00
56.670,12.000,12.000,0.000,2519.535,0.000,0.000,0.000,0.000,0.000,117303.8,2.767,1.00,5.00
56.680,12.000,12.000,0.000,2521.090,0.000,0.000,0.000,0.000,0.000,117320.6,2.803,1.00,5.00
56.690,12.000,12.000,0.000,2521.090,0.000,0.000,0.000,0.000,0.000,117320.6,2.803,1.00,5.00
56.700,12.000,12.000,0.000,2521.090,0.000,0.000,0.000,0.000,0.000,117320.6,2.803,1.00,5.00
56.710,12.000,12.000,0.000,2521.090,0.000,0.000,0.000,0.000,0.000,117320.6,2.803,1.00,5.00
56.720,12.000,12.000,0.000,2521.090,0.000,0.000,0.000,0.000,0.000,117320.6,2.803,1.00,5.00
56.730,12.000,12.000,0.000,2521.090,0.000,0.000,0.000,0.000,0.000,117320.6,2.803,1.00,5.00
56.740,12.000,12.000,0.000,2521.090,0.000,0.000,0.000,0.000,0.000,117320.6,2.803,1.00,5.00
56.750,12.000,12.000,0.000,2521.090,0.000,0.000,0.000,0.000,0.000,117320.6,2.803,1.00,5.00
56.760,12.000,12.000,0.000,2521.090,0.000,0.000,0.000,0.000,0.000,117320.6,2.803,1.00,5.00
56.770,12.000,12.000,0.000,2521.090,0.000,0.000,0.000,0.000,0.000,117320.6,2.803,1.00,5.00
56.780,12.000,12.000,0.000,2521.090,0.000,0.000,0.000,0.000,0.000,117320.6,2.803,1.00,5.00
56.790,12.000,12.000,0.000,2521.090,0.000,0.000,0.000,0.000,0.000,117320.6,2.803,1.00,5.00
56.800,12.000,12.000,0.000,2521.090,0.000,0.000,0.000,0.000,0.000,117320.6,2.803,1.00,5.00
56.810,12.000,12.000,0.000,2521.090,0.000,0.000,0.000,0.000,0.000,117320.6,2.803,1.00,5.00
56.820,12.000,12.000,0.000,2521.090,0.000,0.000,0.000,0.000,0.000,117320.6,2.803,1.00,5.00
56.830,12.000,12.000,0.000,2521.090,0.000,0.000,0.000,0.000,0.000,117320.6,2.803,1.00,5.00
56.840,12.000,12.000,0.000,2521.090,0.000,0.000,0.000,0.000,0.000,117320.6,2.803,1.00,5.00
56.850,12.000,12.000,0.000,2521.090,0.000,0.000,0.000,0.000,0.000,117320.6,2.803,1.00,5.00
56.860,12.000,12.000,0.000,2521.090,0.000,0.000,0.000,0.000,0.000,117320.6,2.803,1.00,5.00
56.870,12.000,12.000,0.000,2521.090,0.000,0.000,0.000,0.000,0.000,117320.6,2.803,1.00,5.00
56.880,12.000,12.000,0.000,2521.090,0.000,0.000,0.000,0.000,0.000,117320.6,2.803,1.00,5.00
56.890,12.000,12.000,0.000,2521.090,0.000,0.000,0.000,0.000,0.000,117320.6,2.803,1.00,5.00
56.900,12.000,12.000,0.000,2521.090,0.000,0.000,0.000,0.000,0.000,117320.6,2.803,1.00,5.00
56.910,12.000,12.000,0.000,2521.090,0.000,0.000,0.000,0.000,0.000,117320.6,2.803,1.00,5.00
56.920,12.000,12.000,0.000,2521.090,0.000,0.000,0.000,0.000,0.000,117320.6,2.803,1.00,5.00
56.930,12.000,12.000,0.000,2521.090,0.000,0.000,0.000,0.000,0.000,117320.6,2.803,1.00,5.00
56.940,12.000,12.000,0.000,2521.090,0.000,0.000,0.000,0.000,0.000,117320.6,2.803,1.00,5.00
56.950,12.000,12.000,0.000,2521.090,0.000,0.000,0.000,0.000,0.000,117320.6,2.803,1.00,5.00
56.960,12.000,12.000,0.000,2521.090,0.000,0.000,0.000,0.000,0.000,117320.6,2.803,1.00,5.00
56.970,12.000,12.000,0.000,2521.090,0.000,0.000,0.000,0.000,0.000,117320.6,2.803,1.00,5.00
56.980,12.000,12.000,0.000,2521.090,0.000,0.000,0.000,0.000,0.000,117320.6,2.803,1.00,5.00
56.990,12.000,12.000,0.000,2521.090,0.000,0.000,0.000,0.000,0.000,117320.6,2.803,1.00,5.00
57.000,12.000,12.000,0.000,2521.090,0.000,0.000,0.000,0.000,0.000,117320.6,2.803,1.00,5.00
57.010,12.000,12.000,0.000,2521.090,0.000,0.000,0.000,0.000,0.000,117320.6,2.803,1.00,5.00
57.020,12.000,12.000,0.000,2521.090,0.000,0.000,0.000,0.000,0.000,117320.6,2.803,1.00,5.00
57.030,12.000,12.000,0.000,2521.090,0.000,0.000,0.000,0.000,0.000,117320.6,2.803,1.00,5.00
57.040,12.000,12.000,0.000,2521.090,0.000,0.000,0.000,0.000,0.000,117320.6,2.803,1.00,5.00
57.050,12.000,12.000,0.000,2521.090,0.000,0.000,0.000,0.000,0.000,117320.6,2.803,1.00,5.00
57.060,12.000,12.000,0.000,2521.090,0.000,0.000,0.000,0.000,0.000,117320.6,2.803,1.00,5.00
57.070,12.000,12.000,0.000,2521.090,0.000,0.000,0.000,0.000,0.000,117320.6,2.803,1.00,5.00
57.080,12.000,12.000,0.000,2521.090,0.000,0.000,0.000,0.000,0.000,117320.6,2.803,1.00,5.00
57.090,12.000,12.000,0.000,2521.090,0.000,0.000,0.000,0.000,0.000,117320.6,2.803,1.00,5.00
57.100,12.000,12.000,0.000,2521.090,0.000,0.000,0.000,0.000,0.000,117320.6,2.803,1.00,5.00
57.110,12.000,12.000,0.000,2521.090,0.000,0.000,0.000,0.000,0.000,117320.6,2.803,1.00,5.00
57.120,12.000,12.000,0.000,2521.090,0.000,0.000,0.000,0.000,0.000,117320.6,2.803,1.00,5.00
57.130,12.000,12.000,0.000,2521.090,0.000,0.000,0.000,0.000,0.000,117320.6,2.803,1.00,5.00
57.140,12.000,12.000,0.000,2521.090,0.000,0.000,0.000,0.000,0.000,117320.6,2.803,1.00,5.00
57.150,12.000,12.000,0.000,2521.090,0.000,0.000,0.000,0.000,0.000,117320.6,2.803,1.00,5.00
57.160,12.000,12.000,0.000,2521.090,0.000,0.000,0.000,0.000,0.000,117320.6,2.803,1.00,5.00
57.170,12.000,12.000,0.000,2521.090,0.000,0.000,0.000,0.000,0.000,117320.6,2.803,1.00,5.00
57.180,12.000,12.000,0.000,2521.090,0.000,0.000,0.000,0.000,0.000,117320.6,2.803,1.00,5.00
57.190,12.000,12.000,0.000,2521.090,0.000,0.000,0.000,0.000,0.000,117320.6,2.803,1.00,5.00
57.200,12.000,12.000,0.000,2521.090,0.000,0.000,0.000,0.000,0.000,117320.6,2.803,1.00,5.00
57.210,12.000,12.000,0.000,2521.090,0.000,0.000,0.000,0.000,0.000,117320.6,2.803,1.00,5.00
57.220,12.000,12.000,0.000,2521.090,0.000,0.000,0.000,0.000,0.000,117320.6,2.803,1.00,5.00
57.230,12.000,12.000,0.000,2521.090,0.000,0.000,0.000,0.000,0.000,117320.6,2.803,1.00,5.00
57.240,12.000,12.000,0.000,2521.090,0.000,0.000,0.000,0.000,0.000,117320.6,2.803,1.00,5.00
57.250,12.000,12.000,0.000,2521.090,0.000,0.000,0.000,0.000,0.000,117320.6,2.803,1.00,5.00
57.260,12.000,12.000,0.000,2521.090,0.000,0.000,0.000,0.000,0.000,117320.6,2.803,1.00,5.00
57.280,12.000,12.000,0.000,2521.090,0.000,0.000,0.000,0.000,0.000,117320.6,2.803,1.00,5.00
57.290,12.000,12.000,0.000,2521.090,0.000,0.000,0.000,0.000,0.000,117320.6,2.803,1.00,5.00
57.300,12.000,12.000,0.000,2521.090,0.000,0.000,0.000,0.000,0.000,117320.6,2.803,1.00,5.00
57.310,12.000,12.000,0.000,2521.090,0.000,0.000,0.000,0.000,0.000,117320.6,2.803,1.00,5.00
57.320,12.000,12.000,0.000,2521.090,0.000,0.000,0.000,0.000,0.000,117320.6,2.803,1.00,5.00
57.330,12.000,12.000,0.000,2521.090,0.000,0.000,0.000,0.000,0.000,117320.6,2.803,1.00,5.00
57.340,12.000,12.000,0.000,2521.090,0.000,0.000,0.000,0.000,0.000,117320.6,2.803,1.00,5.00
57.350,12.000,12.000,0.000,2521.090,0.000,0.000,0.000,0.000,0.000,117320.6,2.803,1.00,5.00
57.360,12.000,12.000,0.000,2521.090,0.000,0.000,0.000,0.000,0.000,117320.6,2.803,1.00,5.00
57.370,12.000,12.000,0.000,2521.090,0.000,0.000,0.000,0.000,0.000,117320.6,2.803,1.00,5.00
57.380,12.000,12.000,0.000,2521.090,0.000,0.000,0.000,0.000,0.000,117320.6,2.803,1.00,5.00
57.390,12.000,12.000,0.000,2521.090,0.000,0.000,0.000,0.000,0.000,117320.6,2.803,1.00,5.00
57.400,12.000,12.000,0.000,2521.090,0.000,0.000,0.000,0.000,0.000,117320.6,2.803,1.00,5.00
57.410,12.000,12.000,0.000,2521.090,0.000,0.000,0.000,0.000,0.000,117320.6,2.803,1.00,5.00
57.420,12.000,12.000,0.000,2521.090,0.000,0.000,0.000,0.000,0.000,117320.6,2.803,1.00,5.00
57.430,12.000,12.000,0.000,2521.090,0.000,0.000,0.000,0.000,0.000,117320.6,2.803,1.00,5.00
57.440,12.000,12.000,0.000,2521.090,0.000,0.000,0.000,0.000,0.000,117320.6,2.803,1.00,5.00
57.450,12.000,12.000,0.000,2521.090,0.000,0.000,0.000,0.000,0.000,117320.6,2.803,1.00,5.00
57.460,12.000,12.000,0.000,2521.090,0.000,0.000,0.000,0.000,0.000,117320.6,2.803,1.00,5.00
57.470,12.000,12.000,0.000,2521.090,0.000,0.000,0.000,0.000,0.000,117320.6,2.803,1.00,5.00
57.480,12.000,12.000,0.000,2521.090,0.000,0.000,0.000,0.000,0.000,117320.6,2.803,1.00,5.00
57.490,12.000,12.000,0.000,2521.090,0.000,0.000,0.000,0.000,0.000,117320.6,2.803,1.00,5.00
57.500,12.000,12.000,0.000,2521.090,0.000,0.000,0.000,0.000,0.000,117320.6,2.803,1.00,5.00
57.510,12.000,12.000,0.000,2521.090,0.000,0.000,0.000,0.000,0.000,117320.6,2.803,1.00,5.00
57.520,12.000,12.000,0.000,2521.090,0.000,0.000,0.000,0.000,0.000,117320.6,2.803,1.00,5.00
57.530,12.000,12.000,0.000,2521.090,0.000,0.000,0.000,0.000,0.000,117320.6,2.803,1.00,5.00
57.540,12.000,12.000,0.000,2521.090,0.000,0.000,0.000,0.000,0.000,117320.6,2.803,1.00,5.00
57.550,12.000,12.010,-0.010,0.000,34.442,0.000,0.000,0.000,0.000,117316.4,2.731,1.00,5.00
57.560,12.000,12.010,-0.010,0.000,1.860,0.000,0.000,0.000,0.000,117312.2,2.659,1.00,5.00
57.570,12.000,12.000,0.000,20114.593,0.000,0.000,0.000,0.000,0.000,117312.2,2.726,1.00,5.00
57.590,12.000,12.000,0.000,2520.655,0.000,0.000,0.000,0.000,0.000,117312.2,2.793,1.00,5.00
57.600,12.000,12.000,0.000,2522.210,0.000,0.000,0.000,0.000,0.000,117329.0,2.829,1.00,5.00
57.610,12.000,12.000,0.000,2522.210,0.000,0.000,0.000,0.000,0.000,117329.0,2.829,1.00,5.00
57.620,12.000,12.000,0.000,2522.210,0.000,0.000,0.000,0.000,0.000,117329.0,2.829,1.00,5.00
57.630,12.000,12.000,0.000,2522.210,0.000,0.000,0.000,0.000,0.000,117329.0,2.829,1.00,5.00
57.640,12.000,12.000,0.000,2522.210,0.000,0.000,0.000,0.000,0.000,117329.0,2.829,1.00,5.00
57.650,12.000,12.000,0.000,2522.210,0.000,0.000,0.000,0.000,0.000,117329.0,2.829,1.00,5.00
57.660,12.000,12.000,0.000,2522.210,0.000,0.000,0.000,0.000,0.000,117329.0,2.829,1.00,5.00
57.670,12.000,12.000,0.000,2522.210,0.000,0.000,0.000,0.000,0.000,117329.0,2.829,1.00,5.00
57.680,12.000,12.000,0.000,2522.210,0.000,0.000,0.000,0.000,0.000,117329.0,2.829,1.00,5.00
57.690,12.000,12.000,0.000,2522.210,0.000,0.000,0.000,0.000,0.000,117329.0,2.829,1.00,5.00
57.700,12.000,12.000,0.000,2522.210,0.000,0.000,0.000,0.000,0.000,117329.0,2.829,1.00,5.00
57.710,12.000,12.000,0.000,2522.210,0.000,0.000,0.000,0.000,0.000,117329.0,2.829,1.00,5.00
57.720,12.000,12.000,0.000,2522.210,0.000,0.000,0.000,0.000,0.000,117329.0,2.829,1.00,5.00
57.730,12.000,12.000,0.000,2522.210,0.000,0.000,0.000,0.000,0.000,117329.0,2.829,1.00,5.00
57.740,12.000,12.010,-0.010,0.000,34.443,0.000,0.000,0.000,0.000,117324.8,2.757,1.00,5.00
57.750,12.000,12.010,-0.010,0.000,1.858,0.000,0.000,0.000,0.000,117320.6,2.685,1.00,5.00
57.760,12.000,12.000,0.000,20116.965,0.000,0.000,0.000,0.000,0.000,117320.6,2.752,1.00,5.00
57.770,12.000,12.000,0.000,2521.775,0.000,0.000,0.000,0.000,0.000,117320.6,2.819,1.00,5.00
57.780,12.000,12.000,0.000,2523.330,0.000,0.000,0.000,0.000,0.000,117337.3,2.855,1.00,5.00
57.790,12.000,12.000,0.000,2523.330,0.000,0.000,0.000,0.000,0.000,117337.3,2.855,1.00,5.00
57.800,12.000,12.000,0.000,2523.330,0.000,0.000,0.000,0.000,0.000,117337.3,2.855,1.00,5.00
57.810,12.000,12.000,0.000,2523.330,0.000,0.000,0.000,0.000,0.000,117337.3,2.855,1.00,5.00
57.820,12.000,12.000,0.000,2523.330,0.000,0.000,0.000,0.000,0.000,117337.3,2.855,1.00,5.00
57.830,12.000,12.000,0.000,2523.330,0.000,0.000,0.000,0.000,0.000,117337.3,2.855,1.00,5.00
57.840,12.000,12.000,0.000,2523.330,0.000,0.000,0.000,0.000,0.000,117337.3,2.855,1.00,5.00
57.850,12.000,12.000,0.000,2523.330,0.000,0.000,0.000,0.000,0.000,117337.3,2.855,1.00,5.00
57.860,12.000,12.000,0.000,2523.330,0.000,0.000,0.000,0.000,0.000,117337.3,2.855,1.00,5.00
57.870,12.000,12.000,0.000,2523.330,0.000,0.000,0.000,0.000,0.000,117337.3,2.855,1.00,5.00
57.880,12.000,12.000,0.000,2523.330,0.000,0.000,0.000,0.000,0.000,117337.3,2.855,1.00,5.00
57.890,12.000,12.000,0.000,2523.330,0.000,0.000,0.000,0.000,0.000,117337.3,2.855,1.00,5.00
57.900,12.000,12.000,0.000,2523.330,0.000,0.000,0.000,0.000,0.000,117337.3,2.855,1.00,5.00
57.910,12.000,12.000,0.000,2523.330,0.000,0.000,0.000,0.000,0.000,117337.3,2.855,1.00,5.00
57.920,12.000,12.000,0.000,2523.330,0.000,0.000,0.000,0.000,0.000,117337.3,2.855,1.00,5.00
57.930,12.000,12.000,0.000,2523.330,0.000,0.000,0.000,0.000,0.000,117337.3,2.855,1.00,5.00
57.940,12.000,12.000,0.000,2523.330,0.000,0.000,0.000,0.000,0.000,117337.3,2.855,1.00,5.00
57.960,12.000,12.000,0.000,2523.330,0.000,0.000,0.000,0.000,0.000,117337.3,2.855,1.00,5.00
57.970,12.000,12.000,0.000,2523.330,0.000,0.000,0.000,0.000,0.000,117337.3,2.855,1.00,5.00
57.980,12.000,12.000,0.000,2523.330,0.000,0.000,0.000,0.000,0.000,117337.3,2.855,1.00,5.00
57.990,12.000,12.000,0.000,2523.330,0.000,0.000,0.000,0.000,0.000,117337.3,2.855,1.00,5.00
58.000,12.000,12.000,0.000,2523.330,0.000,0.000,0.000,0.000,0.000,117337.3,2.855,1.00,5.00
58.010,12.000,12.000,0.000,2523.330,0.000,0.000,0.000,0.000,0.000,117337.3,2.855,1.00,5.00
58.020,12.000,12.000,0.000,2523.330,0.000,0.000,0.000,0.000,0.000,117337.3,2.855,1.00,5.00
58.030,12.000,12.000,0.000,2523.330,0.000,0.000,0.000,0.000,0.000,117337.3,2.855,1.00,5.00
58.040,12.000,12.000,0.000,2523.330,0.000,0.000,0.000,0.000,0.000,117337.3,2.855,1.00,5.00
58.050,12.000,12.000,0.000,2523.330,0.000,0.000,0.000,0.000,0.000,117337.3,2.855,1.00,5.00
58.060,12.000,12.000,0.000,2523.330,0.000,0.000,0.000,0.000,0.000,117337.3,2.855,1.00,5.00
58.070,12.000,12.000,0.000,2523.330,0.000,0.000,0.000,0.000,0.000,117337.3,2.855,1.00,5.00
58.080,12.000,12.000,0.000,2523.330,0.000,0.000,0.000,0.000,0.000,117337.3,2.855,1.00,5.00
58.090,12.000,12.000,0.000,2523.330,0.000,0.000,0.000,0.000,0.000,117337.3,2.855,1.00,5.00
58.100,12.000,12.000,0.000,2523.330,0.000,0.000,0.000,0.000,0.000,117337.3,2.855,1.00,5.00
58.110,12.000,12.000,0.000,2523.330,0.000,0.000,0.000,0.000,0.000,117337.3,2.855,1.00,5.00
58.120,12.000,12.000,0.000,2523.330,0.000,0.000,0.000,0.000,0.000,117337.3,2.855,1.00,5.00
58.130,12.000,12.000,0.000,2523.330,0.000,0.000,0.000,0.000,0.000,117337.3,2.855,1.00,5.00
58.140,12.000,12.000,0.000,2523.330,0.000,0.000,0.000,0.000,0.000,117337.3,2.855,1.00,5.00
58.150,12.000,12.000,0.000,2523.330,0.000,0.000,0.000,0.000,0.000,117337.3,2.855,1.00,5.00
58.160,12.000,12.000,0.000,2523.330,0.000,0.000,0.000,0.000,0.000,117337.3,2.855,1.00,5.00
58.170,12.000,12.000,0.000,2523.330,0.000,0.000,0.000,0.000,0.000,117337.3,2.855,1.00,5.00
58.180,12.000,12.000,0.000,2523.330,0.000,0.000,0.000,0.000,0.000,117337.3,2.855,1.00,5.00
58.190,12.000,12.000,0.000,2523.330,0.000,0.000,0.000,0.000,0.000,117337.3,2.855,1.00,5.00
58.200,12.000,12.000,0.000,2523.330,0.000,0.000,0.000,0.000,0.000,117337.3,2.855,1.00,5.00
58.210,12.000,12.000,0.000,2523.330,0.000,0.000,0.000,0.000,0.000,117337.3,2.855,1.00,5.00
58.220,12.000,12.000,0.000,2523.330,0.000,0.000,0.000,0.000,0.000,117337.3,2.855,1.00,5.00
58.230,12.000,12.000,0.000,2523.330,0.000,0.000,0.000,0.000,0.000,117337.3,2.855,1.00,5.00
58.240,12.000,12.000,0.000,2523.330,0.000,0.000,0.000,0.000,0.000,117337.3,2.855,1.00,5.00
58.250,12.000,12.000,0.000,2523.330,0.000,0.000,0.000,0.000,0.000,117337.3,2.855,1.00,5.00
58.260,12.000,12.000,0.000,2523.330,0.000,0.000,0.000,0.000,0.000,117337.3,2.855,1.00,5.00
58.270,12.000,12.000,0.000,2523.330,0.000,0.000,0.000,0.000,0.000,117337.3,2.855,1.00,5.00
58.280,12.000,12.000,0.000,2523.330,0.000,0.000,0.000,0.000,0.000,117337.3,2.855,1.00,5.00
58.290,12.000,12.000,0.000,2523.330,0.000,0.000,0.000,0.000,0.000,117337.3,2.855,1.00,5.00
58.310,12.000,12.000,0.000,2523.330,0.000,0.000,0.000,0.000,0.000,117337.3,2.855,1.00,5.00
58.320,12.000,12.000,0.000,2523.330,0.000,0.000,0.000,0.000,0.000,117337.3,2.855,1.00,5.00
58.330,12.000,12.000,0.000,2523.330,0.000,0.000,0.000,0.000,0.000,117337.3,2.855,1.00,5.00
58.340,12.000,12.000,0.000,2523.330,0.000,0.000,0.000,0.000,0.000,117337.3,2.855,1.00,5.00
58.350,12.000,12.000,0.000,2523.330,0.000,0.000,0.000,0.000,0.000,117337.3,2.855,1.00,5.00
58.360,12.000,12.000,0.000,2523.330,0.000,0.000,0.000,0.000,0.000,117337.3,2.855,1.00,5.00
58.370,12.000,12.000,0.000,2523.330,0.000,0.000,0.000,0.000,0.000,117337.3,2.855,1.00,5.00
58.380,12.000,12.000,0.000,2523.330,0.000,0.000,0.000,0.000,0.000,117337.3,2.855,1.00,5.00
58.390,12.000,12.000,0.000,2523.330,0.000,0.000,0.000,0.000,0.000,117337.3,2.855,1.00,5.00
58.400,12.000,12.000,0.000,2523.330,0.000,0.000,0.000,0.000,0.000,117337.3,2.855,1.00,5.00
58.410,12.000,12.000,0.000,2523.330,0.000,0.000,0.000,0.000,0.000,117337.3,2.855,1.00,5.00
58.420,12.000,12.000,0.000,2523.330,0.000,0.000,0.000,0.000,0.000,117337.3,2.855,1.00,5.00
58.430,12.000,12.000,0.000,2523.330,0.000,0.000,0.000,0.000,0.000,117337.3,2.855,1.00,5.00
58.440,12.000,12.000,0.000,2523.330,0.000,0.000,0.000,0.000,0.000,117337.3,2.855,1.00,5.00
58.450,12.000,12.000,0.000,2523.330,0.000,0.000,0.000,0.000,0.000,117337.3,2.855,1.00,5.00
58.460,12.000,12.000,0.000,2523.330,0.000,0.000,0.000,0.000,0.000,117337.3,2.855,1.00,5.00
58.470,12.000,12.000,0.000,2523.330,0.000,0.000,0.000,0.000,0.000,117337.3,2.855,1.00,5.00
58.480,12.000,12.000,0.000,2523.330,0.000,0.000,0.000,0.000,0.000,117337.3,2.855,1.00,5.00
58.490,12.000,12.000,0.000,2523.330,0.000,0.000,0.000,0.000,0.000,117337.3,2.855,1.00,5.00
58.500,12.000,12.000,0.000,2523.330,0.000,0.000,0.000,0.000,0.000,117337.3,2.855,1.00,5.00
58.510,12.000,12.000,0.000,2523.330,0.000,0.000,0.000,0.000,0.000,117337.3,2.855,1.00,5.00
58.520,12.000,12.000,0.000,2523.330,0.000,0.000,0.000,0.000,0.000,117337.3,2.855,1.00,5.00
58.530,12.000,12.000,0.000,2523.330,0.000,0.000,0.000,0.000,0.000,117337.3,2.855,1.00,5.00
58.540,12.000,12.000,0.000,2523.330,0.000,0.000,0.000,0.000,0.000,117337.3,2.855,1.00,5.00
58.550,12.000,12.000,0.000,2523.330,0.000,0.000,0.000,0.000,0.000,117337.3,2.855,1.00,5.00
58.560,12.000,12.000,0.000,2523.330,0.000,0.000,0.000,0.000,0.000,117337.3,2.855,1.00,5.00
58.570,12.000,12.000,0.000,2523.330,0.000,0.000,0.000,0.000,0.000,117337.3,2.855,1.00,5.00
58.580,12.000,12.000,0.000,2523.330,0.000,0.000,0.000,0.000,0.000,117337.3,2.855,1.00,5.00
58.590,12.000,12.000,0.000,2523.330,0.000,0.000,0.000,0.000,0.000,117337.3,2.855,1.00,5.00
58.600,12.000,12.000,0.000,2523.330,0.000,0.000,0.000,0.000,0.000,117337.3,2.855,1.00,5.00
58.610,12.000,12.000,0.000,2523.330,0.000,0.000,0.000,0.000,0.000,117337.3,2.855,1.00,5.00
58.620,12.000,12.000,0.000,2523.330,0.000,0.000,0.000,0.000,0.000,117337.3,2.855,1.00,5.00
58.630,12.000,12.000,0.000,2523.330,0.000,0.000,0.000,0.000,0.000,117337.3,2.855,1.00,5.00
58.640,12.000,12.000,0.000,2523.330,0.000,0.000,0.000,0.000,0.000,117337.3,2.855,1.00,5.00
58.650,12.000,12.010,-0.010,0.000,34.444,0.000,0.000,0.000,0.000,117333.1,2.783,1.00,5.00
58.660,12.000,12.010,-0.010,0.000,1.857,0.000,0.000,0.000,0.000,117328.9,2.711,1.00,5.00
58.670,12.000,12.000,0.000,20119.337,0.000,0.000,0.000,0.000,0.000,117328.9,2.778,1.00,5.00
58.680,12.000,12.000,0.000,2522.895,0.000,0.000,0.000,0.000,0.000,117328.9,2.845,1.00,5.00
58.690,12.000,12.000,0.000,2524.450,0.000,0.000,0.000,0.000,0.000,117345.7,2.881,1.00,5.00
58.700,12.000,12.000,0.000,2524.449,0.000,0.000,0.000,0.000,0.000,117345.7,2.881,1.00,5.00
58.710,12.000,12.000,0.000,2524.449,0.000,0.000,0.000,0.000,0.000,117345.7,2.881,1.00,5.00
58.720,12.000,12.000,0.000,2524.449,0.000,0.000,0.000,0.000,0.000,117345.7,2.881,1.00,5.00
58.730,12.000,12.000,0.000,2524.449,0.000,0.000,0.000,0.000,0.000,117345.7,2.881,1.00,5.00
58.740,12.000,12.000,0.000,2524.449,0.000,0.000,0.000,0.000,0.000,117345.7,2.881,1.00,5.00
58.750,12.000,12.000,0.000,2524.449,0.000,0.000,0.000,0.000,0.000,117345.7,2.881,1.00,5.00
58.760,12.000,12.000,0.000,2524.449,0.000,0.000,0.000,0.000,0.000,117345.7,2.881,1.00,5.00
58.770,12.000,12.000,0.000,2524.449,0.000,0.000,0.000,0.000,0.000,117345.7,2.881,1.00,5.00
58.780,12.000,12.000,0.000,2524.449,0.000,0.000,0.000,0.000,0.000,117345.7,2.881,1.00,5.00
58.790,12.000,12.000,0.000,2524.449,0.000,0.000,0.000,0.000,0.000,117345.7,2.881,1.00,5.00
58.800,12.000,12.000,0.000,2524.449,0.000,0.000,0.000,0.000,0.000,117345.7,2.881,1.00,5.00
58.810,12.000,12.000,0.000,2524.449,0.000,0.000,0.000,0.000,0.000,117345.7,2.881,1.00,5.00
58.820,12.000,12.000,0.000,2524.449,0.000,0.000,0.000,0.000,0.000,117345.7,2.881,1.00,5.00
58.830,12.000,12.000,0.000,2524.449,0.000,0.000,0.000,0.000,0.000,117345.7,2.881,1.00,5.00
58.840,12.000,12.000,0.000,2524.449,0.000,0.000,0.000,0.000,0.000,117345.7,2.881,1.00,5.00
58.850,12.000,12.000,0.000,2524.449,0.000,0.000,0.000,0.000,0.000,117345.7,2.881,1.00,5.00
58.860,12.000,12.000,0.000,2524.449,0.000,0.000,0.000,0.000,0.000,117345.7,2.881,1.00,5.00
58.870,12.000,12.000,0.000,2524.449,0.000,0.000,0.000,0.000,0.000,117345.7,2.881,1.00,5.00
58.880,12.000,12.000,0.000,2524.449,0.000,0.000,0.000,0.000,0.000,117345.7,2.881,1.00,5.00
58.890,12.000,12.000,0.000,2524.449,0.000,0.000,0.000,0.000,0.000,117345.7,2.881,1.00,5.00
58.900,12.000,12.000,0.000,2524.449,0.000,0.000,0.000,0.000,0.000,117345.7,2.881,1.00,5.00
58.910,12.000,12.000,0.000,2524.449,0.000,0.000,0.000,0.000,0.000,117345.7,2.881,1.00,5.00
58.920,12.000,12.000,0.000,2524.449,0.000,0.000,0.000,0.000,0.000,117345.7,2.881,1.00,5.00
58.930,12.000,12.000,0.000,2524.449,0.000,0.000,0.000,0.000,0.000,117345.7,2.881,1.00,5.00
58.940,12.000,12.000,0.000,2524.449,0.000,0.000,0.000,0.000,0.000,117345.7,2.881,1.00,5.00
58.950,12.000,12.000,0.000,2524.449,0.000,0.000,0.000,0.000,0.000,117345.7,2.881,1.00,5.00
58.960,12.000,12.000,0.000,2524.449,0.000,0.000,0.000,0.000,0.000,117345.7,2.881,1.00,5.00
58.970,12.000,12.000,0.000,2524.449,0.000,0.000,0.000,0.000,0.000,117345.7,2.881,1.00,5.00
58.980,12.000,12.000,0.000,2524.449,0.000,0.000,0.000,0.000,0.000,117345.7,2.881,1.00,5.00
58.990,12.000,12.000,0.000,2524.449,0.000,0.000,0.000,0.000,0.000,117345.7,2.881,1.00,5.00
59.000,12.000,12.000,0.000,2524.449,0.000,0.000,0.000,0.000,0.000,117345.7,2.881,1.00,5.00
59.010,12.000,12.000,0.000,2524.449,0.000,0.000,0.000,0.000,0.000,117345.7,2.881,1.00,5.00
59.020,12.000,12.000,0.000,2524.449,0.000,0.000,0.000,0.000,0.000,117345.7,2.881,1.00,5.00
59.030,12.000,12.000,0.000,2524.449,0.000,0.000,0.000,0.000,0.000,117345.7,2.881,1.00,5.00
59.040,12.000,12.000,0.000,2524.449,0.000,0.000,0.000,0.000,0.000,117345.7,2.881,1.00,5.00
59.050,12.000,12.000,0.000,2524.449,0.000,0.000,0.000,0.000,0.000,117345.7,2.881,1.00,5.00
59.060,12.000,12.000,0.000,2524.449,0.000,0.000,0.000,0.000,0.000,117345.7,2.881,1.00,5.00
59.070,12.000,12.000,0.000,2524.449,0.000,0.000,0.000,0.000,0.000,117345.7,2.881,1.00,5.00
59.080,12.000,12.000,0.000,2524.449,0.000,0.000,0.000,0.000,0.000,117345.7,2.881,1.00,5.00
59.090,12.000,12.000,0.000,2524.449,0.000,0.000,0.000,0.000,0.000,117345.7,2.881,1.00,5.00
59.100,12.000,12.000,0.000,2524.449,0.000,0.000,0.000,0.000,0.000,117345.7,2.881,1.00,5.00
59.110,12.000,12.000,0.000,2524.449,0.000,0.000,0.000,0.000,0.000,117345.7,2.881,1.00,5.00
59.120,12.000,12.000,0.000,2524.449,0.000,0.000,0.000,0.000,0.000,117345.7,2.881,1.00,5.00
59.130,12.000,12.000,0.000,2524.449,0.000,0.000,0.000,0.000,0.000,117345.7,2.881,1.00,5.00
59.140,12.000,12.000,0.000,2524.449,0.000,0.000,0.000,0.000,0.000,117345.7,2.881,1.00,5.00
59.150,12.000,12.000,0.000,2524.449,0.000,0.000,0.000,0.000,0.000,117345.7,2.881,1.00,5.00
59.160,12.000,12.000,0.000,2524.449,0.000,0.000,0.000,0.000,0.000,117345.7,2.881,1.00,5.00
59.170,12.000,12.000,0.000,2524.449,0.000,0.000,0.000,0.000,0.000,117345.7,2.881,1.00,5.00
59.180,12.000,12.000,0.000,2524.449,0.000,0.000,0.000,0.000,0.000,117345.7,2.881,1.00,5.00
59.190,12.000,12.000,0.000,2524.449,0.000,0.000,0.000,0.000,0.000,117345.7,2.881,1.00,5.00
59.200,12.000,12.000,0.000,2524.449,0.000,0.000,0.000,0.000,0.000,117345.7,2.881,1.00,5.00
59.210,12.000,12.000,0.000,2524.449,0.000,0.000,0.000,0.000,0.000,117345.7,2.881,1.00,5.00
59.220,12.000,12.000,0.000,2524.449,0.000,0.000,0.000,0.000,0.000,117345.7,2.881,1.00,5.00
59.230,12.000,12.000,0.000,2524.449,0.000,0.000,0.000,0.000,0.000,117345.7,2.881,1.00,5.00
59.240,12.000,12.000,0.000,2524.449,0.000,0.000,0.000,0.000,0.000,117345.7,2.881,1.00,5.00
59.250,12.000,12.000,0.000,2524.449,0.000,0.000,0.000,0.000,0.000,117345.7,2.881,1.00,5.00
59.260,12.000,12.000,0.000,2524.449,0.000,0.000,0.000,0.000,0.000,117345.7,2.881,1.00,5.00
59.270,12.000,12.000,0.000,2524.449,0.000,0.000,0.000,0.000,0.000,117345.7,2.881,1.00,5.00
59.280,12.000,12.000,0.000,2524.449,0.000,0.000,0.000,0.000,0.000,117345.7,2.881,1.00,5.00
59.290,12.000,12.000,0.000,2524.449,0.000,0.000,0.000,0.000,0.000,117345.7,2.881,1.00,5.00
59.300,12.000,12.000,0.000,2524.449,0.000,0.000,0.000,0.000,0.000,117345.7,2.881,1.00,5.00
59.320,12.000,12.000,0.000,2524.449,0.000,0.000,0.000,0.000,0.000,117345.7,2.881,1.00,5.00
59.330,12.000,12.000,0.000,2524.449,0.000,0.000,0.000,0.000,0.000,117345.7,2.881,1.00,5.00
59.340,12.000,12.000,0.000,2524.449,0.000,0.000,0.000,0.000,0.000,117345.7,2.881,1.00,5.00
59.350,12.000,12.000,0.000,2524.449,0.000,0.000,0.000,0.000,0.000,117345.7,2.881,1.00,5.00
59.360,12.000,12.000,0.000,2524.449,0.000,0.000,0.000,0.000,0.000,117345.7,2.881,1.00,5.00
59.370,12.000,12.000,0.000,2524.449,0.000,0.000,0.000,0.000,0.000,117345.7,2.881,1.00,5.00
59.380,12.000,12.000,0.000,2524.449,0.000,0.000,0.000,0.000,0.000,117345.7,2.881,1.00,5.00
59.390,12.000,12.000,0.000,2524.449,0.000,0.000,0.000,0.000,0.000,117345.7,2.881,1.00,5.00
59.400,12.000,12.000,0.000,2524.449,0.000,0.000,0.000,0.000,0.000,117345.7,2.881,1.00,5.00
59.410,12.000,12.000,0.000,2524.449,0.000,0.000,0.000,0.000,0.000,117345.7,2.881,1.00,5.00
59.420,12.000,12.000,0.000,2524.449,0.000,0.000,0.000,0.000,0.000,117345.7,2.881,1.00,5.00
59.430,12.000,12.000,0.000,2524.449,0.000,0.000,0.000,0.000,0.000,117345.7,2.881,1.00,5.00
59.440,12.000,12.000,0.000,2524.449,0.000,0.000,0.000,0.000,0.000,117345.7,2.881,1.00,5.00
59.450,12.000,12.000,0.000,2524.449,0.000,0.000,0.000,0.000,0.000,117345.7,2.881,1.00,5.00
59.460,12.000,12.000,0.000,2524.449,0.000,0.000,0.000,0.000,0.000,117345.7,2.881,1.00,5.00
59.470,12.000,12.000,0.000,2524.449,0.000,0.000,0.000,0.000,0.000,117345.7,2.881,1.00,5.00
59.480,12.000,12.000,0.000,2524.449,0.000,0.000,0.000,0.000,0.000,117345.7,2.881,1.00,5.00
59.490,12.000,12.000,0.000,2524.449,0.000,0.000,0.000,0.000,0.000,117345.7,2.881,1.00,5.00
59.500,12.000,12.000,0.000,2524.449,0.000,0.000,0.000,0.000,0.000,117345.7,2.881,1.00,5.00
59.510,12.000,12.000,0.000,2524.449,0.000,0.000,0.000,0.000,0.000,117345.7,2.881,1.00,5.00
59.520,12.000,12.000,0.000,2524.449,0.000,0.000,0.000,0.000,0.000,117345.7,2.881,1.00,5.00
59.530,12.000,12.000,0.000,2524.449,0.000,0.000,0.000,0.000,0.000,117345.7,2.881,1.00,5.00
59.540,12.000,12.000,0.000,2524.449,0.000,0.000,0.000,0.000,0.000,117345.7,2.881,1.00,5.00
59.550,12.000,12.000,0.000,2524.449,0.000,0.000,0.000,0.000,0.000,117345.7,2.881,1.00,5.00
59.560,12.000,12.010,-0.010,0.000,34.444,0.000,0.000,0.000,0.000,117341.5,2.809,1.00,5.00
59.570,12.000,12.010,-0.010,0.000,1.855,0.000,0.000,0.000,0.000,117337.3,2.737,1.00,5.00
59.580,12.000,12.000,0.000,20121.709,0.000,0.000,0.000,0.000,0.000,117337.3,2.804,1.00,5.00
59.590,12.000,12.000,0.000,2524.014,0.000,0.000,0.000,0.000,0.000,117337.3,2.871,1.00,5.00
59.600,12.000,12.000,0.000,2525.569,0.000,0.000,0.000,0.000,0.000,117354.0,2.907,1.00,5.00
59.610,12.000,12.000,0.000,2525.569,0.000,0.000,0.000,0.000,0.000,117354.0,2.907,1.00,5.00
59.620,12.000,12.000,0.000,2525.569,0.000,0.000,0.000,0.000,0.000,117354.0,2.907,1.00,5.00
59.630,12.000,12.000,0.000,2525.569,0.000,0.000,0.000,0.000,0.000,117354.0,2.907,1.00,5.00
59.640,12.000,12.000,0.000,2525.569,0.000,0.000,0.000,0.000,0.000,117354.0,2.907,1.00,5.00
59.650,12.000,12.000,0.000,2525.569,0.000,0.000,0.000,0.000,0.000,117354.0,2.907,1.00,5.00
59.660,12.000,12.000,0.000,2525.569,0.000,0.000,0.000,0.000,0.000,117354.0,2.907,1.00,5.00
59.670,12.000,12.000,0.000,2525.569,0.000,0.000,0.000,0.000,0.000,117354.0,2.907,1.00,5.00
59.680,12.000,12.000,0.000,2525.569,0.000,0.000,0.000,0.000,0.000,117354.0,2.907,1.00,5.00
59.690,12.000,12.000,0.000,2525.569,0.000,0.000,0.000,0.000,0.000,117354.0,2.907,1.00,5.00
59.700,12.000,12.000,0.000,2525.569,0.000,0.000,0.000,0.000,0.000,117354.0,2.907,1.00,5.00
59.710,12.000,12.000,0.000,2525.569,0.000,0.000,0.000,0.000,0.000,117354.0,2.907,1.00,5.00
59.720,12.000,12.000,0.000,2525.569,0.000,0.000,0.000,0.000,0.000,117354.0,2.907,1.00,5.00
59.730,12.000,12.000,0.000,2525.569,0.000,0.000,0.000,0.000,0.000,117354.0,2.907,1.00,5.00
59.740,12.000,12.000,0.000,2525.569,0.000,0.000,0.000,0.000,0.000,117354.0,2.907,1.00,5.00
59.750,12.000,12.000,0.000,2525.569,0.000,0.000,0.000,0.000,0.000,117354.0,2.907,1.00,5.00
59.760,12.000,12.000,0.000,2525.569,0.000,0.000,0.000,0.000,0.000,117354.0,2.907,1.00,5.00
59.770,12.000,12.000,0.000,2525.569,0.000,0.000,0.000,0.000,0.000,117354.0,2.907,1.00,5.00
59.780,12.000,12.000,0.000,2525.569,0.000,0.000,0.000,0.000,0.000,117354.0,2.907,1.00,5.00
59.790,12.000,12.000,0.000,2525.569,0.000,0.000,0.000,0.000,0.000,117354.0,2.907,1.00,5.00
59.800,12.000,12.000,0.000,2525.569,0.000,0.000,0.000,0.000,0.000,117354.0,2.907,1.00,5.00
59.810,12.000,12.000,0.000,2525.569,0.000,0.000,0.000,0.000,0.000,117354.0,2.907,1.00,5.00
59.820,12.000,12.000,0.000,2525.569,0.000,0.000,0.000,0.000,0.000,117354.0,2.907,1.00,5.00
59.830,12.000,12.000,0.000,2525.569,0.000,0.000,0.000,0.000,0.000,117354.0,2.907,1.00,5.00
59.840,12.000,12.000,0.000,2525.569,0.000,0.000,0.000,0.000,0.000,117354.0,2.907,1.00,5.00
59.850,12.000,12.000,0.000,2525.569,0.000,0.000,0.000,0.000,0.000,117354.0,2.907,1.00,5.00
59.860,12.000,12.000,0.000,2525.569,0.000,0.000,0.000,0.000,0.000,117354.0,2.907,1.00,5.00
59.870,12.000,12.000,0.000,2525.569,0.000,0.000,0.000,0.000,0.000,117354.0,2.907,1.00,5.00
59.880,12.000,12.000,0.000,2525.569,0.000,0.000,0.000,0.000,0.000,117354.0,2.907,1.00,5.00
59.890,12.000,12.000,0.000,2525.569,0.000,0.000,0.000,0.000,0.000,117354.0,2.907,1.00,5.00
59.900,12.000,12.000,0.000,2525.569,0.000,0.000,0.000,0.000,0.000,117354.0,2.907,1.00,5.00
59.910,12.000,12.000,0.000,2525.569,0.000,0.000,0.000,0.000,0.000,117354.0,2.907,1.00,5.00
59.920,12.000,12.000,0.000,2525.569,0.000,0.000,0.000,0.000,0.000,117354.0,2.907,1.00,5.00
59.930,12.000,12.000,0.000,2525.569,0.000,0.000,0.000,0.000,0.000,117354.0,2.907,1.00,5.00
59.940,12.000,12.000,0.000,2525.569,0.000,0.000,0.000,0.000,0.000,117354.0,2.907,1.00,5.00
59.950,12.000,12.000,0.000,2525.569,0.000,0.000,0.000,0.000,0.000,117354.0,2.907,1.00,5.00
59.960,12.000,12.000,0.000,2525.569,0.000,0.000,0.000,0.000,0.000,117354.0,2.907,1.00,5.00
59.970,12.000,12.000,0.000,2525.569,0.000,0.000,0.000,0.000,0.000,117354.0,2.907,1.00,5.00
59.980,12.000,12.000,0.000,2525.569,0.000,0.000,0.000,0.000,0.000,117354.0,2.907,1.00,5.00
59.990,12.000,12.000,0.000,2525.569,0.000,0.000,0.000,0.000,0.000,117354.0,2.907,1.00,5.00
60.000,12.000,12.000,0.000,2525.569,0.000,0.000,0.000,0.000,0.000,117354.0,2.907,1.00,5.00
60.010,12.000,12.000,0.000,2525.569,0.000,0.000,0.000,0.000,0.000,117354.0,2.907,1.00,5.00
60.020,12.000,12.000,0.000,2525.569,0.000,0.000,0.000,0.000,0.000,117354.0,2.907,1.00,5.00
60.030,12.000,12.000,0.000,2525.569,0.000,0.000,0.000,0.000,0.000,117354.0,2.907,1.00,5.00
60.040,12.000,12.000,0.000,2525.569,0.000,0.000,0.000,0.000,0.000,117354.0,2.907,1.00,5.00
60.050,12.000,12.000,0.000,2525.569,0.000,0.000,0.000,0.000,0.000,117354.0,2.907,1.00,5.00
60.060,12.000,12.000,0.000,2525.569,0.000,0.000,0.000,0.000,0.000,117354.0,2.907,1.00,5.00
60.070,12.000,12.000,0.000,2525.569,0.000,0.000,0.000,0.000,0.000,117354.0,2.907,1.00,5.00
60.080,12.000,12.000,0.000,2525.569,0.000,0.000,0.000,0.000,0.000,117354.0,2.907,1.00,5.00
60.090,12.000,12.000,0.000,2525.569,0.000,0.000,0.000,0.000,0.000,117354.0,2.907,1.00,5.00
60.100,12.000,12.000,0.000,2525.569,0.000,0.000,0.000,0.000,0.000,117354.0,2.907,1.00,5.00
60.110,12.000,12.000,0.000,2525.569,0.000,0.000,0.000,0.000,0.000,117354.0,2.907,1.00,5.00
60.120,12.000,12.000,0.000,2525.569,0.000,0.000,0.000,0.000,0.000,117354.0,2.907,1.00,5.00
60.130,12.000,12.000,0.000,2525.569,0.000,0.000,0.000,0.000,0.000,117354.0,2.907,1.00,5.00
60.140,12.000,12.000,0.000,2525.569,0.000,0.000,0.000,0.000,0.000,117354.0,2.907,1.00,5.00
60.150,12.000,12.000,0.000,2525.569,0.000,0.000,0.000,0.000,0.000,117354.0,2.907,1.00,5.00
60.160,12.000,12.000,0.000,2525.569,0.000,0.000,0.000,0.000,0.000,117354.0,2.907,1.00,5.00
60.170,12.000,12.000,0.000,2525.569,0.000,0.000,0.000,0.000,0.000,117354.0,2.907,1.00,5.00
60.180,12.000,12.000,0.000,2525.569,0.000,0.000,0.000,0.000,0.000,117354.0,2.907,1.00,5.00
60.190,12.000,12.000,0.000,2525.569,0.000,0.000,0.000,0.000,0.000,117354.0,2.907,1.00,5.00
60.200,12.000,12.000,0.000,2525.569,0.000,0.000,0.000,0.000,0.000,117354.0,2.907,1.00,5.00
60.210,12.000,12.000,0.000,2525.569,0.000,0.000,0.000,0.000,0.000,117354.0,2.907,1.00,5.00
60.220,12.000,12.000,0.000,2525.569,0.000,0.000,0.000,0.000,0.000,117354.0,2.907,1.00,5.00
60.230,12.000,12.000,0.000,2525.569,0.000,0.000,0.000,0.000,0.000,117354.0,2.907,1.00,5.00
60.240,12.000,12.000,0.000,2525.569,0.000,0.000,0.000,0.000,0.000,117354.0,2.907,1.00,5.00
60.250,12.000,12.000,0.000,2525.569,0.000,0.000,0.000,0.000,0.000,117354.0,2.907,1.00,5.00
60.260,12.000,12.000,0.000,2525.569,0.000,0.000,0.000,0.000,0.000,117354.0,2.907,1.00,5.00
60.270,12.000,12.000,0.000,2525.569,0.000,0.000,0.000,0.000,0.000,117354.0,2.907,1.00,5.00
60.280,12.000,12.000,0.000,2525.569,0.000,0.000,0.000,0.000,0.000,117354.0,2.907,1.00,5.00
60.290,12.000,12.000,0.000,2525.569,0.000,0.000,0.000,0.000,0.000,117354.0,2.907,1.00,5.00
60.300,12.000,12.000,0.000,2525.569,0.000,0.000,0.000,0.000,0.000,117354.0,2.907,1.00,5.00
60.310,12.000,12.000,0.000,2525.569,0.000,0.000,0.000,0.000,0.000,117354.0,2.907,1.00,5.00
60.330,12.000,12.000,0.000,2525.569,0.000,0.000,0.000,0.000,0.000,117354.0,2.907,1.00,5.00
60.340,12.000,12.000,0.000,2525.569,0.000,0.000,0.000,0.000,0.000,117354.0,2.907,1.00,5.00
60.350,12.000,12.000,0.000,2525.569,0.000,0.000,0.000,0.000,0.000,117354.0,2.907,1.00,5.00
60.360,12.000,12.000,0.000,2525.569,0.000,0.000,0.000,0.000,0.000,117354.0,2.907,1.00,5.00
60.370,12.000,12.000,0.000,2525.569,0.000,0.000,0.000,0.000,0.000,117354.0,2.907,1.00,5.00
60.380,12.000,12.000,0.000,2525.569,0.000,0.000,0.000,0.000,0.000,117354.0,2.907,1.00,5.00
60.390,12.000,12.000,0.000,2525.569,0.000,0.000,0.000,0.000,0.000,117354.0,2.907,1.00,5.00
60.400,12.000,12.000,0.000,2525.569,0.000,0.000,0.000,0.000,0.000,117354.0,2.907,1.00,5.00
60.410,12.000,12.000,0.000,2525.569,0.000,0.000,0.000,0.000,0.000,117354.0,2.907,1.00,5.00
60.420,12.000,12.000,0.000,2525.569,0.000,0.000,0.000,0.000,0.000,117354.0,2.907,1.00,5.00
60.430,12.000,12.000,0.000,2525.569,0.000,0.000,0.000,0.000,0.000,117354.0,2.907,1.00,5.00
60.440,12.000,12.000,0.000,2525.569,0.000,0.000,0.000,0.000,0.000,117354.0,2.907,1.00,5.00
60.450,12.000,12.000,0.000,2525.569,0.000,0.000,0.000,0.000,0.000,117354.0,2.907,1.00,5.00
60.460,12.000,12.010,-0.010,0.000,34.445,0.000,0.000,0.000,0.000,117349.8,2.835,1.00,5.00
60.470,12.000,12.000,0.000,20124.930,0.000,0.000,0.000,0.000,0.000,117349.8,2.835,1.00,5.00
60.480,12.000,12.000,0.000,2525.351,0.000,0.000,0.000,0.000,0.000,117349.8,2.902,1.00,5.00
60.490,12.000,12.000,0.000,2526.906,0.000,0.000,0.000,0.000,0.000,117366.6,2.938,1.00,5.00
60.500,12.000,12.000,0.000,2526.906,0.000,0.000,0.000,0.000,0.000,117366.6,2.938,1.00,5.00
60.510,12.000,12.000,0.000,2526.906,0.000,0.000,0.000,0.000,0.000,117366.6,2.938,1.00,5.00
60.520,12.000,12.000,0.000,2526.906,0.000,0.000,0.000,0.000,0.000,117366.6,2.938,1.00,5.00
60.530,12.000,12.010,-0.010,0.000,34.447,0.000,0.000,0.000,0.000,117362.4,2.866,1.00,5.00
60.540,12.000,12.010,-0.010,0.000,1.852,0.000,0.000,0.000,0.000,117358.2,2.794,1.00,5.00
60.550,12.000,12.000,0.000,20127.301,0.000,0.000,0.000,0.000,0.000,117358.2,2.861,1.00,5.00
60.560,12.000,12.000,0.000,2526.470,0.000,0.000,0.000,0.000,0.000,117358.2,2.928,1.00,5.00
60.580,12.000,12.000,0.000,2528.025,0.000,0.000,0.000,0.000,0.000,117374.9,2.964,1.00,5.00
60.590,12.000,12.000,0.000,2528.025,0.000,0.000,0.000,0.000,0.000,117374.9,2.964,1.00,5.00
60.600,12.000,12.000,0.000,2528.025,0.000,0.000,0.000,0.000,0.000,117374.9,2.964,1.00,5.00
60.610,12.000,12.000,0.000,2528.025,0.000,0.000,0.000,0.000,0.000,117374.9,2.964,1.00,5.00
60.620,12.000,12.000,0.000,2528.025,0.000,0.000,0.000,0.000,0.000,117374.9,2.964,1.00,5.00
60.630,12.000,12.000,0.000,2528.025,0.000,0.000,0.000,0.000,0.000,117374.9,2.964,1.00,5.00
60.640,12.000,12.000,0.000,2528.025,0.000,0.000,0.000,0.000,0.000,117374.9,2.964,1.00,5.00
60.650,12.000,12.000,0.000,2528.025,0.000,0.000,0.000,0.000,0.000,117374.9,2.964,1.00,5.00
60.660,12.000,12.000,0.000,2528.025,0.000,0.000,0.000,0.000,0.000,117374.9,2.964,1.00,5.00
60.670,12.000,12.000,0.000,2528.025,0.000,0.000,0.000,0.000,0.000,117374.9,2.964,1.00,5.00
60.680,12.000,12.000,0.000,2528.025,0.000,0.000,0.000,0.000,0.000,117374.9,2.964,1.00,5.00
60.690,12.000,12.000,0.000,2528.025,0.000,0.000,0.000,0.000,0.000,117374.9,2.964,1.00,5.00
60.700,12.000,12.000,0.000,2528.025,0.000,0.000,0.000,0.000,0.000,117374.9,2.964,1.00,5.00
60.710,12.000,12.000,0.000,2528.025,0.000,0.000,0.000,0.000,0.000,117374.9,2.964,1.00,5.00
60.720,12.000,12.010,-0.010,0.000,34.447,0.000,0.000,0.000,0.000,117370.7,2.892,1.00,5.00
60.730,12.000,12.010,-0.010,0.000,1.850,0.000,0.000,0.000,0.000,117366.5,2.820,1.00,5.00
60.740,12.000,12.000,0.000,20129.671,0.000,0.000,0.000,0.000,0.000,117366.5,2.886,1.00,5.00
60.750,12.000,12.000,0.000,2527.589,0.000,0.000,0.000,0.000,0.000,117366.5,2.953,1.00,5.00
60.760,12.000,12.000,0.000,2529.144,0.000,0.000,0.000,0.000,0.000,117383.3,2.989,1.00,5.00
60.770,12.000,12.000,0.000,2529.144,0.000,0.000,0.000,0.000,0.000,117383.3,2.989,1.00,5.00
60.780,12.000,12.000,0.000,2529.144,0.000,0.000,0.000,0.000,0.000,117383.3,2.989,1.00,5.00
60.790,12.000,12.000,0.000,2529.144,0.000,0.000,0.000,0.000,0.000,117383.3,2.989,1.00,5.00
60.800,12.000,12.000,0.000,2529.144,0.000,0.000,0.000,0.000,0.000,117383.3,2.989,1.00,5.00
60.810,12.000,12.000,0.000,2529.144,0.000,0.000,0.000,0.000,0.000,117383.3,2.989,1.00,5.00
60.820,12.000,12.000,0.000,2529.144,0.000,0.000,0.000,0.000,0.000,117383.3,2.989,1.00,5.00
60.830,12.000,12.000,0.000,2529.144,0.000,0.000,0.000,0.000,0.000,117383.3,2.989,1.00,5.00
60.840,12.000,12.000,0.000,2529.144,0.000,0.000,0.000,0.000,0.000,117383.3,2.989,1.00,5.00
60.850,12.000,12.000,0.000,2529.144,0.000,0.000,0.000,0.000,0.000,117383.3,2.989,1.00,5.00
60.860,12.000,12.000,0.000,2529.144,0.000,0.000,0.000,0.000,0.000,117383.3,2.989,1.00,5.00
60.870,12.000,12.000,0.000,2529.144,0.000,0.000,0.000,0.000,0.000,117383.3,2.989,1.00,5.00
60.880,12.000,12.000,0.000,2529.144,0.000,0.000,0.000,0.000,0.000,117383.3,2.989,1.00,5.00
60.890,12.000,12.000,0.000,2529.144,0.000,0.000,0.000,0.000,0.000,117383.3,2.989,1.00,5.00
60.900,12.000,12.000,0.000,2529.144,0.000,0.000,0.000,0.000,0.000,117383.3,2.989,1.00,5.00
60.910,12.000,12.000,0.000,2529.144,0.000,0.000,0.000,0.000,0.000,117383.3,2.989,1.00,5.00
60.920,12.000,12.000,0.000,2529.144,0.000,0.000,0.000,0.000,0.000,117383.3,2.989,1.00,5.00
60.930,12.000,12.000,0.000,2529.144,0.000,0.000,0.000,0.000,0.000,117383.3,2.989,1.00,5.00
60.940,12.000,12.000,0.000,2529.144,0.000,0.000,0.000,0.000,0.000,117383.3,2.989,1.00,5.00
60.950,12.000,12.000,0.000,2529.144,0.000,0.000,0.000,0.000,0.000,117383.3,2.989,1.00,5.00
60.960,12.000,12.000,0.000,2529.144,0.000,0.000,0.000,0.000,0.000,117383.3,2.989,1.00,5.00
60.970,12.000,12.000,0.000,2529.144,0.000,0.000,0.000,0.000,0.000,117383.3,2.989,1.00,5.00
60.980,12.000,12.000,0.000,2529.144,0.000,0.000,0.000,0.000,0.000,117383.3,2.989,1.00,5.00
60.990,12.000,12.000,0.000,2529.144,0.000,0.000,0.000,0.000,0.000,117383.3,2.989,1.00,5.00
61.000,12.000,12.000,0.000,2529.144,0.000,0.000,0.000,0.000,0.000,117383.3,2.989,1.00,5.00
61.010,12.000,12.000,0.000,2529.144,0.000,0.000,0.000,0.000,0.000,117383.3,2.989,1.00,5.00
61.020,12.000,12.000,0.000,2529.144,0.000,0.000,0.000,0.000,0.000,117383.3,2.989,1.00,5.00
61.030,12.000,12.000,0.000,2529.144,0.000,0.000,0.000,0.000,0.000,117383.3,2.989,1.00,5.00
61.040,12.000,12.000,0.000,2529.144,0.000,0.000,0.000,0.000,0.000,117383.3,2.989,1.00,5.00
61.050,12.000,12.000,0.000,2529.144,0.000,0.000,0.000,0.000,0.000,117383.3,2.989,1.00,5.00
61.060,12.000,12.000,0.000,2529.144,0.000,0.000,0.000,0.000,0.000,117383.3,2.989,1.00,5.00
61.070,12.000,12.000,0.000,2529.144,0.000,0.000,0.000,0.000,0.000,117383.3,2.989,1.00,5.00
61.080,12.000,12.000,0.000,2529.144,0.000,0.000,0.000,0.000,0.000,117383.3,2.989,1.00,5.00
61.090,12.000,12.000,0.000,2529.144,0.000,0.000,0.000,0.000,0.000,117383.3,2.989,1.00,5.00
61.100,12.000,12.000,0.000,2529.144,0.000,0.000,0.000,0.000,0.000,117383.3,2.989,1.00,5.00
61.110,12.000,12.000,0.000,2529.144,0.000,0.000,0.000,0.000,0.000,117383.3,2.989,1.00,5.00
61.120,12.000,12.000,0.000,2529.144,0.000,0.000,0.000,0.000,0.000,117383.3,2.989,1.00,5.00
61.130,12.000,12.000,0.000,2529.144,0.000,0.000,0.000,0.000,0.000,117383.3,2.989,1.00,5.00
61.140,12.000,12.000,0.000,2529.144,0.000,0.000,0.000,0.000,0.000,117383.3,2.989,1.00,5.00
61.150,12.000,12.000,0.000,2529.144,0.000,0.000,0.000,0.000,0.000,117383.3,2.989,1.00,5.00
61.160,12.000,12.000,0.000,2529.144,0.000,0.000,0.000,0.000,0.000,117383.3,2.989,1.00,5.00
61.170,12.000,12.000,0.000,2529.144,0.000,0.000,0.000,0.000,0.000,117383.3,2.989,1.00,5.00
61.180,12.000,12.000,0.000,2529.144,0.000,0.000,0.000,0.000,0.000,117383.3,2.989,1.00,5.00
61.190,12.000,12.000,0.000,2529.144,0.000,0.000,0.000,0.000,0.000,117383.3,2.989,1.00,5.00
61.200,12.000,12.000,0.000,2529.144,0.000,0.000,0.000,0.000,0.000,117383.3,2.989,1.00,5.00
61.210,12.000,12.000,0.000,2529.144,0.000,0.000,0.000,0.000,0.000,117383.3,2.989,1.00,5.00
61.220,12.000,12.000,0.000,2529.144,0.000,0.000,0.000,0.000,0.000,117383.3,2.989,1.00,5.00
61.230,12.000,12.000,0.000,2529.144,0.000,0.000,0.000,0.000,0.000,117383.3,2.989,1.00,5.00
61.240,12.000,12.000,0.000,2529.144,0.000,0.000,0.000,0.000,0.000,117383.3,2.989,1.00,5.00
61.250,12.000,12.000,0.000,2529.144,0.000,0.000,0.000,0.000,0.000,117383.3,2.989,1.00,5.00
61.260,12.000,12.000,0.000,2529.144,0.000,0.000,0.000,0.000,0.000,117383.3,2.989,1.00,5.00
61.270,12.000,12.000,0.000,2529.144,0.000,0.000,0.000,0.000,0.000,117383.3,2.989,1.00,5.00
61.280,12.000,12.000,0.000,2529.144,0.000,0.000,0.000,0.000,0.000,117383.3,2.989,1.00,5.00
61.290,12.000,12.000,0.000,2529.144,0.000,0.000,0.000,0.000,0.000,117383.3,2.989,1.00,5.00
61.300,12.000,12.000,0.000,2529.144,0.000,0.000,0.000,0.000,0.000,117383.3,2.989,1.00,5.00
61.310,12.000,12.000,0.000,2529.144,0.000,0.000,0.000,0.000,0.000,117383.3,2.989,1.00,5.00
61.320,12.000,12.000,0.000,2529.144,0.000,0.000,0.000,0.000,0.000,117383.3,2.989,1.00,5.00
61.330,12.000,12.000,0.000,2529.144,0.000,0.000,0.000,0.000,0.000,117383.3,2.989,1.00,5.00
61.350,12.000,12.000,0.000,2529.144,0.000,0.000,0.000,0.000,0.000,117383.3,2.989,1.00,5.00
61.360,12.000,12.000,0.000,2529.144,0.000,0.000,0.000,0.000,0.000,117383.3,2.989,1.00,5.00
61.370,12.000,12.000,0.000,2529.144,0.000,0.000,0.000,0.000,0.000,117383.3,2.989,1.00,5.00
61.380,12.000,12.000,0.000,2529.144,0.000,0.000,0.000,0.000,0.000,117383.3,2.989,1.00,5.00
61.390,12.000,12.000,0.000,2529.144,0.000,0.000,0.000,0.000,0.000,117383.3,2.989,1.00,5.00
61.400,12.000,12.000,0.000,2529.144,0.000,0.000,0.000,0.000,0.000,117383.3,2.989,1.00,5.00
61.410,12.000,12.000,0.000,2529.144,0.000,0.000,0.000,0.000,0.000,117383.3,2.989,1.00,5.00
61.420,12.000,12.000,0.000,2529.144,0.000,0.000,0.000,0.000,0.000,117383.3,2.989,1.00,5.00
61.430,12.000,12.000,0.000,2529.144,0.000,0.000,0.000,0.000,0.000,117383.3,2.989,1.00,5.00
61.440,12.000,12.000,0.000,2529.144,0.000,0.000,0.000,0.000,0.000,117383.3,2.989,1.00,5.00
61.450,12.000,12.000,0.000,2529.144,0.000,0.000,0.000,0.000,0.000,117383.3,2.989,1.00,5.00
61.460,12.000,12.000,0.000,2529.144,0.000,0.000,0.000,0.000,0.000,117383.3,2.989,1.00,5.00
61.470,12.000,12.000,0.000,2529.144,0.000,0.000,0.000,0.000,0.000,117383.3,2.989,1.00,5.00
61.480,12.000,12.000,0.000,2529.144,0.000,0.000,0.000,0.000,0.000,117383.3,2.989,1.00,5.00
61.490,12.000,12.000,0.000,2529.144,0.000,0.000,0.000,0.000,0.000,117383.3,2.989,1.00,5.00
61.500,12.000,12.000,0.000,2529.144,0.000,0.000,0.000,0.000,0.000,117383.3,2.989,1.00,5.00
61.510,12.000,12.000,0.000,2529.144,0.000,0.000,0.000,0.000,0.000,117383.3,2.989,1.00,5.00
61.520,12.000,12.000,0.000,2529.144,0.000,0.000,0.000,0.000,0.000,117383.3,2.989,1.00,5.00
61.530,12.000,12.000,0.000,2529.144,0.000,0.000,0.000,0.000,0.000,117383.3,2.989,1.00,5.00
61.540,12.000,12.000,0.000,2529.144,0.000,0.000,0.000,0.000,0.000,117383.3,2.989,1.00,5.00
61.550,12.000,12.000,0.000,2529.144,0.000,0.000,0.000,0.000,0.000,117383.3,2.989,1.00,5.00
61.560,12.000,12.000,0.000,2529.144,0.000,0.000,0.000,0.000,0.000,117383.3,2.989,1.00,5.00
61.570,12.000,12.000,0.000,2529.144,0.000,0.000,0.000,0.000,0.000,117383.3,2.989,1.00,5.00
61.580,12.000,12.000,0.000,2529.144,0.000,0.000,0.000,0.000,0.000,117383.3,2.989,1.00,5.00
61.590,12.000,12.000,0.000,2529.144,0.000,0.000,0.000,0.000,0.000,117383.3,2.989,1.00,5.00
61.600,12.000,12.000,0.000,2529.144,0.000,0.000,0.000,0.000,0.000,117383.3,2.989,1.00,5.00
61.610,12.000,12.010,-0.010,0.000,34.448,0.000,0.000,0.000,0.000,117379.1,2.917,1.00,5.00
61.620,12.000,12.010,-0.010,0.000,1.848,0.000,0.000,0.000,0.000,117374.8,2.845,1.00,5.00
61.630,12.000,12.010,-0.010,0.000,1.849,0.000,0.000,0.000,0.000,117374.8,2.840,1.00,5.00
61.640,12.000,12.000,0.000,20131.818,0.000,0.000,0.000,0.000,0.000,117374.8,2.907,1.00,5.00
61.650,12.000,12.000,0.000,2528.484,0.000,0.000,0.000,0.000,0.000,117374.8,2.974,1.00,5.00
61.660,12.000,12.010,-0.010,0.000,34.439,0.000,0.000,0.000,0.000,117358.1,2.938,1.00,5.00
61.670,12.000,12.010,-0.010,0.000,1.846,0.000,0.000,0.000,0.000,117353.8,2.866,1.00,5.00
61.680,12.000,12.000,0.000,20129.788,0.000,0.000,0.000,0.000,0.000,117353.8,2.933,1.00,5.00
61.690,12.000,12.010,-0.010,0.000,34.439,0.000,0.000,0.000,0.000,117353.8,2.928,1.00,5.00
61.700,12.000,12.000,0.000,20133.635,0.000,0.000,0.000,0.000,0.000,117370.6,2.964,1.00,5.00
61.710,12.000,12.000,0.000,2530.934,0.000,0.000,0.000,0.000,0.000,117370.6,3.031,1.00,5.00
61.720,12.000,12.010,-0.010,0.000,34.434,0.000,0.000,0.000,0.000,117353.8,2.995,1.00,5.00
61.730,12.000,12.010,-0.010,0.000,1.841,0.000,0.000,0.000,0.000,117349.6,2.923,1.00,5.00
61.740,12.000,12.000,0.000,20131.604,0.000,0.000,0.000,0.000,0.000,117349.6,2.990,1.00,5.00
61.750,12.000,12.000,0.000,2532.052,0.000,0.000,0.000,0.000,0.000,117349.6,3.057,1.00,5.00
61.760,12.000,12.000,0.000,2533.607,0.000,0.000,0.000,0.000,0.000,117366.4,3.093,1.00,5.00
61.770,12.000,12.000,0.000,2533.607,0.000,0.000,0.000,0.000,0.000,117366.4,3.093,1.00,5.00
61.780,12.000,12.000,0.000,2533.607,0.000,0.000,0.000,0.000,0.000,117366.4,3.093,1.00,5.00
61.790,12.000,12.000,0.000,2533.607,0.000,0.000,0.000,0.000,0.000,117366.4,3.093,1.00,5.00
61.800,12.000,12.000,0.000,2533.607,0.000,0.000,0.000,0.000,0.000,117366.4,3.093,1.00,5.00
61.810,12.000,12.000,0.000,2533.607,0.000,0.000,0.000,0.000,0.000,117366.4,3.093,1.00,5.00
61.820,12.000,12.000,0.000,2533.607,0.000,0.000,0.000,0.000,0.000,117366.4,3.093,1.00,5.00
61.830,12.000,12.000,0.000,2533.607,0.000,0.000,0.000,0.000,0.000,117366.4,3.093,1.00,5.00
61.840,12.000,12.000,0.000,2533.607,0.000,0.000,0.000,0.000,0.000,117366.4,3.093,1.00,5.00
61.850,12.000,12.000,0.000,2533.607,0.000,0.000,0.000,0.000,0.000,117366.4,3.093,1.00,5.00
61.860,12.000,12.000,0.000,2533.607,0.000,0.000,0.000,0.000,0.000,117366.4,3.093,1.00,5.00
61.870,12.000,12.000,0.000,2533.607,0.000,0.000,0.000,0.000,0.000,117366.4,3.093,1.00,5.00
61.880,12.000,12.000,0.000,2533.607,0.000,0.000,0.000,0.000,0.000,117366.4,3.093,1.00,5.00
61.890,12.000,12.000,0.000,2533.607,0.000,0.000,0.000,0.000,0.000,117366.4,3.093,1.00,5.00
61.900,12.000,12.000,0.000,2533.607,0.000,0.000,0.000,0.000,0.000,117366.4,3.093,1.00,5.00
61.910,12.000,12.000,0.000,2533.607,0.000,0.000,0.000,0.000,0.000,117366.4,3.093,1.00,5.00
61.920,12.000,12.000,0.000,2533.607,0.000,0.000,0.000,0.000,0.000,117366.4,3.093,1.00,5.00
61.930,12.000,12.000,0.000,2533.607,0.000,0.000,0.000,0.000,0.000,117366.4,3.093,1.00,5.00
61.940,12.000,12.000,0.000,2533.607,0.000,0.000,0.000,0.000,0.000,117366.4,3.093,1.00,5.00
61.950,12.000,12.000,0.000,2533.607,0.000,0.000,0.000,0.000,0.000,117366.4,3.093,1.00,5.00
61.960,12.000,12.000,0.000,2533.607,0.000,0.000,0.000,0.000,0.000,117366.4,3.093,1.00,5.00
61.970,12.000,12.000,0.000,2533.607,0.000,0.000,0.000,0.000,0.000,117366.4,3.093,1.00,5.00
61.980,12.000,12.000,0.000,2533.607,0.000,0.000,0.000,0.000,0.000,117366.4,3.093,1.00,5.00
61.990,12.000,12.000,0.000,2533.607,0.000,0.000,0.000,0.000,0.000,117366.4,3.093,1.00,5.00
62.000,12.000,12.000,0.000,2533.607,0.000,0.000,0.000,0.000,0.000,117366.4,3.093,1.00,5.00
62.010,12.000,12.000,0.000,2533.607,0.000,0.000,0.000,0.000,0.000,117366.4,3.093,1.00,5.00
62.020,12.000,12.000,0.000,2533.607,0.000,0.000,0.000,0.000,0.000,117366.4,3.093,1.00,5.00
62.030,12.000,12.000,0.000,2533.607,0.000,0.000,0.000,0.000,0.000,117366.4,3.093,1.00,5.00
62.040,12.000,12.000,0.000,2533.607,0.000,0.000,0.000,0.000,0.000,117366.4,3.093,1.00,5.00
62.050,12.000,12.000,0.000,2533.607,0.000,0.000,0.000,0.000,0.000,117366.4,3.093,1.00,5.00
62.060,12.000,12.000,0.000,2533.607,0.000,0.000,0.000,0.000,0.000,117366.4,3.093,1.00,5.00
62.070,12.000,12.000,0.000,2533.607,0.000,0.000,0.000,0.000,0.000,117366.4,3.093,1.00,5.00
62.080,12.000,12.000,0.000,2533.607,0.000,0.000,0.000,0.000,0.000,117366.4,3.093,1.00,5.00
62.090,12.000,12.000,0.000,2533.607,0.000,0.000,0.000,0.000,0.000,117366.4,3.093,1.00,5.00
62.100,12.000,12.000,0.000,2533.607,0.000,0.000,0.000,0.000,0.000,117366.4,3.093,1.00,5.00
62.110,12.000,12.000,0.000,2533.607,0.000,0.000,0.000,0.000,0.000,117366.4,3.093,1.00,5.00
62.120,12.000,12.000,0.000,2533.607,0.000,0.000,0.000,0.000,0.000,117366.4,3.093,1.00,5.00
62.130,12.000,12.000,0.000,2533.607,0.000,0.000,0.000,0.000,0.000,117366.4,3.093,1.00,5.00
62.140,12.000,12.000,0.000,2533.607,0.000,0.000,0.000,0.000,0.000,117366.4,3.093,1.00,5.00
62.150,12.000,12.000,0.000,2533.607,0.000,0.000,0.000,0.000,0.000,117366.4,3.093,1.00,5.00
62.160,12.000,12.010,-0.010,0.000,34.434,0.000,0.000,0.000,0.000,117362.2,3.021,1.00,5.00
62.170,12.000,12.010,-0.010,0.000,1.839,0.000,0.000,0.000,0.000,117357.9,2.949,1.00,5.00
62.180,12.000,12.000,0.000,20133.971,0.000,0.000,0.000,0.000,0.000,117357.9,3.016,1.00,5.00
62.190,12.000,12.000,0.000,2533.170,0.000,0.000,0.000,0.000,0.000,117357.9,3.083,1.00,5.00
62.200,12.000,12.000,0.000,2534.725,0.000,0.000,0.000,0.000,0.000,117374.7,3.119,1.00,5.00
62.210,12.000,12.000,0.000,2534.725,0.000,0.000,0.000,0.000,0.000,117374.7,3.119,1.00,5.00
62.220,12.000,12.000,0.000,2534.725,0.000,0.000,0.000,0.000,0.000,117374.7,3.119,1.00,5.00
62.230,12.000,12.000,0.000,2534.725,0.000,0.000,0.000,0.000,0.000,117374.7,3.119,1.00,5.00
62.240,12.000,12.000,0.000,2534.725,0.000,0.000,0.000,0.000,0.000,117374.7,3.119,1.00,5.00
62.250,12.000,12.000,0.000,2534.725,0.000,0.000,0.000,0.000,0.000,117374.7,3.119,1.00,5.00
62.260,12.000,12.000,0.000,2534.725,0.000,0.000,0.000,0.000,0.000,117374.7,3.119,1.00,5.00
62.270,12.000,12.000,0.000,2534.725,0.000,0.000,0.000,0.000,0.000,117374.7,3.119,1.00,5.00
62.280,12.000,12.000,0.000,2534.725,0.000,0.000,0.000,0.000,0.000,117374.7,3.119,1.00,5.00
62.290,12.000,12.000,0.000,2534.725,0.000,0.000,0.000,0.000,0.000,117374.7,3.119,1.00,5.00
62.300,12.000,12.000,0.000,2534.725,0.000,0.000,0.000,0.000,0.000,117374.7,3.119,1.00,5.00
62.310,12.000,12.000,0.000,2534.725,0.000,0.000,0.000,0.000,0.000,117374.7,3.119,1.00,5.00
62.320,12.000,12.000,0.000,2534.725,0.000,0.000,0.000,0.000,0.000,117374.7,3.119,1.00,5.00
62.330,12.000,12.000,0.000,2534.725,0.000,0.000,0.000,0.000,0.000,117374.7,3.119,1.00,5.00
62.340,12.000,12.000,0.000,2534.725,0.000,0.000,0.000,0.000,0.000,117374.7,3.119,1.00,5.00
62.360,12.000,12.000,0.000,2534.725,0.000,0.000,0.000,0.000,0.000,117374.7,3.119,1.00,5.00
62.370,12.000,12.000,0.000,2534.725,0.000,0.000,0.000,0.000,0.000,117374.7,3.119,1.00,5.00
62.380,12.000,12.000,0.000,2534.725,0.000,0.000,0.000,0.000,0.000,117374.7,3.119,1.00,5.00
62.390,12.000,12.000,0.000,2534.725,0.000,0.000,0.000,0.000,0.000,117374.7,3.119,1.00,5.00
62.400,12.000,12.000,0.000,2534.725,0.000,0.000,0.000,0.000,0.000,117374.7,3.119,1.00,5.00
62.410,12.000,12.000,0.000,2534.725,0.000,0.000,0.000,0.000,0.000,117374.7,3.119,1.00,5.00
62.420,12.000,12.000,0.000,2534.725,0.000,0.000,0.000,0.000,0.000,117374.7,3.119,1.00,5.00
62.430,12.000,12.000,0.000,2534.725,0.000,0.000,0.000,0.000,0.000,117374.7,3.119,1.00,5.00
62.440,12.000,12.000,0.000,2534.725,0.000,0.000,0.000,0.000,0.000,117374.7,3.119,1.00,5.00
62.450,12.000,12.000,0.000,2534.725,0.000,0.000,0.000,0.000,0.000,117374.7,3.119,1.00,5.00
62.460,12.000,12.000,0.000,2534.725,0.000,0.000,0.000,0.000,0.000,117374.7,3.119,1.00,5.00
62.470,12.000,12.000,0.000,2534.725,0.000,0.000,0.000,0.000,0.000,117374.7,3.119,1.00,5.00
62.480,12.000,12.000,0.000,2534.725,0.000,0.000,0.000,0.000,0.000,117374.7,3.119,1.00,5.00
62.490,12.000,12.000,0.000,2534.725,0.000,0.000,0.000,0.000,0.000,117374.7,3.119,1.00,5.00
62.500,12.000,12.000,0.000,2534.725,0.000,0.000,0.000,0.000,0.000,117374.7,3.119,1.00,5.00
62.510,12.000,12.000,0.000,2534.725,0.000,0.000,0.000,0.000,0.000,117374.7,3.119,1.00,5.00
62.520,12.000,12.000,0.000,2534.725,0.000,0.000,0.000,0.000,0.000,117374.7,3.119,1.00,5.00
62.530,12.000,12.000,0.000,2534.725,0.000,0.000,0.000,0.000,0.000,117374.7,3.119,1.00,5.00
62.540,12.000,12.000,0.000,2534.725,0.000,0.000,0.000,0.000,0.000,117374.7,3.119,1.00,5.00
62.550,12.000,12.000,0.000,2534.725,0.000,0.000,0.000,0.000,0.000,117374.7,3.119,1.00,5.00
62.560,12.000,12.000,0.000,2534.725,0.000,0.000,0.000,0.000,0.000,117374.7,3.119,1.00,5.00
62.570,12.000,12.000,0.000,2534.725,0.000,0.000,0.000,0.000,0.000,117374.7,3.119,1.00,5.00
62.580,12.000,12.000,0.000,2534.725,0.000,0.000,0.000,0.000,0.000,117374.7,3.119,1.00,5.00
62.590,12.000,12.000,0.000,2534.725,0.000,0.000,0.000,0.000,0.000,117374.7,3.119,1.00,5.00
62.600,12.000,12.000,0.000,2534.725,0.000,0.000,0.000,0.000,0.000,117374.7,3.119,1.00,5.00
62.610,12.000,12.000,0.000,2534.725,0.000,0.000,0.000,0.000,0.000,117374.7,3.119,1.00,5.00
62.620,12.000,12.000,0.000,2534.725,0.000,0.000,0.000,0.000,0.000,117374.7,3.119,1.00,5.00
62.630,12.000,12.000,0.000,2534.725,0.000,0.000,0.000,0.000,0.000,117374.7,3.119,1.00,5.00
62.640,12.000,12.000,0.000,2534.725,0.000,0.000,0.000,0.000,0.000,117374.7,3.119,1.00,5.00
62.650,12.000,12.000,0.000,2534.725,0.000,0.000,0.000,0.000,0.000,117374.7,3.119,1.00,5.00
62.660,12.000,12.000,0.000,2534.725,0.000,0.000,0.000,0.000,0.000,117374.7,3.119,1.00,5.00
62.670,12.000,12.000,0.000,2534.725,0.000,0.000,0.000,0.000,0.000,117374.7,3.119,1.00,5.00
62.680,12.000,12.000,0.000,2534.725,0.000,0.000,0.000,0.000,0.000,117374.7,3.119,1.00,5.00
62.690,12.000,12.000,0.000,2534.725,0.000,0.000,0.000,0.000,0.000,117374.7,3.119,1.00,5.00
62.700,12.000,12.000,0.000,2534.725,0.000,0.000,0.000,0.000,0.000,117374.7,3.119,1.00,5.00
62.710,12.000,12.000,0.000,2534.725,0.000,0.000,0.000,0.000,0.000,117374.7,3.119,1.00,5.00
62.720,12.000,12.000,0.000,2534.725,0.000,0.000,0.000,0.000,0.000,117374.7,3.119,1.00,5.00
62.730,12.000,12.000,0.000,2534.725,0.000,0.000,0.000,0.000,0.000,117374.7,3.119,1.00,5.00
62.740,12.000,12.000,0.000,2534.725,0.000,0.000,0.000,0.000,0.000,117374.7,3.119,1.00,5.00
62.750,12.000,12.000,0.000,2534.725,0.000,0.000,0.000,0.000,0.000,117374.7,3.119,1.00,5.00
62.760,12.000,12.000,0.000,2534.725,0.000,0.000,0.000,0.000,0.000,117374.7,3.119,1.00,5.00
62.770,12.000,12.000,0.000,2534.725,0.000,0.000,0.000,0.000,0.000,117374.7,3.119,1.00,5.00
62.780,12.000,12.000,0.000,2534.725,0.000,0.000,0.000,0.000,0.000,117374.7,3.119,1.00,5.00
62.790,12.000,12.000,0.000,2534.725,0.000,0.000,0.000,0.000,0.000,117374.7,3.119,1.00,5.00
62.800,12.000,12.000,0.000,2534.725,0.000,0.000,0.000,0.000,0.000,117374.7,3.119,1.00,5.00
62.810,12.000,12.000,0.000,2534.725,0.000,0.000,0.000,0.000,0.000,117374.7,3.119,1.00,5.00
62.820,12.000,12.000,0.000,2534.725,0.000,0.000,0.000,0.000,0.000,117374.7,3.119,1.00,5.00
62.830,12.000,12.000,0.000,2534.725,0.000,0.000,0.000,0.000,0.000,117374.7,3.119,1.00,5.00
62.840,12.000,12.000,0.000,2534.725,0.000,0.000,0.000,0.000,0.000,117374.7,3.119,1.00,5.00
62.850,12.000,12.000,0.000,2534.725,0.000,0.000,0.000,0.000,0.000,117374.7,3.119,1.00,5.00
62.860,12.000,12.000,0.000,2534.725,0.000,0.000,0.000,0.000,0.000,117374.7,3.119,1.00,5.00
62.870,12.000,12.000,0.000,2534.725,0.000,0.000,0.000,0.000,0.000,117374.7,3.119,1.00,5.00
62.880,12.000,12.000,0.000,2534.725,0.000,0.000,0.000,0.000,0.000,117374.7,3.119,1.00,5.00
62.890,12.000,12.000,0.000,2534.725,0.000,0.000,0.000,0.000,0.000,117374.7,3.119,1.00,5.00
62.900,12.000,12.000,0.000,2534.725,0.000,0.000,0.000,0.000,0.000,117374.7,3.119,1.00,5.00
62.910,12.000,12.000,0.000,2534.725,0.000,0.000,0.000,0.000,0.000,117374.7,3.119,1.00,5.00
62.920,12.000,12.000,0.000,2534.725,0.000,0.000,0.000,0.000,0.000,117374.7,3.119,1.00,5.00
62.930,12.000,12.000,0.000,2534.725,0.000,0.000,0.000,0.000,0.000,117374.7,3.119,1.00,5.00
62.940,12.000,12.000,0.000,2534.725,0.000,0.000,0.000,0.000,0.000,117374.7,3.119,1.00,5.00
62.950,12.000,12.000,0.000,2534.725,0.000,0.000,0.000,0.000,0.000,117374.7,3.119,1.00,5.00
62.960,12.000,12.000,0.000,2534.725,0.000,0.000,0.000,0.000,0.000,117374.7,3.119,1.00,5.00
62.970,12.000,12.000,0.000,2534.725,0.000,0.000,0.000,0.000,0.000,117374.7,3.119,1.00,5.00
62.980,12.000,12.000,0.000,2534.725,0.000,0.000,0.000,0.000,0.000,117374.7,3.119,1.00,5.00
62.990,12.000,12.000,0.000,2534.725,0.000,0.000,0.000,0.000,0.000,117374.7,3.119,1.00,5.00
63.000,12.000,12.000,0.000,2534.725,0.000,0.000,0.000,0.000,0.000,117374.7,3.119,1.00,5.00
63.010,12.000,12.000,0.000,2534.725,0.000,0.000,0.000,0.000,0.000,117374.7,3.119,1.00,5.00
63.020,12.000,12.000,0.000,2534.725,0.000,0.000,0.000,0.000,0.000,117374.7,3.119,1.00,5.00
63.030,12.000,12.000,0.000,2534.725,0.000,0.000,0.000,0.000,0.000,117374.7,3.119,1.00,5.00
63.040,12.000,12.000,0.000,2534.725,0.000,0.000,0.000,0.000,0.000,117374.7,3.119,1.00,5.00
63.050,12.000,12.010,-0.010,0.000,34.435,0.000,0.000,0.000,0.000,117370.5,3.047,1.00,5.00
63.060,12.000,12.000,0.000,20137.190,0.000,0.000,0.000,0.000,0.000,117370.5,3.047,1.00,5.00
63.070,12.000,12.000,0.000,2534.507,0.000,0.000,0.000,0.000,0.000,117370.5,3.114,1.00,5.00
63.080,12.000,12.000,0.000,2536.061,0.000,0.000,0.000,0.000,0.000,117387.3,3.150,1.00,5.00
63.090,12.000,12.000,0.000,2536.061,0.000,0.000,0.000,0.000,0.000,117387.3,3.150,1.00,5.00
63.100,12.000,12.000,0.000,2536.061,0.000,0.000,0.000,0.000,0.000,117387.3,3.150,1.00,5.00
63.110,12.000,12.000,0.000,2536.061,0.000,0.000,0.000,0.000,0.000,117387.3,3.150,1.00,5.00
63.120,12.000,12.000,0.000,2536.061,0.000,0.000,0.000,0.000,0.000,117387.3,3.150,1.00,5.00
63.130,12.000,12.010,-0.010,0.000,34.437,0.000,0.000,0.000,0.000,117383.1,3.078,1.00,5.00
63.140,12.000,12.000,0.000,20140.409,0.000,0.000,0.000,0.000,0.000,117383.1,3.078,1.00,5.00
63.150,12.000,12.000,0.000,2535.843,0.000,0.000,0.000,0.000,0.000,117383.1,3.145,1.00,5.00
63.160,12.000,12.000,0.000,2537.398,0.000,0.000,0.000,0.000,0.000,117399.8,3.181,1.00,5.00
63.170,12.000,12.000,0.000,2537.397,0.000,0.000,0.000,0.000,0.000,117399.8,3.180,1.00,5.00
63.180,12.000,12.000,0.000,2537.397,0.000,0.000,0.000,0.000,0.000,117399.8,3.180,1.00,5.00
63.190,12.000,12.000,0.000,2537.397,0.000,0.000,0.000,0.000,0.000,117399.8,3.180,1.00,5.00
63.200,12.000,12.000,0.000,2537.397,0.000,0.000,0.000,0.000,0.000,117399.8,3.180,1.00,5.00
63.210,12.000,12.000,0.000,2537.397,0.000,0.000,0.000,0.000,0.000,117399.8,3.180,1.00,5.00
63.220,12.000,12.000,0.000,2537.397,0.000,0.000,0.000,0.000,0.000,117399.8,3.180,1.00,5.00
63.230,12.000,12.010,-0.010,0.000,34.438,0.000,0.000,0.000,0.000,117395.6,3.108,1.00,5.00
63.240,12.000,12.000,0.000,20143.628,0.000,0.000,0.000,0.000,0.000,117395.6,3.109,1.00,5.00
63.250,12.000,12.000,0.000,2537.179,0.000,0.000,0.000,0.000,0.000,117395.6,3.175,1.00,5.00
63.260,12.000,12.000,0.000,2538.734,0.000,0.000,0.000,0.000,0.000,117412.4,3.211,1.00,5.00
63.270,12.000,12.000,0.000,2538.734,0.000,0.000,0.000,0.000,0.000,117412.4,3.211,1.00,5.00
63.280,12.000,12.000,0.000,2538.734,0.000,0.000,0.000,0.000,0.000,117412.4,3.211,1.00,5.00
63.290,12.000,12.000,0.000,2538.734,0.000,0.000,0.000,0.000,0.000,117412.4,3.211,1.00,5.00
63.300,12.000,12.010,-0.010,0.000,34.440,0.000,0.000,0.000,0.000,117408.2,3.139,1.00,5.00
63.310,12.000,12.010,-0.010,0.000,1.832,0.000,0.000,0.000,0.000,117403.9,3.067,1.00,5.00
63.320,12.000,12.000,0.000,20145.993,0.000,0.000,0.000,0.000,0.000,117403.9,3.134,1.00,5.00
63.330,12.000,12.000,0.000,2538.296,0.000,0.000,0.000,0.000,0.000,117403.9,3.201,1.00,5.00
63.340,12.000,12.000,0.000,2539.851,0.000,0.000,0.000,0.000,0.000,117420.7,3.237,1.00,5.00
63.350,12.000,12.000,0.000,2539.851,0.000,0.000,0.000,0.000,0.000,117420.7,3.237,1.00,5.00
63.370,12.000,12.000,0.000,2539.851,0.000,0.000,0.000,0.000,0.000,117420.7,3.237,1.00,5.00
63.380,12.000,12.000,0.000,2539.851,0.000,0.000,0.000,0.000,0.000,117420.7,3.237,1.00,5.00
63.390,12.000,12.000,0.000,2539.851,0.000,0.000,0.000,0.000,0.000,117420.7,3.237,1.00,5.00
63.400,12.000,12.000,0.000,2539.851,0.000,0.000,0.000,0.000,0.000,117420.7,3.237,1.00,5.00
63.410,12.000,12.000,0.000,2539.851,0.000,0.000,0.000,0.000,0.000,117420.7,3.237,1.00,5.00
63.420,12.000,12.000,0.000,2539.851,0.000,0.000,0.000,0.000,0.000,117420.7,3.237,1.00,5.00
63.430,12.000,12.000,0.000,2539.851,0.000,0.000,0.000,0.000,0.000,117420.7,3.237,1.00,5.00
63.440,12.000,12.000,0.000,2539.851,0.000,0.000,0.000,0.000,0.000,117420.7,3.237,1.00,5.00
63.450,12.000,12.000,0.000,2539.851,0.000,0.000,0.000,0.000,0.000,117420.7,3.237,1.00,5.00
63.460,12.000,12.000,0.000,2539.851,0.000,0.000,0.000,0.000,0.000,117420.7,3.237,1.00,5.00
63.470,12.000,12.000,0.000,2539.851,0.000,0.000,0.000,0.000,0.000,117420.7,3.237,1.00,5.00
63.480,12.000,12.000,0.000,2539.851,0.000,0.000,0.000,0.000,0.000,117420.7,3.237,1.00,5.00
63.490,12.000,12.000,0.000,2539.851,0.000,0.000,0.000,0.000,0.000,117420.7,3.237,1.00,5.00
63.500,12.000,12.000,0.000,2539.851,0.000,0.000,0.000,0.000,0.000,117420.7,3.237,1.00,5.00
63.510,12.000,12.000,0.000,2539.851,0.000,0.000,0.000,0.000,0.000,117420.7,3.237,1.00,5.00
63.520,12.000,12.000,0.000,2539.851,0.000,0.000,0.000,0.000,0.000,117420.7,3.237,1.00,5.00
63.530,12.000,12.000,0.000,2539.851,0.000,0.000,0.000,0.000,0.000,117420.7,3.237,1.00,5.00
63.540,12.000,12.000,0.000,2539.851,0.000,0.000,0.000,0.000,0.000,117420.7,3.237,1.00,5.00
63.550,12.000,12.000,0.000,2539.851,0.000,0.000,0.000,0.000,0.000,117420.7,3.237,1.00,5.00
63.560,12.000,12.000,0.000,2539.851,0.000,0.000,0.000,0.000,0.000,117420.7,3.237,1.00,5.00
63.570,12.000,12.000,0.000,2539.851,0.000,0.000,0.000,0.000,0.000,117420.7,3.237,1.00,5.00
63.580,12.000,12.000,0.000,2539.851,0.000,0.000,0.000,0.000,0.000,117420.7,3.237,1.00,5.00
63.590,12.000,12.000,0.000,2539.851,0.000,0.000,0.000,0.000,0.000,117420.7,3.237,1.00,5.00
63.600,12.000,12.000,0.000,2539.851,0.000,0.000,0.000,0.000,0.000,117420.7,3.237,1.00,5.00
63.610,12.000,12.000,0.000,2539.851,0.000,0.000,0.000,0.000,0.000,117420.7,3.237,1.00,5.00
63.620,12.000,12.000,0.000,2539.851,0.000,0.000,0.000,0.000,0.000,117420.7,3.237,1.00,5.00
63.630,12.000,12.000,0.000,2539.851,0.000,0.000,0.000,0.000,0.000,117420.7,3.237,1.00,5.00
63.640,12.000,12.000,0.000,2539.851,0.000,0.000,0.000,0.000,0.000,117420.7,3.237,1.00,5.00
63.650,12.000,12.000,0.000,2539.851,0.000,0.000,0.000,0.000,0.000,117420.7,3.237,1.00,5.00
63.660,12.000,12.000,0.000,2539.851,0.000,0.000,0.000,0.000,0.000,117420.7,3.237,1.00,5.00
63.670,12.000,12.000,0.000,2539.851,0.000,0.000,0.000,0.000,0.000,117420.7,3.237,1.00,5.00
63.680,12.000,12.000,0.000,2539.851,0.000,0.000,0.000,0.000,0.000,117420.7,3.237,1.00,5.00
63.690,12.000,12.000,0.000,2539.851,0.000,0.000,0.000,0.000,0.000,117420.7,3.237,1.00,5.00
63.700,12.000,12.000,0.000,2539.851,0.000,0.000,0.000,0.000,0.000,117420.7,3.237,1.00,5.00
63.710,12.000,12.000,0.000,2539.851,0.000,0.000,0.000,0.000,0.000,117420.7,3.237,1.00,5.00
63.720,12.000,12.000,0.000,2539.851,0.000,0.000,0.000,0.000,0.000,117420.7,3.237,1.00,5.00
63.730,12.000,12.000,0.000,2539.851,0.000,0.000,0.000,0.000,0.000,117420.7,3.237,1.00,5.00
63.740,12.000,12.000,0.000,2539.851,0.000,0.000,0.000,0.000,0.000,117420.7,3.237,1.00,5.00
63.750,12.000,12.000,0.000,2539.851,0.000,0.000,0.000,0.000,0.000,117420.7,3.237,1.00,5.00
63.760,12.000,12.000,0.000,2539.851,0.000,0.000,0.000,0.000,0.000,117420.7,3.237,1.00,5.00
63.770,12.000,12.000,0.000,2539.851,0.000,0.000,0.000,0.000,0.000,117420.7,3.237,1.00,5.00
63.780,12.000,12.000,0.000,2539.851,0.000,0.000,0.000,0.000,0.000,117420.7,3.237,1.00,5.00
63.790,12.000,12.000,0.000,2539.851,0.000,0.000,0.000,0.000,0.000,117420.7,3.237,1.00,5.00
63.800,12.000,12.000,0.000,2539.851,0.000,0.000,0.000,0.000,0.000,117420.7,3.237,1.00,5.00
63.810,12.000,12.000,0.000,2539.851,0.000,0.000,0.000,0.000,0.000,117420.7,3.237,1.00,5.00
63.820,12.000,12.000,0.000,2539.851,0.000,0.000,0.000,0.000,0.000,117420.7,3.237,1.00,5.00
63.830,12.000,12.000,0.000,2539.851,0.000,0.000,0.000,0.000,0.000,117420.7,3.237,1.00,5.00
63.840,12.000,12.000,0.000,2539.851,0.000,0.000,0.000,0.000,0.000,117420.7,3.237,1.00,5.00
63.850,12.000,12.000,0.000,2539.851,0.000,0.000,0.000,0.000,0.000,117420.7,3.237,1.00,5.00
63.860,12.000,12.000,0.000,2539.851,0.000,0.000,0.000,0.000,0.000,117420.7,3.237,1.00,5.00
63.870,12.000,12.000,0.000,2539.851,0.000,0.000,0.000,0.000,0.000,117420.7,3.237,1.00,5.00
63.880,12.000,12.000,0.000,2539.851,0.000,0.000,0.000,0.000,0.000,117420.7,3.237,1.00,5.00
63.890,12.000,12.000,0.000,2539.851,0.000,0.000,0.000,0.000,0.000,117420.7,3.237,1.00,5.00
63.900,12.000,12.000,0.000,2539.851,0.000,0.000,0.000,0.000,0.000,117420.7,3.237,1.00,5.00
63.910,12.000,12.000,0.000,2539.851,0.000,0.000,0.000,0.000,0.000,117420.7,3.237,1.00,5.00
63.920,12.000,12.000,0.000,2539.851,0.000,0.000,0.000,0.000,0.000,117420.7,3.237,1.00,5.00
63.930,12.000,12.000,0.000,2539.851,0.000,0.000,0.000,0.000,0.000,117420.7,3.237,1.00,5.00
63.940,12.000,12.000,0.000,2539.851,0.000,0.000,0.000,0.000,0.000,117420.7,3.237,1.00,5.00
63.950,12.000,12.000,0.000,2539.851,0.000,0.000,0.000,0.000,0.000,117420.7,3.237,1.00,5.00
63.960,12.000,12.000,0.000,2539.851,0.000,0.000,0.000,0.000,0.000,117420.7,3.237,1.00,5.00
63.970,12.000,12.000,0.000,2539.851,0.000,0.000,0.000,0.000,0.000,117420.7,3.237,1.00,5.00
63.980,12.000,12.000,0.000,2539.851,0.000,0.000,0.000,0.000,0.000,117420.7,3.237,1.00,5.00
63.990,12.000,12.000,0.000,2539.851,0.000,0.000,0.000,0.000,0.000,117420.7,3.237,1.00,5.00
64.000,12.000,12.000,0.000,2539.851,0.000,0.000,0.000,0.000,0.000,117420.7,3.237,1.00,5.00
64.010,12.000,12.000,0.000,2539.851,0.000,0.000,0.000,0.000,0.000,117420.7,3.237,1.00,5.00
64.020,12.000,12.000,0.000,2539.851,0.000,0.000,0.000,0.000,0.000,117420.7,3.237,1.00,5.00
64.030,12.000,12.000,0.000,2539.851,0.000,0.000,0.000,0.000,0.000,117420.7,3.237,1.00,5.00
64.040,12.000,12.000,0.000,2539.851,0.000,0.000,0.000,0.000,0.000,117420.7,3.237,1.00,5.00
64.050,12.000,12.000,0.000,2539.851,0.000,0.000,0.000,0.000,0.000,117420.7,3.237,1.00,5.00
64.060,12.000,12.000,0.000,2539.851,0.000,0.000,0.000,0.000,0.000,117420.7,3.237,1.00,5.00
64.070,12.000,12.000,0.000,2539.851,0.000,0.000,0.000,0.000,0.000,117420.7,3.237,1.00,5.00
64.080,12.000,12.000,0.000,2539.851,0.000,0.000,0.000,0.000,0.000,117420.7,3.237,1.00,5.00
64.090,12.000,12.000,0.000,2539.851,0.000,0.000,0.000,0.000,0.000,117420.7,3.237,1.00,5.00
64.100,12.000,12.000,0.000,2539.851,0.000,0.000,0.000,0.000,0.000,117420.7,3.237,1.00,5.00
64.110,12.000,12.000,0.000,2539.851,0.000,0.000,0.000,0.000,0.000,117420.7,3.237,1.00,5.00
64.120,12.000,12.000,0.000,2539.851,0.000,0.000,0.000,0.000,0.000,117420.7,3.237,1.00,5.00
64.130,12.000,12.000,0.000,2539.851,0.000,0.000,0.000,0.000,0.000,117420.7,3.237,1.00,5.00
64.140,12.000,12.000,0.000,2539.851,0.000,0.000,0.000,0.000,0.000,117420.7,3.237,1.00,5.00
64.150,12.000,12.000,0.000,2539.851,0.000,0.000,0.000,0.000,0.000,117420.7,3.237,1.00,5.00
64.160,12.000,12.000,0.000,2539.851,0.000,0.000,0.000,0.000,0.000,117420.7,3.237,1.00,5.00
64.170,12.000,12.000,0.000,2539.851,0.000,0.000,0.000,0.000,0.000,117420.7,3.237,1.00,5.00
64.180,12.000,12.000,0.000,2539.851,0.000,0.000,0.000,0.000,0.000,117420.7,3.237,1.00,5.00
64.190,12.000,12.000,0.000,2539.851,0.000,0.000,0.000,0.000,0.000,117420.7,3.237,1.00,5.00
64.200,12.000,12.000,0.000,2539.851,0.000,0.000,0.000,0.000,0.000,117420.7,3.237,1.00,5.00
64.210,12.000,12.000,0.000,2539.851,0.000,0.000,0.000,0.000,0.000,117420.7,3.237,1.00,5.00
64.220,12.000,12.000,0.000,2539.851,0.000,0.000,0.000,0.000,0.000,117420.7,3.237,1.00,5.00
64.230,12.000,12.000,0.000,2539.851,0.000,0.000,0.000,0.000,0.000,117420.7,3.237,1.00,5.00
64.240,12.000,12.000,0.000,2539.851,0.000,0.000,0.000,0.000,0.000,117420.7,3.237,1.00,5.00
64.250,12.000,12.000,0.000,2539.851,0.000,0.000,0.000,0.000,0.000,117420.7,3.237,1.00,5.00
64.260,12.000,12.000,0.000,2539.851,0.000,0.000,0.000,0.000,0.000,117420.7,3.237,1.00,5.00
64.270,12.000,12.000,0.000,2539.851,0.000,0.000,0.000,0.000,0.000,117420.7,3.237,1.00,5.00
64.280,12.000,12.000,0.000,2539.851,0.000,0.000,0.000,0.000,0.000,117420.7,3.237,1.00,5.00
64.290,12.000,12.000,0.000,2539.851,0.000,0.000,0.000,0.000,0.000,117420.7,3.237,1.00,5.00
64.300,12.000,12.000,0.000,2539.851,0.000,0.000,0.000,0.000,0.000,117420.7,3.237,1.00,5.00
64.310,12.000,12.000,0.000,2539.851,0.000,0.000,0.000,0.000,0.000,117420.7,3.237,1.00,5.00
64.320,12.000,12.000,0.000,2539.851,0.000,0.000,0.000,0.000,0.000,117420.7,3.237,1.00,5.00
64.330,12.000,12.000,0.000,2539.851,0.000,0.000,0.000,0.000,0.000,117420.7,3.237,1.00,5.00
64.340,12.000,12.000,0.000,2539.851,0.000,0.000,0.000,0.000,0.000,117420.7,3.237,1.00,5.00
64.350,12.000,12.000,0.000,2539.851,0.000,0.000,0.000,0.000,0.000,117420.7,3.237,1.00,5.00
64.360,12.000,12.000,0.000,2539.851,0.000,0.000,0.000,0.000,0.000,117420.7,3.237,1.00,5.00
64.380,12.000,12.000,0.000,2539.851,0.000,0.000,0.000,0.000,0.000,117420.7,3.237,1.00,5.00
64.390,12.000,12.000,0.000,2539.851,0.000,0.000,0.000,0.000,0.000,117420.7,3.237,1.00,5.00
64.400,12.000,12.000,0.000,2539.851,0.000,0.000,0.000,0.000,0.000,117420.7,3.237,1.00,5.00
64.410,12.000,12.000,0.000,2539.851,0.000,0.000,0.000,0.000,0.000,117420.7,3.237,1.00,5.00
64.420,12.000,12.000,0.000,2539.851,0.000,0.000,0.000,0.000,0.000,117420.7,3.237,1.00,5.00
64.430,12.000,12.000,0.000,2539.851,0.000,0.000,0.000,0.000,0.000,117420.7,3.237,1.00,5.00
64.440,12.000,12.000,0.000,2539.851,0.000,0.000,0.000,0.000,0.000,117420.7,3.237,1.00,5.00
64.450,12.000,12.000,0.000,2539.851,0.000,0.000,0.000,0.000,0.000,117420.7,3.237,1.00,5.00
64.460,12.000,12.000,0.000,2539.851,0.000,0.000,0.000,0.000,0.000,117420.7,3.237,1.00,5.00
64.470,12.000,12.000,0.000,2539.851,0.000,0.000,0.000,0.000,0.000,117420.7,3.237,1.00,5.00
64.480,12.000,12.000,0.000,2539.851,0.000,0.000,0.000,0.000,0.000,117420.7,3.237,1.00,5.00
64.490,12.000,12.000,0.000,2539.851,0.000,0.000,0.000,0.000,0.000,117420.7,3.237,1.00,5.00
64.500,12.000,12.000,0.000,2539.851,0.000,0.000,0.000,0.000,0.000,117420.7,3.237,1.00,5.00
64.510,12.000,12.000,0.000,2539.851,0.000,0.000,0.000,0.000,0.000,117420.7,3.237,1.00,5.00
64.520,12.000,12.000,0.000,2539.851,0.000,0.000,0.000,0.000,0.000,117420.7,3.237,1.00,5.00
64.530,12.000,12.000,0.000,2539.851,0.000,0.000,0.000,0.000,0.000,117420.7,3.237,1.00,5.00
64.540,12.000,12.000,0.000,2539.851,0.000,0.000,0.000,0.000,0.000,117420.7,3.237,1.00,5.00
64.550,12.000,12.000,0.000,2539.851,0.000,0.000,0.000,0.000,0.000,117420.7,3.237,1.00,5.00
64.560,12.000,12.000,0.000,2539.851,0.000,0.000,0.000,0.000,0.000,117420.7,3.237,1.00,5.00
64.570,12.000,12.000,0.000,2539.851,0.000,0.000,0.000,0.000,0.000,117420.7,3.237,1.00,5.00
64.580,12.000,12.000,0.000,2539.851,0.000,0.000,0.000,0.000,0.000,117420.7,3.237,1.00,5.00
64.590,12.000,12.000,0.000,2539.851,0.000,0.000,0.000,0.000,0.000,117420.7,3.237,1.00,5.00
64.600,12.000,12.000,0.000,2539.851,0.000,0.000,0.000,0.000,0.000,117420.7,3.237,1.00,5.00
64.610,12.000,12.000,0.000,2539.851,0.000,0.000,0.000,0.000,0.000,117420.7,3.237,1.00,5.00
64.620,12.000,12.000,0.000,2539.851,0.000,0.000,0.000,0.000,0.000,117420.7,3.237,1.00,5.00
64.630,12.000,12.000,0.000,2539.851,0.000,0.000,0.000,0.000,0.000,117420.7,3.237,1.00,5.00
64.640,12.000,12.000,0.000,2539.851,0.000,0.000,0.000,0.000,0.000,117420.7,3.237,1.00,5.00
64.650,12.000,12.000,0.000,2539.851,0.000,0.000,0.000,0.000,0.000,117420.7,3.237,1.00,5.00
64.660,12.000,12.000,0.000,2539.851,0.000,0.000,0.000,0.000,0.000,117420.7,3.237,1.00,5.00
64.670,12.000,12.000,0.000,2539.851,0.000,0.000,0.000,0.000,0.000,117420.7,3.237,1.00,5.00
64.680,12.000,12.000,0.000,2539.851,0.000,0.000,0.000,0.000,0.000,117420.7,3.237,1.00,5.00
64.690,12.000,12.000,0.000,2539.851,0.000,0.000,0.000,0.000,0.000,117420.7,3.237,1.00,5.00
64.700,12.000,12.000,0.000,2539.851,0.000,0.000,0.000,0.000,0.000,117420.7,3.237,1.00,5.00
64.710,12.000,12.000,0.000,2539.851,0.000,0.000,0.000,0.000,0.000,117420.7,3.237,1.00,5.00
64.720,12.000,12.000,0.000,2539.851,0.000,0.000,0.000,0.000,0.000,117420.7,3.237,1.00,5.00
64.730,12.000,12.000,0.000,2539.851,0.000,0.000,0.000,0.000,0.000,117420.7,3.237,1.00,5.00
64.740,12.000,12.000,0.000,2539.851,0.000,0.000,0.000,0.000,0.000,117420.7,3.237,1.00,5.00
64.750,12.000,12.000,0.000,2539.851,0.000,0.000,0.000,0.000,0.000,117420.7,3.237,1.00,5.00
64.760,12.000,12.000,0.000,2539.851,0.000,0.000,0.000,0.000,0.000,117420.7,3.237,1.00,5.00
64.770,12.000,12.000,0.000,2539.851,0.000,0.000,0.000,0.000,0.000,117420.7,3.237,1.00,5.00
64.780,12.000,12.000,0.000,2539.851,0.000,0.000,0.000,0.000,0.000,117420.7,3.237,1.00,5.00
64.790,12.000,12.000,0.000,2539.851,0.000,0.000,0.000,0.000,0.000,117420.7,3.237,1.00,5.00
64.800,12.000,12.000,0.000,2539.851,0.000,0.000,0.000,0.000,0.000,117420.7,3.237,1.00,5.00
64.810,12.000,12.000,0.000,2539.851,0.000,0.000,0.000,0.000,0.000,117420.7,3.237,1.00,5.00
64.820,12.000,12.010,-0.010,0.000,34.441,0.000,0.000,0.000,0.000,117416.5,3.165,1.00,5.00
64.830,12.000,12.000,0.000,20149.212,0.000,0.000,0.000,0.000,0.000,117416.5,3.165,1.00,5.00
64.840,12.000,12.000,0.000,2539.632,0.000,0.000,0.000,0.000,0.000,117416.5,3.232,1.00,5.00
64.850,12.000,12.000,0.000,2541.187,0.000,0.000,0.000,0.000,0.000,117433.3,3.268,1.00,5.00
64.860,12.000,12.000,0.000,2541.187,0.000,0.000,0.000,0.000,0.000,117433.3,3.268,1.00,5.00
64.870,12.000,12.000,0.000,2541.187,0.000,0.000,0.000,0.000,0.000,117433.3,3.268,1.00,5.00
64.880,12.000,12.000,0.000,2541.187,0.000,0.000,0.000,0.000,0.000,117433.3,3.268,1.00,5.00
64.890,12.000,12.000,0.000,2541.187,0.000,0.000,0.000,0.000,0.000,117433.3,3.268,1.00,5.00
64.900,12.000,12.010,-0.010,0.000,34.442,0.000,0.000,0.000,0.000,117429.0,3.196,1.00,5.00
64.910,12.000,12.000,0.000,20152.431,0.000,0.000,0.000,0.000,0.000,117429.0,3.196,1.00,5.00
64.920,12.000,12.000,0.000,2540.967,0.000,0.000,0.000,0.000,0.000,117429.0,3.263,1.00,5.00
64.930,12.000,12.000,0.000,2542.522,0.000,0.000,0.000,0.000,0.000,117445.8,3.299,1.00,5.00
64.940,12.000,12.000,0.000,2542.522,0.000,0.000,0.000,0.000,0.000,117445.8,3.299,1.00,5.00
64.950,12.000,12.000,0.000,2542.522,0.000,0.000,0.000,0.000,0.000,117445.8,3.299,1.00,5.00
64.960,12.000,12.000,0.000,2542.522,0.000,0.000,0.000,0.000,0.000,117445.8,3.299,1.00,5.00
64.970,12.000,12.000,0.000,2542.522,0.000,0.000,0.000,0.000,0.000,117445.8,3.299,1.00,5.00
64.980,12.000,12.000,0.000,2542.522,0.000,0.000,0.000,0.000,0.000,117445.8,3.299,1.00,5.00
64.990,12.000,12.010,-0.010,0.000,34.444,0.000,0.000,0.000,0.000,117441.6,3.227,1.00,5.00
65.000,12.000,12.010,-0.010,0.000,1.827,0.000,0.000,0.000,0.000,117437.3,3.155,1.00,-5.00
65.010,12.000,12.000,0.000,20154.795,0.000,0.000,0.000,0.000,0.000,117437.3,3.222,1.00,-5.00
65.020,12.000,12.000,0.000,2542.084,0.000,0.000,0.000,0.000,0.000,117437.3,3.289,1.00,-5.00
65.030,12.000,12.000,0.000,2543.639,0.000,0.000,0.000,0.000,0.000,117454.1,3.325,1.00,-5.00
65.040,12.000,12.000,0.000,2543.639,0.000,0.000,0.000,0.000,0.000,117454.1,3.325,1.00,-5.00
65.050,12.000,12.000,0.000,2543.639,0.000,0.000,0.000,0.000,0.000,117454.1,3.325,1.00,-5.00
65.060,12.000,12.000,0.000,2543.639,0.000,0.000,0.000,0.000,0.000,117454.1,3.325,1.00,-5.00
65.070,12.000,12.000,0.000,2543.639,0.000,0.000,0.000,0.000,0.000,117454.1,3.325,1.00,-5.00
65.080,12.000,12.000,0.000,2543.639,0.000,0.000,0.000,0.000,0.000,117454.1,3.325,1.00,-5.00
65.090,12.000,12.000,0.000,2543.639,0.000,0.000,0.000,0.000,0.000,117454.1,3.325,1.00,-5.00
65.100,12.000,12.000,0.000,2543.639,0.000,0.000,0.000,0.000,0.000,117454.1,3.325,1.00,-5.00
65.110,12.000,12.000,0.000,2543.639,0.000,0.000,0.000,0.000,0.000,117454.1,3.325,1.00,-5.00
65.120,12.000,12.000,0.000,2543.639,0.000,0.000,0.000,0.000,0.000,117454.1,3.325,1.00,-5.00
65.130,12.000,12.000,0.000,2543.639,0.000,0.000,0.000,0.000,0.000,117454.1,3.325,1.00,-5.00
65.140,12.000,12.000,0.000,2543.639,0.000,0.000,0.000,0.000,0.000,117454.1,3.325,1.00,-5.00
65.150,12.000,12.000,0.000,2543.639,0.000,0.000,0.000,0.000,0.000,117454.1,3.325,1.00,-5.00
65.160,12.000,12.000,0.000,2543.639,0.000,0.000,0.000,0.000,0.000,117454.1,3.325,1.00,-5.00
65.170,12.000,12.000,0.000,2543.639,0.000,0.000,0.000,0.000,0.000,117454.1,3.325,1.00,-5.00
65.180,12.000,12.000,0.000,2543.639,0.000,0.000,0.000,0.000,0.000,117454.1,3.325,1.00,-5.00
65.190,12.000,12.000,0.000,2543.639,0.000,0.000,0.000,0.000,0.000,117454.1,3.325,1.00,-5.00
65.200,12.000,12.000,0.000,2543.639,0.000,0.000,0.000,0.000,0.000,117454.1,3.325,1.00,-5.00
65.210,12.000,12.000,0.000,2543.639,0.000,0.000,0.000,0.000,0.000,117454.1,3.325,1.00,-5.00
65.220,12.000,12.000,0.000,2543.639,0.000,0.000,0.000,0.000,0.000,117454.1,3.325,1.00,-5.00
65.230,12.000,12.000,0.000,2543.639,0.000,0.000,0.000,0.000,0.000,117454.1,3.325,1.00,-5.00
65.240,12.000,12.000,0.000,2543.639,0.000,0.000,0.000,0.000,0.000,117454.1,3.325,1.00,-5.00
65.250,12.000,12.000,0.000,2543.639,0.000,0.000,0.000,0.000,0.000,117454.1,3.325,1.00,-5.00
65.260,12.000,12.000,0.000,2543.639,0.000,0.000,0.000,0.000,0.000,117454.1,3.325,1.00,-5.00
65.270,12.000,12.000,0.000,2543.639,0.000,0.000,0.000,0.000,0.000,117454.1,3.325,1.00,-5.00
65.280,12.000,12.000,0.000,2543.639,0.000,0.000,0.000,0.000,0.000,117454.1,3.325,1.00,-5.00
65.290,12.000,12.000,0.000,2543.639,0.000,0.000,0.000,0.000,0.000,117454.1,3.325,1.00,-5.00
65.300,12.000,12.000,0.000,2543.639,0.000,0.000,0.000,0.000,0.000,117454.1,3.325,1.00,-5.00
65.310,12.000,12.000,0.000,2543.639,0.000,0.000,0.000,0.000,0.000,117454.1,3.325,1.00,-5.00
65.320,12.000,12.000,0.000,2543.639,0.000,0.000,0.000,0.000,0.000,117454.1,3.325,1.00,-5.00
65.330,12.000,12.000,0.000,2543.639,0.000,0.000,0.000,0.000,0.000,117454.1,3.325,1.00,-5.00
65.340,12.000,12.000,0.000,2543.639,0.000,0.000,0.000,0.000,0.000,117454.1,3.325,1.00,-5.00
65.350,12.000,12.000,0.000,2543.639,0.000,0.000,0.000,0.000,0.000,117454.1,3.325,1.00,-5.00
65.360,12.000,12.000,0.000,2543.639,0.000,0.000,0.000,0.000,0.000,117454.1,3.325,1.00,-5.00
65.370,12.000,12.000,0.000,2543.639,0.000,0.000,0.000,0.000,0.000,117454.1,3.325,1.00,-5.00
65.390,12.000,12.000,0.000,2543.639,0.000,0.000,0.000,0.000,0.000,117454.1,3.325,1.00,-5.00
65.400,12.000,12.000,0.000,2543.639,0.000,0.000,0.000,0.000,0.000,117454.1,3.325,1.00,-5.00
65.410,12.000,12.000,0.000,2543.639,0.000,0.000,0.000,0.000,0.000,117454.1,3.325,1.00,-5.00
65.420,12.000,12.000,0.000,2543.639,0.000,0.000,0.000,0.000,0.000,117454.1,3.325,1.00,-5.00
65.430,12.000,12.000,0.000,2543.639,0.000,0.000,0.000,0.000,0.000,117454.1,3.325,1.00,-5.00
65.440,12.000,12.000,0.000,2543.639,0.000,0.000,0.000,0.000,0.000,117454.1,3.325,1.00,-5.00
65.450,12.000,12.000,0.000,2543.639,0.000,0.000,0.000,0.000,0.000,117454.1,3.325,1.00,-5.00
65.460,12.000,12.000,0.000,2543.639,0.000,0.000,0.000,0.000,0.000,117454.1,3.325,1.00,-5.00
65.470,12.000,12.000,0.000,2543.639,0.000,0.000,0.000,0.000,0.000,117454.1,3.325,1.00,-5.00
65.480,12.000,12.000,0.000,2543.639,0.000,0.000,0.000,0.000,0.000,117454.1,3.325,1.00,-5.00
65.490,12.000,12.000,0.000,2543.639,0.000,0.000,0.000,0.000,0.000,117454.1,3.325,1.00,-5.00
65.500,12.000,12.000,0.000,2543.639,0.000,0.000,0.000,0.000,0.000,117454.1,3.325,1.00,-5.00
65.510,12.000,12.000,0.000,2543.639,0.000,0.000,0.000,0.000,0.000,117454.1,3.325,1.00,-5.00
65.520,12.000,12.000,0.000,2543.639,0.000,0.000,0.000,0.000,0.000,117454.1,3.325,1.00,-5.00
65.530,12.000,12.000,0.000,2543.639,0.000,0.000,0.000,0.000,0.000,117454.1,3.325,1.00,-5.00
65.540,12.000,12.000,0.000,2543.639,0.000,0.000,0.000,0.000,0.000,117454.1,3.325,1.00,-5.00
65.550,12.000,12.000,0.000,2543.639,0.000,0.000,0.000,0.000,0.000,117454.1,3.325,1.00,-5.00
65.560,12.000,12.000,0.000,2543.639,0.000,0.000,0.000,0.000,0.000,117454.1,3.325,1.00,-5.00
65.570,12.000,12.000,0.000,2543.639,0.000,0.000,0.000,0.000,0.000,117454.1,3.325,1.00,-5.00
65.580,12.000,12.000,0.000,2543.639,0.000,0.000,0.000,0.000,0.000,117454.1,3.325,1.00,-5.00
65.590,12.000,12.000,0.000,2543.639,0.000,0.000,0.000,0.000,0.000,117454.1,3.325,1.00,-5.00
65.600,12.000,12.000,0.000,2543.639,0.000,0.000,0.000,0.000,0.000,117454.1,3.325,1.00,-5.00
65.610,12.000,12.000,0.000,2543.639,0.000,0.000,0.000,0.000,0.000,117454.1,3.325,1.00,-5.00
65.620,12.000,12.000,0.000,2543.639,0.000,0.000,0.000,0.000,0.000,117454.1,3.325,1.00,-5.00
65.630,12.000,12.000,0.000,2543.639,0.000,0.000,0.000,0.000,0.000,117454.1,3.325,1.00,-5.00
65.640,12.000,12.000,0.000,2543.639,0.000,0.000,0.000,0.000,0.000,117454.1,3.325,1.00,-5.00
65.650,12.000,12.000,0.000,2543.639,0.000,0.000,0.000,0.000,0.000,117454.1,3.325,1.00,-5.00
65.660,12.000,12.000,0.000,2543.639,0.000,0.000,0.000,0.000,0.000,117454.1,3.325,1.00,-5.00
65.670,12.000,12.000,0.000,2543.639,0.000,0.000,0.000,0.000,0.000,117454.1,3.325,1.00,-5.00
65.680,12.000,12.000,0.000,2543.639,0.000,0.000,0.000,0.000,0.000,117454.1,3.325,1.00,-5.00
65.690,12.000,12.000,0.000,2543.639,0.000,0.000,0.000,0.000,0.000,117454.1,3.325,1.00,-5.00
65.700,12.000,12.000,0.000,2543.639,0.000,0.000,0.000,0.000,0.000,117454.1,3.325,1.00,-5.00
65.710,12.000,12.000,0.000,2543.639,0.000,0.000,0.000,0.000,0.000,117454.1,3.325,1.00,-5.00
65.720,12.000,12.000,0.000,2543.639,0.000,0.000,0.000,0.000,0.000,117454.1,3.325,1.00,-5.00
65.730,12.000,12.000,0.000,2543.639,0.000,0.000,0.000,0.000,0.000,117454.1,3.325,1.00,-5.00
65.740,12.000,12.000,0.000,2543.639,0.000,0.000,0.000,0.000,0.000,117454.1,3.325,1.00,-5.00
65.750,12.000,12.000,0.000,2543.639,0.000,0.000,0.000,0.000,0.000,117454.1,3.325,1.00,-5.00
65.760,12.000,12.000,0.000,2543.639,0.000,0.000,0.000,0.000,0.000,117454.1,3.325,1.00,-5.00
65.770,12.000,12.000,0.000,2543.639,0.000,0.000,0.000,0.000,0.000,117454.1,3.325,1.00,-5.00
65.780,12.000,12.000,0.000,2543.639,0.000,0.000,0.000,0.000,0.000,117454.1,3.325,1.00,-5.00
65.790,12.000,12.000,0.000,2543.639,0.000,0.000,0.000,0.000,0.000,117454.1,3.325,1.00,-5.00
65.800,12.000,12.000,0.000,2543.639,0.000,0.000,0.000,0.000,0.000,117454.1,3.325,1.00,-5.00
65.810,12.000,12.000,0.000,2543.639,0.000,0.000,0.000,0.000,0.000,117454.1,3.325,1.00,-5.00
65.820,12.000,12.000,0.000,2543.639,0.000,0.000,0.000,0.000,0.000,117454.1,3.325,1.00,-5.00
65.830,12.000,12.000,0.000,2543.639,0.000,0.000,0.000,0.000,0.000,117454.1,3.325,1.00,-5.00
65.840,12.000,12.010,-0.010,0.000,34.445,0.000,0.000,0.000,0.000,117449.9,3.253,1.00,-5.00
65.850,12.000,12.000,0.000,20158.014,0.000,0.000,0.000,0.000,0.000,117449.9,3.253,1.00,-5.00
65.860,12.000,12.000,0.000,2543.420,0.000,0.000,0.000,0.000,0.000,117449.9,3.320,1.00,-5.00
65.870,12.000,12.000,0.000,2544.975,0.000,0.000,0.000,0.000,0.000,117466.7,3.356,1.00,-5.00
65.880,12.000,12.000,0.000,2544.974,0.000,0.000,0.000,0.000,0.000,117466.7,3.356,1.00,-5.00
65.890,12.000,12.000,0.000,2544.974,0.000,0.000,0.000,0.000,0.000,117466.7,3.356,1.00,-5.00
65.900,12.000,12.000,0.000,2544.974,0.000,0.000,0.000,0.000,0.000,117466.7,3.356,1.00,-5.00
65.910,12.000,12.000,0.000,2544.974,0.000,0.000,0.000,0.000,0.000,117466.7,3.356,1.00,-5.00
65.920,12.000,12.000,0.000,2544.974,0.000,0.000,0.000,0.000,0.000,117466.7,3.356,1.00,-5.00
65.930,12.000,12.010,-0.010,0.000,34.447,0.000,0.000,0.000,0.000,117462.5,3.284,1.00,-5.00
65.940,12.000,12.010,-0.010,0.000,1.824,0.000,0.000,0.000,0.000,117458.2,3.212,1.00,-5.00
65.950,12.000,12.010,-0.010,0.000,1.824,0.000,0.000,0.000,0.000,117458.2,3.207,1.00,-5.00
65.960,12.000,12.010,-0.010,0.000,1.824,0.000,0.000,0.000,0.000,117458.2,3.202,1.00,-5.00
65.970,12.000,11.990,0.010,37781.535,0.000,0.000,0.000,0.000,0.000,117458.2,3.341,1.00,-5.00
65.980,12.000,12.000,0.000,0.000,27.910,0.000,0.000,0.000,0.000,117458.2,3.407,1.00,-5.00
65.990,12.000,12.000,0.000,2547.202,0.000,0.000,0.000,0.000,0.000,117458.2,3.407,1.00,-5.00
66.000,12.000,11.990,0.010,23692.315,0.000,0.000,0.000,0.000,0.000,117458.2,3.474,1.00,-5.00
66.010,12.000,12.000,0.000,0.000,27.905,0.000,0.000,0.000,0.000,117458.2,3.474,1.00,-5.00
66.020,12.000,12.000,0.000,2548.845,0.000,0.000,0.000,0.000,0.000,117442.4,3.445,1.00,-5.00
66.030,12.000,11.990,0.010,23691.112,0.000,0.000,0.000,0.000,0.000,117442.4,3.512,1.00,-5.00
66.040,12.000,11.990,0.010,6077.983,0.000,0.000,0.000,0.000,0.000,117446.7,3.584,1.00,-5.00
66.050,12.000,12.000,0.000,0.000,27.891,0.000,0.000,0.000,0.000,117430.9,3.556,1.00,-5.00
66.060,12.000,11.990,0.010,23691.390,0.000,0.000,0.000,0.000,0.000,117431.9,3.563,1.00,-5.00
66.070,12.000,11.990,0.010,6079.489,0.000,0.000,0.000,0.000,0.000,117431.9,3.629,1.00,-5.00
66.080,12.000,12.000,0.000,0.000,27.883,0.000,0.000,0.000,0.000,117416.1,3.601,1.00,-5.00
66.090,12.000,12.000,0.000,2552.757,0.000,0.000,0.000,0.000,0.000,117407.0,3.536,1.00,-5.00
66.100,12.000,12.000,0.000,2552.532,0.000,0.000,0.000,0.000,0.000,117407.0,3.531,1.00,-5.00
66.110,12.000,12.000,0.000,2552.532,0.000,0.000,0.000,0.000,0.000,117407.0,3.531,1.00,-5.00
66.120,12.000,12.000,0.000,2552.532,0.000,0.000,0.000,0.000,0.000,117407.0,3.531,1.00,-5.00
66.130,12.000,12.000,0.000,2552.532,0.000,0.000,0.000,0.000,0.000,117407.0,3.531,1.00,-5.00
66.140,12.000,12.000,0.000,2552.532,0.000,0.000,0.000,0.000,0.000,117407.0,3.531,1.00,-5.00
66.150,12.000,12.000,0.000,2552.532,0.000,0.000,0.000,0.000,0.000,117407.0,3.531,1.00,-5.00
66.160,12.000,12.000,0.000,2552.532,0.000,0.000,0.000,0.000,0.000,117407.0,3.531,1.00,-5.00
66.170,12.000,12.000,0.000,2552.532,0.000,0.000,0.000,0.000,0.000,117407.0,3.531,1.00,-5.00
66.180,12.000,12.000,0.000,2552.532,0.000,0.000,0.000,0.000,0.000,117407.0,3.531,1.00,-5.00
66.190,12.000,12.000,0.000,2552.532,0.000,0.000,0.000,0.000,0.000,117407.0,3.531,1.00,-5.00
66.200,12.000,12.000,0.000,2552.532,0.000,0.000,0.000,0.000,0.000,117407.0,3.531,1.00,-5.00
66.210,12.000,12.000,0.000,2552.532,0.000,0.000,0.000,0.000,0.000,117407.0,3.531,1.00,-5.00
66.220,12.000,12.000,0.000,2552.532,0.000,0.000,0.000,0.000,0.000,117407.0,3.531,1.00,-5.00
66.230,12.000,12.000,0.000,2552.532,0.000,0.000,0.000,0.000,0.000,117407.0,3.531,1.00,-5.00
66.240,12.000,12.000,0.000,2552.532,0.000,0.000,0.000,0.000,0.000,117407.0,3.531,1.00,-5.00
66.250,12.000,12.000,0.000,2552.532,0.000,0.000,0.000,0.000,0.000,117407.0,3.531,1.00,-5.00
66.260,12.000,12.000,0.000,2552.532,0.000,0.000,0.000,0.000,0.000,117407.0,3.531,1.00,-5.00
66.270,12.000,12.000,0.000,2552.532,0.000,0.000,0.000,0.000,0.000,117407.0,3.531,1.00,-5.00
66.280,12.000,12.000,0.000,2552.532,0.000,0.000,0.000,0.000,0.000,117407.0,3.531,1.00,-5.00
66.290,12.000,12.000,0.000,2552.532,0.000,0.000,0.000,0.000,0.000,117407.0,3.531,1.00,-5.00
66.300,12.000,12.000,0.000,2552.532,0.000,0.000,0.000,0.000,0.000,117407.0,3.531,1.00,-5.00
66.310,12.000,12.000,0.000,2552.532,0.000,0.000,0.000,0.000,0.000,117407.0,3.531,1.00,-5.00
66.320,12.000,12.000,0.000,2552.532,0.000,0.000,0.000,0.000,0.000,117407.0,3.531,1.00,-5.00
66.330,12.000,12.000,0.000,2552.532,0.000,0.000,0.000,0.000,0.000,117407.0,3.531,1.00,-5.00
66.340,12.000,12.000,0.000,2552.532,0.000,0.000,0.000,0.000,0.000,117407.0,3.531,1.00,-5.00
66.350,12.000,12.000,0.000,2552.532,0.000,0.000,0.000,0.000,0.000,117407.0,3.531,1.00,-5.00
66.360,12.000,12.000,0.000,2552.532,0.000,0.000,0.000,0.000,0.000,117407.0,3.531,1.00,-5.00
66.370,12.000,12.000,0.000,2552.532,0.000,0.000,0.000,0.000,0.000,117407.0,3.531,1.00,-5.00
66.380,12.000,12.000,0.000,2552.532,0.000,0.000,0.000,0.000,0.000,117407.0,3.531,1.00,-5.00
66.390,12.000,12.000,0.000,2552.532,0.000,0.000,0.000,0.000,0.000,117407.0,3.531,1.00,-5.00
66.400,12.000,12.000,0.000,2552.532,0.000,0.000,0.000,0.000,0.000,117407.0,3.531,1.00,-5.00
66.410,12.000,12.000,0.000,2552.532,0.000,0.000,0.000,0.000,0.000,117407.0,3.531,1.00,-5.00
66.420,12.000,12.000,0.000,2552.532,0.000,0.000,0.000,0.000,0.000,117407.0,3.531,1.00,-5.00
66.430,12.000,12.000,0.000,2552.532,0.000,0.000,0.000,0.000,0.000,117407.0,3.531,1.00,-5.00
66.440,12.000,12.000,0.000,2552.532,0.000,0.000,0.000,0.000,0.000,117407.0,3.531,1.00,-5.00
66.450,12.000,12.000,0.000,2552.532,0.000,0.000,0.000,0.000,0.000,117407.0,3.531,1.00,-5.00
66.460,12.000,12.000,0.000,2552.532,0.000,0.000,0.000,0.000,0.000,117407.0,3.531,1.00,-5.00
66.470,12.000,12.000,0.000,2552.532,0.000,0.000,0.000,0.000,0.000,117407.0,3.531,1.00,-5.00
66.480,12.000,12.000,0.000,2552.532,0.000,0.000,0.000,0.000,0.000,117407.0,3.531,1.00,-5.00
66.490,12.000,12.000,0.000,2552.532,0.000,0.000,0.000,0.000,0.000,117407.0,3.531,1.00,-5.00
66.500,12.000,12.000,0.000,2552.532,0.000,0.000,0.000,0.000,0.000,117407.0,3.531,1.00,-5.00
66.510,12.000,12.000,0.000,2552.532,0.000,0.000,0.000,0.000,0.000,117407.0,3.531,1.00,-5.00
66.520,12.000,12.000,0.000,2552.532,0.000,0.000,0.000,0.000,0.000,117407.0,3.531,1.00,-5.00
66.530,12.000,12.000,0.000,2552.532,0.000,0.000,0.000,0.000,0.000,117407.0,3.531,1.00,-5.00
66.540,12.000,12.000,0.000,2552.532,0.000,0.000,0.000,0.000,0.000,117407.0,3.531,1.00,-5.00
66.550,12.000,12.000,0.000,2552.532,0.000,0.000,0.000,0.000,0.000,117407.0,3.531,1.00,-5.00
66.560,12.000,12.000,0.000,2552.532,0.000,0.000,0.000,0.000,0.000,117407.0,3.531,1.00,-5.00
66.570,12.000,12.000,0.000,2552.532,0.000,0.000,0.000,0.000,0.000,117407.0,3.531,1.00,-5.00
66.580,12.000,12.000,0.000,2552.532,0.000,0.000,0.000,0.000,0.000,117407.0,3.531,1.00,-5.00
66.590,12.000,12.000,0.000,2552.532,0.000,0.000,0.000,0.000,0.000,117407.0,3.531,1.00,-5.00
66.600,12.000,12.000,0.000,2552.532,0.000,0.000,0.000,0.000,0.000,117407.0,3.531,1.00,-5.00
66.610,12.000,12.000,0.000,2552.532,0.000,0.000,0.000,0.000,0.000,117407.0,3.531,1.00,-5.00
66.620,12.000,12.000,0.000,2552.532,0.000,0.000,0.000,0.000,0.000,117407.0,3.531,1.00,-5.00
66.630,12.000,12.000,0.000,2552.532,0.000,0.000,0.000,0.000,0.000,117407.0,3.531,1.00,-5.00
66.640,12.000,12.000,0.000,2552.532,0.000,0.000,0.000,0.000,0.000,117407.0,3.531,1.00,-5.00
66.650,12.000,12.000,0.000,2552.532,0.000,0.000,0.000,0.000,0.000,117407.0,3.531,1.00,-5.00
66.660,12.000,12.000,0.000,2552.532,0.000,0.000,0.000,0.000,0.000,117407.0,3.531,1.00,-5.00
66.670,12.000,12.000,0.000,2552.532,0.000,0.000,0.000,0.000,0.000,117407.0,3.531,1.00,-5.00
66.680,12.000,12.000,0.000,2552.532,0.000,0.000,0.000,0.000,0.000,117407.0,3.531,1.00,-5.00
66.690,12.000,12.000,0.000,2552.532,0.000,0.000,0.000,0.000,0.000,117407.0,3.531,1.00,-5.00
66.700,12.000,12.000,0.000,2552.532,0.000,0.000,0.000,0.000,0.000,117407.0,3.531,1.00,-5.00
66.710,12.000,12.000,0.000,2552.532,0.000,0.000,0.000,0.000,0.000,117407.0,3.531,1.00,-5.00
66.720,12.000,12.000,0.000,2552.532,0.000,0.000,0.000,0.000,0.000,117407.0,3.531,1.00,-5.00
66.730,12.000,12.000,0.000,2552.532,0.000,0.000,0.000,0.000,0.000,117407.0,3.531,1.00,-5.00
66.740,12.000,12.000,0.000,2552.532,0.000,0.000,0.000,0.000,0.000,117407.0,3.531,1.00,-5.00
66.750,12.000,12.000,0.000,2552.532,0.000,0.000,0.000,0.000,0.000,117407.0,3.531,1.00,-5.00
66.760,12.000,12.000,0.000,2552.532,0.000,0.000,0.000,0.000,0.000,117407.0,3.531,1.00,-5.00
66.770,12.000,12.000,0.000,2552.532,0.000,0.000,0.000,0.000,0.000,117407.0,3.531,1.00,-5.00
66.780,12.000,12.000,0.000,2552.532,0.000,0.000,0.000,0.000,0.000,117407.0,3.531,1.00,-5.00
66.790,12.000,12.000,0.000,2552.532,0.000,0.000,0.000,0.000,0.000,117407.0,3.531,1.00,-5.00
66.800,12.000,12.000,0.000,2552.532,0.000,0.000,0.000,0.000,0.000,117407.0,3.531,1.00,-5.00
66.810,12.000,12.000,0.000,2552.532,0.000,0.000,0.000,0.000,0.000,117407.0,3.531,1.00,-5.00
66.820,12.000,12.000,0.000,2552.532,0.000,0.000,0.000,0.000,0.000,117407.0,3.531,1.00,-5.00
66.830,12.000,12.000,0.000,2552.532,0.000,0.000,0.000,0.000,0.000,117407.0,3.531,1.00,-5.00
66.840,12.000,12.000,0.000,2552.532,0.000,0.000,0.000,0.000,0.000,117407.0,3.531,1.00,-5.00
66.850,12.000,12.000,0.000,2552.532,0.000,0.000,0.000,0.000,0.000,117407.0,3.531,1.00,-5.00
66.860,12.000,12.000,0.000,2552.532,0.000,0.000,0.000,0.000,0.000,117407.0,3.531,1.00,-5.00
66.870,12.000,12.000,0.000,2552.532,0.000,0.000,0.000,0.000,0.000,117407.0,3.531,1.00,-5.00
66.880,12.000,12.000,0.000,2552.532,0.000,0.000,0.000,0.000,0.000,117407.0,3.531,1.00,-5.00
66.890,12.000,12.000,0.000,2552.532,0.000,0.000,0.000,0.000,0.000,117407.0,3.531,1.00,-5.00
66.900,12.000,12.000,0.000,2552.532,0.000,0.000,0.000,0.000,0.000,117407.0,3.531,1.00,-5.00
66.910,12.000,12.000,0.000,2552.532,0.000,0.000,0.000,0.000,0.000,117407.0,3.531,1.00,-5.00
66.920,12.000,12.000,0.000,2552.532,0.000,0.000,0.000,0.000,0.000,117407.0,3.531,1.00,-5.00
66.930,12.000,12.000,0.000,2552.532,0.000,0.000,0.000,0.000,0.000,117407.0,3.531,1.00,-5.00
66.940,12.000,12.000,0.000,2552.532,0.000,0.000,0.000,0.000,0.000,117407.0,3.531,1.00,-5.00
66.950,12.000,12.000,0.000,2552.532,0.000,0.000,0.000,0.000,0.000,117407.0,3.531,1.00,-5.00
66.960,12.000,12.000,0.000,2552.532,0.000,0.000,0.000,0.000,0.000,117407.0,3.531,1.00,-5.00
66.970,12.000,12.000,0.000,2552.532,0.000,0.000,0.000,0.000,0.000,117407.0,3.531,1.00,-5.00
66.980,12.000,12.000,0.000,2552.532,0.000,0.000,0.000,0.000,0.000,117407.0,3.531,1.00,-5.00
66.990,12.000,12.000,0.000,2552.532,0.000,0.000,0.000,0.000,0.000,117407.0,3.531,1.00,-5.00
67.000,12.000,12.000,0.000,2552.532,0.000,0.000,0.000,0.000,0.000,117407.0,3.531,1.00,-5.00
67.010,12.000,12.000,0.000,2552.532,0.000,0.000,0.000,0.000,0.000,117407.0,3.531,1.00,-5.00
67.020,12.000,12.000,0.000,2552.532,0.000,0.000,0.000,0.000,0.000,117407.0,3.531,1.00,-5.00
67.030,12.000,12.000,0.000,2552.532,0.000,0.000,0.000,0.000,0.000,117407.0,3.531,1.00,-5.00
67.040,12.000,12.000,0.000,2552.532,0.000,0.000,0.000,0.000,0.000,117407.0,3.531,1.00,-5.00
67.050,12.000,12.000,0.000,2552.532,0.000,0.000,0.000,0.000,0.000,117407.0,3.531,1.00,-5.00
67.060,12.000,12.000,0.000,2552.532,0.000,0.000,0.000,0.000,0.000,117407.0,3.531,1.00,-5.00
67.070,12.000,12.000,0.000,2552.532,0.000,0.000,0.000,0.000,0.000,117407.0,3.531,1.00,-5.00
67.080,12.000,12.000,0.000,2552.532,0.000,0.000,0.000,0.000,0.000,117407.0,3.531,1.00,-5.00
67.090,12.000,12.000,0.000,2552.532,0.000,0.000,0.000,0.000,0.000,117407.0,3.531,1.00,-5.00
67.100,12.000,12.000,0.000,2552.532,0.000,0.000,0.000,0.000,0.000,117407.0,3.531,1.00,-5.00
67.110,12.000,12.000,0.000,2552.532,0.000,0.000,0.000,0.000,0.000,117407.0,3.531,1.00,-5.00
67.120,12.000,12.000,0.000,2552.532,0.000,0.000,0.000,0.000,0.000,117407.0,3.531,1.00,-5.00
67.130,12.000,12.000,0.000,2552.532,0.000,0.000,0.000,0.000,0.000,117407.0,3.531,1.00,-5.00
67.140,12.000,12.000,0.000,2552.532,0.000,0.000,0.000,0.000,0.000,117407.0,3.531,1.00,-5.00
67.150,12.000,12.000,0.000,2552.532,0.000,0.000,0.000,0.000,0.000,117407.0,3.531,1.00,-5.00
67.160,12.000,12.000,0.000,2552.532,0.000,0.000,0.000,0.000,0.000,117407.0,3.531,1.00,-5.00
67.170,12.000,12.000,0.000,2552.532,0.000,0.000,0.000,0.000,0.000,117407.0,3.531,1.00,-5.00
67.180,12.000,12.000,0.000,2552.532,0.000,0.000,0.000,0.000,0.000,117407.0,3.531,1.00,-5.00
67.190,12.000,12.000,0.000,2552.532,0.000,0.000,0.000,0.000,0.000,117407.0,3.531,1.00,-5.00
67.200,12.000,12.000,0.000,2552.532,0.000,0.000,0.000,0.000,0.000,117407.0,3.531,1.00,-5.00
67.210,12.000,12.000,0.000,2552.532,0.000,0.000,0.000,0.000,0.000,117407.0,3.531,1.00,-5.00
67.220,12.000,12.000,0.000,2552.532,0.000,0.000,0.000,0.000,0.000,117407.0,3.531,1.00,-5.00
67.230,12.000,12.000,0.000,2552.532,0.000,0.000,0.000,0.000,0.000,117407.0,3.531,1.00,-5.00
67.240,12.000,12.000,0.000,2552.532,0.000,0.000,0.000,0.000,0.000,117407.0,3.531,1.00,-5.00
67.250,12.000,12.000,0.000,2552.532,0.000,0.000,0.000,0.000,0.000,117407.0,3.531,1.00,-5.00
67.260,12.000,12.000,0.000,2552.532,0.000,0.000,0.000,0.000,0.000,117407.0,3.531,1.00,-5.00
67.270,12.000,12.000,0.000,2552.532,0.000,0.000,0.000,0.000,0.000,117407.0,3.531,1.00,-5.00
67.280,12.000,12.000,0.000,2552.532,0.000,0.000,0.000,0.000,0.000,117407.0,3.531,1.00,-5.00
67.290,12.000,12.000,0.000,2552.532,0.000,0.000,0.000,0.000,0.000,117407.0,3.531,1.00,-5.00
67.300,12.000,12.000,0.000,2552.532,0.000,0.000,0.000,0.000,0.000,117407.0,3.531,1.00,-5.00
67.310,12.000,12.000,0.000,2552.532,0.000,0.000,0.000,0.000,0.000,117407.0,3.531,1.00,-5.00
67.320,12.000,12.000,0.000,2552.532,0.000,0.000,0.000,0.000,0.000,117407.0,3.531,1.00,-5.00
67.330,12.000,12.000,0.000,2552.532,0.000,0.000,0.000,0.000,0.000,117407.0,3.531,1.00,-5.00
67.340,12.000,12.000,0.000,2552.532,0.000,0.000,0.000,0.000,0.000,117407.0,3.531,1.00,-5.00
67.350,12.000,12.000,0.000,2552.532,0.000,0.000,0.000,0.000,0.000,117407.0,3.531,1.00,-5.00
67.360,12.000,12.000,0.000,2552.532,0.000,0.000,0.000,0.000,0.000,117407.0,3.531,1.00,-5.00
67.370,12.000,12.000,0.000,2552.532,0.000,0.000,0.000,0.000,0.000,117407.0,3.531,1.00,-5.00
67.380,12.000,12.000,0.000,2552.532,0.000,0.000,0.000,0.000,0.000,117407.0,3.531,1.00,-5.00
67.400,12.000,12.000,0.000,2552.532,0.000,0.000,0.000,0.000,0.000,117407.0,3.531,1.00,-5.00
67.410,12.000,12.000,0.000,2552.532,0.000,0.000,0.000,0.000,0.000,117407.0,3.531,1.00,-5.00
67.420,12.000,12.000,0.000,2552.532,0.000,0.000,0.000,0.000,0.000,117407.0,3.531,1.00,-5.00
67.430,12.000,12.000,0.000,2552.532,0.000,0.000,0.000,0.000,0.000,117407.0,3.531,1.00,-5.00
67.440,12.000,12.000,0.000,2552.532,0.000,0.000,0.000,0.000,0.000,117407.0,3.531,1.00,-5.00
67.450,12.000,12.000,0.000,2552.532,0.000,0.000,0.000,0.000,0.000,117407.0,3.531,1.00,-5.00
67.460,12.000,12.000,0.000,2552.532,0.000,0.000,0.000,0.000,0.000,117407.0,3.531,1.00,-5.00
67.470,12.000,12.000,0.000,2552.532,0.000,0.000,0.000,0.000,0.000,117407.0,3.531,1.00,-5.00
67.480,12.000,12.000,0.000,2552.532,0.000,0.000,0.000,0.000,0.000,117407.0,3.531,1.00,-5.00
67.490,12.000,12.000,0.000,2552.532,0.000,0.000,0.000,0.000,0.000,117407.0,3.531,1.00,-5.00
67.500,12.000,12.000,0.000,2552.532,0.000,0.000,0.000,0.000,0.000,117407.0,3.531,1.00,-5.00
67.510,12.000,12.000,0.000,2552.532,0.000,0.000,0.000,0.000,0.000,117407.0,3.531,1.00,-5.00
67.520,12.000,12.000,0.000,2552.532,0.000,0.000,0.000,0.000,0.000,117407.0,3.531,1.00,-5.00
67.530,12.000,12.000,0.000,2552.532,0.000,0.000,0.000,0.000,0.000,117407.0,3.531,1.00,-5.00
67.540,12.000,12.000,0.000,2552.532,0.000,0.000,0.000,0.000,0.000,117407.0,3.531,1.00,-5.00
67.550,12.000,12.000,0.000,2552.532,0.000,0.000,0.000,0.000,0.000,117407.0,3.531,1.00,-5.00
67.560,12.000,12.000,0.000,2552.532,0.000,0.000,0.000,0.000,0.000,117407.0,3.531,1.00,-5.00
67.570,12.000,12.000,0.000,2552.532,0.000,0.000,0.000,0.000,0.000,117407.0,3.531,1.00,-5.00
67.580,12.000,12.000,0.000,2552.532,0.000,0.000,0.000,0.000,0.000,117407.0,3.531,1.00,-5.00
67.590,12.000,12.000,0.000,2552.532,0.000,0.000,0.000,0.000,0.000,117407.0,3.531,1.00,-5.00
67.600,12.000,12.000,0.000,2552.532,0.000,0.000,0.000,0.000,0.000,117407.0,3.531,1.00,-5.00
67.610,12.000,12.000,0.000,2552.532,0.000,0.000,0.000,0.000,0.000,117407.0,3.531,1.00,-5.00
67.620,12.000,12.000,0.000,2552.532,0.000,0.000,0.000,0.000,0.000,117407.0,3.531,1.00,-5.00
67.630,12.000,12.000,0.000,2552.532,0.000,0.000,0.000,0.000,0.000,117407.0,3.531,1.00,-5.00
67.640,12.000,12.000,0.000,2552.532,0.000,0.000,0.000,0.000,0.000,117407.0,3.531,1.00,-5.00
67.650,12.000,12.000,0.000,2552.532,0.000,0.000,0.000,0.000,0.000,117407.0,3.531,1.00,-5.00
67.660,12.000,12.000,0.000,2552.532,0.000,0.000,0.000,0.000,0.000,117407.0,3.531,1.00,-5.00
67.670,12.000,12.000,0.000,2552.532,0.000,0.000,0.000,0.000,0.000,117407.0,3.531,1.00,-5.00
67.680,12.000,12.000,0.000,2552.532,0.000,0.000,0.000,0.000,0.000,117407.0,3.531,1.00,-5.00
67.690,12.000,12.000,0.000,2552.532,0.000,0.000,0.000,0.000,0.000,117407.0,3.531,1.00,-5.00
67.700,12.000,12.000,0.000,2552.532,0.000,0.000,0.000,0.000,0.000,117407.0,3.531,1.00,-5.00
67.710,12.000,12.000,0.000,2552.532,0.000,0.000,0.000,0.000,0.000,117407.0,3.531,1.00,-5.00
67.720,12.000,12.000,0.000,2552.532,0.000,0.000,0.000,0.000,0.000,117407.0,3.531,1.00,-5.00
67.730,12.000,12.000,0.000,2552.532,0.000,0.000,0.000,0.000,0.000,117407.0,3.531,1.00,-5.00
67.740,12.000,12.000,0.000,2552.532,0.000,0.000,0.000,0.000,0.000,117407.0,3.531,1.00,-5.00
67.750,12.000,12.000,0.000,2552.532,0.000,0.000,0.000,0.000,0.000,117407.0,3.531,1.00,-5.00
67.760,12.000,12.000,0.000,2552.532,0.000,0.000,0.000,0.000,0.000,117407.0,3.531,1.00,-5.00
67.770,12.000,12.000,0.000,2552.532,0.000,0.000,0.000,0.000,0.000,117407.0,3.531,1.00,-5.00
67.780,12.000,12.000,0.000,2552.532,0.000,0.000,0.000,0.000,0.000,117407.0,3.531,1.00,-5.00
67.790,12.000,12.000,0.000,2552.532,0.000,0.000,0.000,0.000,0.000,117407.0,3.531,1.00,-5.00
67.800,12.000,12.000,0.000,2552.532,0.000,0.000,0.000,0.000,0.000,117407.0,3.531,1.00,-5.00
67.810,12.000,12.000,0.000,2552.532,0.000,0.000,0.000,0.000,0.000,117407.0,3.531,1.00,-5.00
67.820,12.000,12.000,0.000,2552.532,0.000,0.000,0.000,0.000,0.000,117407.0,3.531,1.00,-5.00
67.830,12.000,12.000,0.000,2552.532,0.000,0.000,0.000,0.000,0.000,117407.0,3.531,1.00,-5.00
67.840,12.000,12.000,0.000,2552.532,0.000,0.000,0.000,0.000,0.000,117407.0,3.531,1.00,-5.00
67.850,12.000,12.000,0.000,2552.532,0.000,0.000,0.000,0.000,0.000,117407.0,3.531,1.00,-5.00
67.860,12.000,12.000,0.000,2552.532,0.000,0.000,0.000,0.000,0.000,117407.0,3.531,1.00,-5.00
67.870,12.000,12.000,0.000,2552.532,0.000,0.000,0.000,0.000,0.000,117407.0,3.531,1.00,-5.00
67.880,12.000,12.000,0.000,2552.532,0.000,0.000,0.000,0.000,0.000,117407.0,3.531,1.00,-5.00
67.890,12.000,12.000,0.000,2552.532,0.000,0.000,0.000,0.000,0.000,117407.0,3.531,1.00,-5.00
67.900,12.000,12.010,-0.010,0.000,34.413,0.000,0.000,0.000,0.000,117402.7,3.459,1.00,-5.00
67.910,12.000,12.000,0.000,20159.827,0.000,0.000,0.000,0.000,0.000,117402.7,3.459,1.00,-5.00
67.920,12.000,12.000,0.000,2552.312,0.000,0.000,0.000,0.000,0.000,117402.7,3.526,1.00,-5.00
67.930,12.000,12.000,0.000,2553.867,0.000,0.000,0.000,0.000,0.000,117419.5,3.562,1.00,-5.00
67.940,12.000,12.000,0.000,2553.866,0.000,0.000,0.000,0.000,0.000,117419.5,3.562,1.00,-5.00
67.950,12.000,12.000,0.000,2553.866,0.000,0.000,0.000,0.000,0.000,117419.5,3.562,1.00,-5.00
67.960,12.000,12.000,0.000,2553.866,0.000,0.000,0.000,0.000,0.000,117419.5,3.562,1.00,-5.00
67.970,12.000,12.000,0.000,2553.866,0.000,0.000,0.000,0.000,0.000,117419.5,3.562,1.00,-5.00
67.980,12.000,12.000,0.000,2553.866,0.000,0.000,0.000,0.000,0.000,117419.5,3.562,1.00,-5.00
67.990,12.000,12.000,0.000,2553.866,0.000,0.000,0.000,0.000,0.000,117419.5,3.562,1.00,-5.00
68.000,12.000,12.000,0.000,2553.866,0.000,0.000,0.000,0.000,0.000,117419.5,3.562,1.00,-5.00
68.010,12.000,12.000,0.000,2553.866,0.000,0.000,0.000,0.000,0.000,117419.5,3.562,1.00,-5.00
68.020,12.000,12.000,0.000,2553.866,0.000,0.000,0.000,0.000,0.000,117419.5,3.562,1.00,-5.00
68.030,12.000,12.000,0.000,2553.866,0.000,0.000,0.000,0.000,0.000,117419.5,3.562,1.00,-5.00
68.040,12.000,12.000,0.000,2553.866,0.000,0.000,0.000,0.000,0.000,117419.5,3.562,1.00,-5.00
68.050,12.000,12.000,0.000,2553.866,0.000,0.000,0.000,0.000,0.000,117419.5,3.562,1.00,-5.00
68.060,12.000,12.000,0.000,2553.866,0.000,0.000,0.000,0.000,0.000,117419.5,3.562,1.00,-5.00
68.070,12.000,12.000,0.000,2553.866,0.000,0.000,0.000,0.000,0.000,117419.5,3.562,1.00,-5.00
68.080,12.000,12.000,0.000,2553.866,0.000,0.000,0.000,0.000,0.000,117419.5,3.562,1.00,-5.00
68.090,12.000,12.000,0.000,2553.866,0.000,0.000,0.000,0.000,0.000,117419.5,3.562,1.00,-5.00
68.100,12.000,12.000,0.000,2553.866,0.000,0.000,0.000,0.000,0.000,117419.5,3.562,1.00,-5.00
68.110,12.000,12.000,0.000,2553.866,0.000,0.000,0.000,0.000,0.000,117419.5,3.562,1.00,-5.00
68.120,12.000,12.000,0.000,2553.866,0.000,0.000,0.000,0.000,0.000,117419.5,3.562,1.00,-5.00
68.130,12.000,12.000,0.000,2553.866,0.000,0.000,0.000,0.000,0.000,117419.5,3.562,1.00,-5.00
68.140,12.000,12.000,0.000,2553.866,0.000,0.000,0.000,0.000,0.000,117419.5,3.562,1.00,-5.00
68.150,12.000,12.000,0.000,2553.866,0.000,0.000,0.000,0.000,0.000,117419.5,3.562,1.00,-5.00
68.160,12.000,12.000,0.000,2553.866,0.000,0.000,0.000,0.000,0.000,117419.5,3.562,1.00,-5.00
68.170,12.000,12.000,0.000,2553.866,0.000,0.000,0.000,0.000,0.000,117419.5,3.562,1.00,-5.00
68.180,12.000,12.000,0.000,2553.866,0.000,0.000,0.000,0.000,0.000,117419.5,3.562,1.00,-5.00
68.190,12.000,12.000,0.000,2553.866,0.000,0.000,0.000,0.000,0.000,117419.5,3.562,1.00,-5.00
68.200,12.000,12.000,0.000,2553.866,0.000,0.000,0.000,0.000,0.000,117419.5,3.562,1.00,-5.00
68.210,12.000,12.000,0.000,2553.866,0.000,0.000,0.000,0.000,0.000,117419.5,3.562,1.00,-5.00
68.220,12.000,12.000,0.000,2553.866,0.000,0.000,0.000,0.000,0.000,117419.5,3.562,1.00,-5.00
68.230,12.000,12.000,0.000,2553.866,0.000,0.000,0.000,0.000,0.000,117419.5,3.562,1.00,-5.00
68.240,12.000,12.000,0.000,2553.866,0.000,0.000,0.000,0.000,0.000,117419.5,3.562,1.00,-5.00
68.250,12.000,12.000,0.000,2553.866,0.000,0.000,0.000,0.000,0.000,117419.5,3.562,1.00,-5.00
68.260,12.000,12.000,0.000,2553.866,0.000,0.000,0.000,0.000,0.000,117419.5,3.562,1.00,-5.00
68.270,12.000,12.000,0.000,2553.866,0.000,0.000,0.000,0.000,0.000,117419.5,3.562,1.00,-5.00
68.280,12.000,12.000,0.000,2553.866,0.000,0.000,0.000,0.000,0.000,117419.5,3.562,1.00,-5.00
68.290,12.000,12.000,0.000,2553.866,0.000,0.000,0.000,0.000,0.000,117419.5,3.562,1.00,-5.00
68.300,12.000,12.000,0.000,2553.866,0.000,0.000,0.000,0.000,0.000,117419.5,3.562,1.00,-5.00
68.310,12.000,12.000,0.000,2553.866,0.000,0.000,0.000,0.000,0.000,117419.5,3.562,1.00,-5.00
68.320,12.000,12.000,0.000,2553.866,0.000,0.000,0.000,0.000,0.000,117419.5,3.562,1.00,-5.00
68.330,12.000,12.000,0.000,2553.866,0.000,0.000,0.000,0.000,0.000,117419.5,3.562,1.00,-5.00
68.340,12.000,12.000,0.000,2553.866,0.000,0.000,0.000,0.000,0.000,117419.5,3.562,1.00,-5.00
68.350,12.000,12.000,0.000,2553.866,0.000,0.000,0.000,0.000,0.000,117419.5,3.562,1.00,-5.00
68.360,12.000,12.000,0.000,2553.866,0.000,0.000,0.000,0.000,0.000,117419.5,3.562,1.00,-5.00
68.370,12.000,12.000,0.000,2553.866,0.000,0.000,0.000,0.000,0.000,117419.5,3.562,1.00,-5.00
68.380,12.000,12.000,0.000,2553.866,0.000,0.000,0.000,0.000,0.000,117419.5,3.562,1.00,-5.00
68.390,12.000,12.000,0.000,2553.866,0.000,0.000,0.000,0.000,0.000,117419.5,3.562,1.00,-5.00
68.410,12.000,12.000,0.000,2553.866,0.000,0.000,0.000,0.000,0.000,117419.5,3.562,1.00,-5.00
68.420,12.000,12.000,0.000,2553.866,0.000,0.000,0.000,0.000,0.000,117419.5,3.562,1.00,-5.00
68.430,12.000,12.000,0.000,2553.866,0.000,0.000,0.000,0.000,0.000,117419.5,3.562,1.00,-5.00
68.440,12.000,12.000,0.000,2553.866,0.000,0.000,0.000,0.000,0.000,117419.5,3.562,1.00,-5.00
68.450,12.000,12.000,0.000,2553.866,0.000,0.000,0.000,0.000,0.000,117419.5,3.562,1.00,-5.00
68.460,12.000,12.000,0.000,2553.866,0.000,0.000,0.000,0.000,0.000,117419.5,3.562,1.00,-5.00
68.470,12.000,12.000,0.000,2553.866,0.000,0.000,0.000,0.000,0.000,117419.5,3.562,1.00,-5.00
68.480,12.000,12.000,0.000,2553.866,0.000,0.000,0.000,0.000,0.000,117419.5,3.562,1.00,-5.00
68.490,12.000,12.000,0.000,2553.866,0.000,0.000,0.000,0.000,0.000,117419.5,3.562,1.00,-5.00
68.500,12.000,12.000,0.000,2553.866,0.000,0.000,0.000,0.000,0.000,117419.5,3.562,1.00,-5.00
68.510,12.000,12.000,0.000,2553.866,0.000,0.000,0.000,0.000,0.000,117419.5,3.562,1.00,-5.00
68.520,12.000,12.000,0.000,2553.866,0.000,0.000,0.000,0.000,0.000,117419.5,3.562,1.00,-5.00
68.530,12.000,12.000,0.000,2553.866,0.000,0.000,0.000,0.000,0.000,117419.5,3.562,1.00,-5.00
68.540,12.000,12.000,0.000,2553.866,0.000,0.000,0.000,0.000,0.000,117419.5,3.562,1.00,-5.00
68.550,12.000,12.000,0.000,2553.866,0.000,0.000,0.000,0.000,0.000,117419.5,3.562,1.00,-5.00
68.560,12.000,12.000,0.000,2553.866,0.000,0.000,0.000,0.000,0.000,117419.5,3.562,1.00,-5.00
68.570,12.000,12.000,0.000,2553.866,0.000,0.000,0.000,0.000,0.000,117419.5,3.562,1.00,-5.00
68.580,12.000,12.000,0.000,2553.866,0.000,0.000,0.000,0.000,0.000,117419.5,3.562,1.00,-5.00
68.590,12.000,12.000,0.000,2553.866,0.000,0.000,0.000,0.000,0.000,117419.5,3.562,1.00,-5.00
68.600,12.000,12.000,0.000,2553.866,0.000,0.000,0.000,0.000,0.000,117419.5,3.562,1.00,-5.00
68.610,12.000,12.000,0.000,2553.866,0.000,0.000,0.000,0.000,0.000,117419.5,3.562,1.00,-5.00
68.620,12.000,12.000,0.000,2553.866,0.000,0.000,0.000,0.000,0.000,117419.5,3.562,1.00,-5.00
68.630,12.000,12.000,0.000,2553.866,0.000,0.000,0.000,0.000,0.000,117419.5,3.562,1.00,-5.00
68.640,12.000,12.000,0.000,2553.866,0.000,0.000,0.000,0.000,0.000,117419.5,3.562,1.00,-5.00
68.650,12.000,12.000,0.000,2553.866,0.000,0.000,0.000,0.000,0.000,117419.5,3.562,1.00,-5.00
68.660,12.000,12.000,0.000,2553.866,0.000,0.000,0.000,0.000,0.000,117419.5,3.562,1.00,-5.00
68.670,12.000,12.000,0.000,2553.866,0.000,0.000,0.000,0.000,0.000,117419.5,3.562,1.00,-5.00
68.680,12.000,12.000,0.000,2553.866,0.000,0.000,0.000,0.000,0.000,117419.5,3.562,1.00,-5.00
68.690,12.000,12.000,0.000,2553.866,0.000,0.000,0.000,0.000,0.000,117419.5,3.562,1.00,-5.00
68.700,12.000,12.000,0.000,2553.866,0.000,0.000,0.000,0.000,0.000,117419.5,3.562,1.00,-5.00
68.710,12.000,12.000,0.000,2553.866,0.000,0.000,0.000,0.000,0.000,117419.5,3.562,1.00,-5.00
68.720,12.000,12.010,-0.010,0.000,34.414,0.000,0.000,0.000,0.000,117415.2,3.490,1.00,-5.00
68.730,12.000,12.000,0.000,20163.043,0.000,0.000,0.000,0.000,0.000,117415.2,3.490,1.00,-5.00
68.740,12.000,12.000,0.000,2553.646,0.000,0.000,0.000,0.000,0.000,117415.2,3.557,1.00,-5.00
68.750,12.000,12.000,0.000,2555.201,0.000,0.000,0.000,0.000,0.000,117432.0,3.593,1.00,-5.00
68.760,12.000,12.000,0.000,2555.201,0.000,0.000,0.000,0.000,0.000,117432.0,3.593,1.00,-5.00
68.770,12.000,12.000,0.000,2555.201,0.000,0.000,0.000,0.000,0.000,117432.0,3.593,1.00,-5.00
68.780,12.000,12.000,0.000,2555.201,0.000,0.000,0.000,0.000,0.000,117432.0,3.593,1.00,-5.00
68.790,12.000,12.000,0.000,2555.201,0.000,0.000,0.000,0.000,0.000,117432.0,3.593,1.00,-5.00
68.800,12.000,12.010,-0.010,0.000,34.416,0.000,0.000,0.000,0.000,117427.8,3.521,1.00,-5.00
68.810,12.000,12.000,0.000,20166.259,0.000,0.000,0.000,0.000,0.000,117427.8,3.521,1.00,-5.00
68.820,12.000,12.000,0.000,2554.981,0.000,0.000,0.000,0.000,0.000,117427.8,3.588,1.00,-5.00
68.830,12.000,12.000,0.000,2556.536,0.000,0.000,0.000,0.000,0.000,117444.6,3.624,1.00,-5.00
68.840,12.000,12.000,0.000,2556.536,0.000,0.000,0.000,0.000,0.000,117444.6,3.624,1.00,-5.00
68.850,12.000,12.000,0.000,2556.536,0.000,0.000,0.000,0.000,0.000,117444.6,3.624,1.00,-5.00
68.860,12.000,12.000,0.000,2556.536,0.000,0.000,0.000,0.000,0.000,117444.6,3.624,1.00,-5.00
68.870,12.000,12.000,0.000,2556.536,0.000,0.000,0.000,0.000,0.000,117444.6,3.624,1.00,-5.00
68.880,12.000,12.010,-0.010,0.000,34.418,0.000,0.000,0.000,0.000,117440.3,3.552,1.00,-5.00
68.890,12.000,12.010,-0.010,0.000,1.801,0.000,0.000,0.000,0.000,117436.1,3.480,1.00,-5.00
68.900,12.000,12.000,0.000,20168.615,0.000,0.000,0.000,0.000,0.000,117436.1,3.546,1.00,-5.00
68.910,12.000,12.000,0.000,2556.095,0.000,0.000,0.000,0.000,0.000,117436.1,3.613,1.00,-5.00
68.920,12.000,12.000,0.000,2557.650,0.000,0.000,0.000,0.000,0.000,117452.9,3.649,1.00,-5.00
68.930,12.000,12.000,0.000,2557.650,0.000,0.000,0.000,0.000,0.000,117452.9,3.649,1.00,-5.00
68.940,12.000,12.000,0.000,2557.650,0.000,0.000,0.000,0.000,0.000,117452.9,3.649,1.00,-5.00
68.950,12.000,12.000,0.000,2557.650,0.000,0.000,0.000,0.000,0.000,117452.9,3.649,1.00,-5.00
68.960,12.000,12.000,0.000,2557.650,0.000,0.000,0.000,0.000,0.000,117452.9,3.649,1.00,-5.00
68.970,12.000,12.000,0.000,2557.650,0.000,0.000,0.000,0.000,0.000,117452.9,3.649,1.00,-5.00
68.980,12.000,12.000,0.000,2557.650,0.000,0.000,0.000,0.000,0.000,117452.9,3.649,1.00,-5.00
68.990,12.000,12.000,0.000,2557.650,0.000,0.000,0.000,0.000,0.000,117452.9,3.649,1.00,-5.00
69.000,12.000,12.000,0.000,2557.650,0.000,0.000,0.000,0.000,0.000,117452.9,3.649,1.00,-5.00
69.010,12.000,12.000,0.000,2557.650,0.000,0.000,0.000,0.000,0.000,117452.9,3.649,1.00,-5.00
69.020,12.000,12.000,0.000,2557.650,0.000,0.000,0.000,0.000,0.000,117452.9,3.649,1.00,-5.00
69.030,12.000,12.000,0.000,2557.650,0.000,0.000,0.000,0.000,0.000,117452.9,3.649,1.00,-5.00
69.040,12.000,12.000,0.000,2557.650,0.000,0.000,0.000,0.000,0.000,117452.9,3.649,1.00,-5.00
69.050,12.000,12.000,0.000,2557.650,0.000,0.000,0.000,0.000,0.000,117452.9,3.649,1.00,-5.00
69.060,12.000,12.000,0.000,2557.650,0.000,0.000,0.000,0.000,0.000,117452.9,3.649,1.00,-5.00
69.070,12.000,12.000,0.000,2557.650,0.000,0.000,0.000,0.000,0.000,117452.9,3.649,1.00,-5.00
69.080,12.000,12.000,0.000,2557.650,0.000,0.000,0.000,0.000,0.000,117452.9,3.649,1.00,-5.00
69.090,12.000,12.000,0.000,2557.650,0.000,0.000,0.000,0.000,0.000,117452.9,3.649,1.00,-5.00
69.100,12.000,12.000,0.000,2557.650,0.000,0.000,0.000,0.000,0.000,117452.9,3.649,1.00,-5.00
69.110,12.000,12.000,0.000,2557.650,0.000,0.000,0.000,0.000,0.000,117452.9,3.649,1.00,-5.00
69.120,12.000,12.000,0.000,2557.650,0.000,0.000,0.000,0.000,0.000,117452.9,3.649,1.00,-5.00
69.130,12.000,12.000,0.000,2557.650,0.000,0.000,0.000,0.000,0.000,117452.9,3.649,1.00,-5.00
69.140,12.000,12.000,0.000,2557.650,0.000,0.000,0.000,0.000,0.000,117452.9,3.649,1.00,-5.00
69.150,12.000,12.000,0.000,2557.650,0.000,0.000,0.000,0.000,0.000,117452.9,3.649,1.00,-5.00
69.160,12.000,12.000,0.000,2557.650,0.000,0.000,0.000,0.000,0.000,117452.9,3.649,1.00,-5.00
69.170,12.000,12.000,0.000,2557.650,0.000,0.000,0.000,0.000,0.000,117452.9,3.649,1.00,-5.00
69.180,12.000,12.000,0.000,2557.650,0.000,0.000,0.000,0.000,0.000,117452.9,3.649,1.00,-5.00
69.190,12.000,12.000,0.000,2557.650,0.000,0.000,0.000,0.000,0.000,117452.9,3.649,1.00,-5.00
69.200,12.000,12.000,0.000,2557.650,0.000,0.000,0.000,0.000,0.000,117452.9,3.649,1.00,-5.00
69.210,12.000,12.000,0.000,2557.650,0.000,0.000,0.000,0.000,0.000,117452.9,3.649,1.00,-5.00
69.220,12.000,12.000,0.000,2557.650,0.000,0.000,0.000,0.000,0.000,117452.9,3.649,1.00,-5.00
69.230,12.000,12.000,0.000,2557.650,0.000,0.000,0.000,0.000,0.000,117452.9,3.649,1.00,-5.00
69.240,12.000,12.000,0.000,2557.650,0.000,0.000,0.000,0.000,0.000,117452.9,3.649,1.00,-5.00
69.250,12.000,12.000,0.000,2557.650,0.000,0.000,0.000,0.000,0.000,117452.9,3.649,1.00,-5.00
69.260,12.000,12.000,0.000,2557.650,0.000,0.000,0.000,0.000,0.000,117452.9,3.649,1.00,-5.00
69.270,12.000,12.000,0.000,2557.650,0.000,0.000,0.000,0.000,0.000,117452.9,3.649,1.00,-5.00
69.280,12.000,12.000,0.000,2557.650,0.000,0.000,0.000,0.000,0.000,117452.9,3.649,1.00,-5.00
69.290,12.000,12.000,0.000,2557.650,0.000,0.000,0.000,0.000,0.000,117452.9,3.649,1.00,-5.00
69.300,12.000,12.000,0.000,2557.650,0.000,0.000,0.000,0.000,0.000,117452.9,3.649,1.00,-5.00
69.310,12.000,12.000,0.000,2557.650,0.000,0.000,0.000,0.000,0.000,117452.9,3.649,1.00,-5.00
69.320,12.000,12.000,0.000,2557.650,0.000,0.000,0.000,0.000,0.000,117452.9,3.649,1.00,-5.00
69.330,12.000,12.000,0.000,2557.650,0.000,0.000,0.000,0.000,0.000,117452.9,3.649,1.00,-5.00
69.340,12.000,12.000,0.000,2557.650,0.000,0.000,0.000,0.000,0.000,117452.9,3.649,1.00,-5.00
69.350,12.000,12.000,0.000,2557.650,0.000,0.000,0.000,0.000,0.000,117452.9,3.649,1.00,-5.00
69.360,12.000,12.000,0.000,2557.650,0.000,0.000,0.000,0.000,0.000,117452.9,3.649,1.00,-5.00
69.370,12.000,12.000,0.000,2557.650,0.000,0.000,0.000,0.000,0.000,117452.9,3.649,1.00,-5.00
69.380,12.000,12.000,0.000,2557.650,0.000,0.000,0.000,0.000,0.000,117452.9,3.649,1.00,-5.00
69.390,12.000,12.000,0.000,2557.650,0.000,0.000,0.000,0.000,0.000,117452.9,3.649,1.00,-5.00
69.400,12.000,12.000,0.000,2557.650,0.000,0.000,0.000,0.000,0.000,117452.9,3.649,1.00,-5.00
69.420,12.000,12.000,0.000,2557.650,0.000,0.000,0.000,0.000,0.000,117452.9,3.649,1.00,-5.00
69.430,12.000,12.000,0.000,2557.650,0.000,0.000,0.000,0.000,0.000,117452.9,3.649,1.00,-5.00
69.440,12.000,12.000,0.000,2557.650,0.000,0.000,0.000,0.000,0.000,117452.9,3.649,1.00,-5.00
69.450,12.000,12.000,0.000,2557.650,0.000,0.000,0.000,0.000,0.000,117452.9,3.649,1.00,-5.00
69.460,12.000,12.000,0.000,2557.650,0.000,0.000,0.000,0.000,0.000,117452.9,3.649,1.00,-5.00
69.470,12.000,12.000,0.000,2557.650,0.000,0.000,0.000,0.000,0.000,117452.9,3.649,1.00,-5.00
69.480,12.000,12.000,0.000,2557.650,0.000,0.000,0.000,0.000,0.000,117452.9,3.649,1.00,-5.00
69.490,12.000,12.000,0.000,2557.650,0.000,0.000,0.000,0.000,0.000,117452.9,3.649,1.00,-5.00
69.500,12.000,12.000,0.000,2557.650,0.000,0.000,0.000,0.000,0.000,117452.9,3.649,1.00,-5.00
69.510,12.000,12.000,0.000,2557.650,0.000,0.000,0.000,0.000,0.000,117452.9,3.649,1.00,-5.00
69.520,12.000,12.000,0.000,2557.650,0.000,0.000,0.000,0.000,0.000,117452.9,3.649,1.00,-5.00
69.530,12.000,12.000,0.000,2557.650,0.000,0.000,0.000,0.000,0.000,117452.9,3.649,1.00,-5.00
69.540,12.000,12.000,0.000,2557.650,0.000,0.000,0.000,0.000,0.000,117452.9,3.649,1.00,-5.00
69.550,12.000,12.000,0.000,2557.650,0.000,0.000,0.000,0.000,0.000,117452.9,3.649,1.00,-5.00
69.560,12.000,12.000,0.000,2557.650,0.000,0.000,0.000,0.000,0.000,117452.9,3.649,1.00,-5.00
69.570,12.000,12.000,0.000,2557.650,0.000,0.000,0.000,0.000,0.000,117452.9,3.649,1.00,-5.00
69.580,12.000,12.000,0.000,2557.650,0.000,0.000,0.000,0.000,0.000,117452.9,3.649,1.00,-5.00
69.590,12.000,12.000,0.000,2557.650,0.000,0.000,0.000,0.000,0.000,117452.9,3.649,1.00,-5.00
69.600,12.000,12.000,0.000,2557.650,0.000,0.000,0.000,0.000,0.000,117452.9,3.649,1.00,-5.00
69.610,12.000,12.000,0.000,2557.650,0.000,0.000,0.000,0.000,0.000,117452.9,3.649,1.00,-5.00
69.620,12.000,12.000,0.000,2557.650,0.000,0.000,0.000,0.000,0.000,117452.9,3.649,1.00,-5.00
69.630,12.000,12.000,0.000,2557.650,0.000,0.000,0.000,0.000,0.000,117452.9,3.649,1.00,-5.00
69.640,12.000,12.000,0.000,2557.650,0.000,0.000,0.000,0.000,0.000,117452.9,3.649,1.00,-5.00
69.650,12.000,12.000,0.000,2557.650,0.000,0.000,0.000,0.000,0.000,117452.9,3.649,1.00,-5.00
69.660,12.000,12.010,-0.010,0.000,34.418,0.000,0.000,0.000,0.000,117448.6,3.577,1.00,-5.00
69.670,12.000,12.010,-0.010,0.000,1.799,0.000,0.000,0.000,0.000,117444.3,3.505,1.00,-5.00
69.680,12.000,12.000,0.000,20170.971,0.000,0.000,0.000,0.000,0.000,117444.3,3.572,1.00,-5.00
69.690,12.000,12.000,0.000,2557.209,0.000,0.000,0.000,0.000,0.000,117444.3,3.639,1.00,-5.00
69.700,12.000,12.000,0.000,2558.764,0.000,0.000,0.000,0.000,0.000,117461.2,3.675,1.00,-5.00
69.710,12.000,12.000,0.000,2558.764,0.000,0.000,0.000,0.000,0.000,117461.2,3.675,1.00,-5.00
69.720,12.000,12.000,0.000,2558.764,0.000,0.000,0.000,0.000,0.000,117461.2,3.675,1.00,-5.00
69.730,12.000,12.000,0.000,2558.764,0.000,0.000,0.000,0.000,0.000,117461.2,3.675,1.00,-5.00
69.740,12.000,12.000,0.000,2558.764,0.000,0.000,0.000,0.000,0.000,117461.2,3.675,1.00,-5.00
69.750,12.000,12.000,0.000,2558.764,0.000,0.000,0.000,0.000,0.000,117461.2,3.675,1.00,-5.00
69.760,12.000,12.000,0.000,2558.764,0.000,0.000,0.000,0.000,0.000,117461.2,3.675,1.00,-5.00
69.770,12.000,12.000,0.000,2558.764,0.000,0.000,0.000,0.000,0.000,117461.2,3.675,1.00,-5.00
69.780,12.000,12.000,0.000,2558.764,0.000,0.000,0.000,0.000,0.000,117461.2,3.675,1.00,-5.00
69.790,12.000,12.000,0.000,2558.764,0.000,0.000,0.000,0.000,0.000,117461.2,3.675,1.00,-5.00
69.800,12.000,12.000,0.000,2558.764,0.000,0.000,0.000,0.000,0.000,117461.2,3.675,1.00,-5.00
69.810,12.000,12.000,0.000,2558.764,0.000,0.000,0.000,0.000,0.000,117461.2,3.675,1.00,-5.00
69.820,12.000,12.000,0.000,2558.764,0.000,0.000,0.000,0.000,0.000,117461.2,3.675,1.00,-5.00
69.830,12.000,12.000,0.000,2558.764,0.000,0.000,0.000,0.000,0.000,117461.2,3.675,1.00,-5.00
69.840,12.000,12.000,0.000,2558.764,0.000,0.000,0.000,0.000,0.000,117461.2,3.675,1.00,-5.00
69.850,12.000,12.000,0.000,2558.764,0.000,0.000,0.000,0.000,0.000,117461.2,3.675,1.00,-5.00
69.870,12.000,12.000,0.000,2558.764,0.000,0.000,0.000,0.000,0.000,117461.2,3.675,1.00,-5.00
69.880,12.000,12.000,0.000,2558.764,0.000,0.000,0.000,0.000,0.000,117461.2,3.675,1.00,-5.00
69.890,12.000,12.000,0.000,2558.764,0.000,0.000,0.000,0.000,0.000,117461.2,3.675,1.00,-5.00
69.900,12.000,12.000,0.000,2558.764,0.000,0.000,0.000,0.000,0.000,117461.2,3.675,1.00,-5.00
69.910,12.000,12.000,0.000,2558.764,0.000,0.000,0.000,0.000,0.000,117461.2,3.675,1.00,-5.00
69.920,12.000,12.000,0.000,2558.764,0.000,0.000,0.000,0.000,0.000,117461.2,3.675,1.00,-5.00
69.930,12.000,12.000,0.000,2558.764,0.000,0.000,0.000,0.000,0.000,117461.2,3.675,1.00,-5.00
69.940,12.000,12.000,0.000,2558.764,0.000,0.000,0.000,0.000,0.000,117461.2,3.675,1.00,-5.00
69.950,12.000,12.000,0.000,2558.764,0.000,0.000,0.000,0.000,0.000,117461.2,3.675,1.00,-5.00
69.960,12.000,12.000,0.000,2558.764,0.000,0.000,0.000,0.000,0.000,117461.2,3.675,1.00,-5.00
69.970,12.000,12.000,0.000,2558.764,0.000,0.000,0.000,0.000,0.000,117461.2,3.675,1.00,-5.00
69.980,12.000,12.000,0.000,2558.764,0.000,0.000,0.000,0.000,0.000,117461.2,3.675,1.00,-5.00
69.990,12.000,12.000,0.000,2558.764,0.000,0.000,0.000,0.000,0.000,117461.2,3.675,1.00,-5.00
70.000,12.000,12.000,0.000,2558.764,0.000,0.000,0.000,0.000,0.000,117461.2,3.675,1.00,-5.00
70.010,12.000,12.000,0.000,2558.764,0.000,0.000,0.000,0.000,0.000,117461.2,3.675,1.00,-5.00
70.020,12.000,12.000,0.000,2558.764,0.000,0.000,0.000,0.000,0.000,117461.2,3.675,1.00,-5.00
70.030,12.000,12.000,0.000,2558.764,0.000,0.000,0.000,0.000,0.000,117461.2,3.675,1.00,-5.00
70.040,12.000,12.000,0.000,2558.764,0.000,0.000,0.000,0.000,0.000,117461.2,3.675,1.00,-5.00
70.050,12.000,12.000,0.000,2558.764,0.000,0.000,0.000,0.000,0.000,117461.2,3.675,1.00,-5.00
70.060,12.000,12.000,0.000,2558.764,0.000,0.000,0.000,0.000,0.000,117461.2,3.675,1.00,-5.00
70.070,12.000,12.000,0.000,2558.764,0.000,0.000,0.000,0.000,0.000,117461.2,3.675,1.00,-5.00
70.080,12.000,12.000,0.000,2558.764,0.000,0.000,0.000,0.000,0.000,117461.2,3.675,1.00,-5.00
70.090,12.000,12.000,0.000,2558.764,0.000,0.000,0.000,0.000,0.000,117461.2,3.675,1.00,-5.00
70.100,12.000,12.000,0.000,2558.764,0.000,0.000,0.000,0.000,0.000,117461.2,3.675,1.00,-5.00
70.110,12.000,12.000,0.000,2558.764,0.000,0.000,0.000,0.000,0.000,117461.2,3.675,1.00,-5.00
70.120,12.000,12.000,0.000,2558.764,0.000,0.000,0.000,0.000,0.000,117461.2,3.675,1.00,-5.00
70.130,12.000,12.000,0.000,2558.764,0.000,0.000,0.000,0.000,0.000,117461.2,3.675,1.00,-5.00
70.140,12.000,12.000,0.000,2558.764,0.000,0.000,0.000,0.000,0.000,117461.2,3.675,1.00,-5.00
70.150,12.000,12.000,0.000,2558.764,0.000,0.000,0.000,0.000,0.000,117461.2,3.675,1.00,-5.00
70.160,12.000,12.000,0.000,2558.764,0.000,0.000,0.000,0.000,0.000,117461.2,3.675,1.00,-5.00
70.170,12.000,12.000,0.000,2558.764,0.000,0.000,0.000,0.000,0.000,117461.2,3.675,1.00,-5.00
70.180,12.000,12.000,0.000,2558.764,0.000,0.000,0.000,0.000,0.000,117461.2,3.675,1.00,-5.00
70.190,12.000,12.000,0.000,2558.764,0.000,0.000,0.000,0.000,0.000,117461.2,3.675,1.00,-5.00
70.200,12.000,12.000,0.000,2558.764,0.000,0.000,0.000,0.000,0.000,117461.2,3.675,1.00,-5.00
70.210,12.000,12.000,0.000,2558.764,0.000,0.000,0.000,0.000,0.000,117461.2,3.675,1.00,-5.00
70.220,12.000,12.000,0.000,2558.764,0.000,0.000,0.000,0.000,0.000,117461.2,3.675,1.00,-5.00
70.230,12.000,12.000,0.000,2558.764,0.000,0.000,0.000,0.000,0.000,117461.2,3.675,1.00,-5.00
70.240,12.000,12.000,0.000,2558.764,0.000,0.000,0.000,0.000,0.000,117461.2,3.675,1.00,-5.00
70.250,12.000,12.000,0.000,2558.764,0.000,0.000,0.000,0.000,0.000,117461.2,3.675,1.00,-5.00
70.260,12.000,12.000,0.000,2558.764,0.000,0.000,0.000,0.000,0.000,117461.2,3.675,1.00,-5.00
70.270,12.000,12.000,0.000,2558.764,0.000,0.000,0.000,0.000,0.000,117461.2,3.675,1.00,-5.00
70.280,12.000,12.000,0.000,2558.764,0.000,0.000,0.000,0.000,0.000,117461.2,3.675,1.00,-5.00
70.290,12.000,12.000,0.000,2558.764,0.000,0.000,0.000,0.000,0.000,117461.2,3.675,1.00,-5.00
70.300,12.000,12.000,0.000,2558.764,0.000,0.000,0.000,0.000,0.000,117461.2,3.675,1.00,-5.00
70.310,12.000,12.000,0.000,2558.764,0.000,0.000,0.000,0.000,0.000,117461.2,3.675,1.00,-5.00
70.320,12.000,12.000,0.000,2558.764,0.000,0.000,0.000,0.000,0.000,117461.2,3.675,1.00,-5.00
70.330,12.000,12.000,0.000,2558.764,0.000,0.000,0.000,0.000,0.000,117461.2,3.675,1.00,-5.00
70.340,12.000,12.000,0.000,2558.764,0.000,0.000,0.000,0.000,0.000,117461.2,3.675,1.00,-5.00
70.350,12.000,12.000,0.000,2558.764,0.000,0.000,0.000,0.000,0.000,117461.2,3.675,1.00,-5.00
70.360,12.000,12.000,0.000,2558.764,0.000,0.000,0.000,0.000,0.000,117461.2,3.675,1.00,-5.00
70.370,12.000,12.000,0.000,2558.764,0.000,0.000,0.000,0.000,0.000,117461.2,3.675,1.00,-5.00
70.380,12.000,12.000,0.000,2558.764,0.000,0.000,0.000,0.000,0.000,117461.2,3.675,1.00,-5.00
70.390,12.000,12.000,0.000,2558.764,0.000,0.000,0.000,0.000,0.000,117461.2,3.675,1.00,-5.00
70.400,12.000,12.000,0.000,2558.764,0.000,0.000,0.000,0.000,0.000,117461.2,3.675,1.00,-5.00
70.410,12.000,12.000,0.000,2558.764,0.000,0.000,0.000,0.000,0.000,117461.2,3.675,1.00,-5.00
70.420,12.000,12.000,0.000,2558.764,0.000,0.000,0.000,0.000,0.000,117461.2,3.675,1.00,-5.00
70.430,12.000,12.000,0.000,2558.764,0.000,0.000,0.000,0.000,0.000,117461.2,3.675,1.00,-5.00
70.440,12.000,12.000,0.000,2558.764,0.000,0.000,0.000,0.000,0.000,117461.2,3.675,1.00,-5.00
70.450,12.000,12.000,0.000,2558.764,0.000,0.000,0.000,0.000,0.000,117461.2,3.675,1.00,-5.00
70.470,12.000,12.010,-0.010,0.000,34.419,0.000,0.000,0.000,0.000,117456.9,3.603,1.00,-5.00
70.480,12.000,12.010,-0.010,0.000,1.798,0.000,0.000,0.000,0.000,117452.6,3.531,1.00,-5.00
70.490,12.000,12.000,0.000,20173.327,0.000,0.000,0.000,0.000,0.000,117452.6,3.598,1.00,-5.00
70.500,12.000,12.000,0.000,2558.323,0.000,0.000,0.000,0.000,0.000,117452.6,3.665,1.00,-5.00
70.510,12.000,12.000,0.000,2559.877,0.000,0.000,0.000,0.000,0.000,117469.4,3.701,1.00,-5.00
70.520,12.000,12.000,0.000,2559.877,0.000,0.000,0.000,0.000,0.000,117469.4,3.701,1.00,-5.00
70.530,12.000,12.000,0.000,2559.877,0.000,0.000,0.000,0.000,0.000,117469.4,3.701,1.00,-5.00
70.540,12.000,12.000,0.000,2559.877,0.000,0.000,0.000,0.000,0.000,117469.4,3.701,1.00,-5.00
70.550,12.000,12.000,0.000,2559.877,0.000,0.000,0.000,0.000,0.000,117469.4,3.701,1.00,-5.00
70.560,12.000,12.000,0.000,2559.877,0.000,0.000,0.000,0.000,0.000,117469.4,3.701,1.00,-5.00
70.570,12.000,12.000,0.000,2559.877,0.000,0.000,0.000,0.000,0.000,117469.4,3.701,1.00,-5.00
70.580,12.000,12.000,0.000,2559.877,0.000,0.000,0.000,0.000,0.000,117469.4,3.701,1.00,-5.00
70.590,12.000,12.000,0.000,2559.877,0.000,0.000,0.000,0.000,0.000,117469.4,3.701,1.00,-5.00
70.600,12.000,12.000,0.000,2559.877,0.000,0.000,0.000,0.000,0.000,117469.4,3.701,1.00,-5.00
70.610,12.000,12.000,0.000,2559.877,0.000,0.000,0.000,0.000,0.000,117469.4,3.701,1.00,-5.00
70.620,12.000,12.000,0.000,2559.877,0.000,0.000,0.000,0.000,0.000,117469.4,3.701,1.00,-5.00
70.630,12.000,12.000,0.000,2559.877,0.000,0.000,0.000,0.000,0.000,117469.4,3.701,1.00,-5.00
70.640,12.000,12.000,0.000,2559.877,0.000,0.000,0.000,0.000,0.000,117469.4,3.701,1.00,-5.00
70.650,12.000,12.000,0.000,2559.877,0.000,0.000,0.000,0.000,0.000,117469.4,3.701,1.00,-5.00
70.660,12.000,12.000,0.000,2559.877,0.000,0.000,0.000,0.000,0.000,117469.4,3.701,1.00,-5.00
70.670,12.000,12.000,0.000,2559.877,0.000,0.000,0.000,0.000,0.000,117469.4,3.701,1.00,-5.00
70.680,12.000,12.000,0.000,2559.877,0.000,0.000,0.000,0.000,0.000,117469.4,3.701,1.00,-5.00
70.690,12.000,12.000,0.000,2559.877,0.000,0.000,0.000,0.000,0.000,117469.4,3.701,1.00,-5.00
70.700,12.000,12.000,0.000,2559.877,0.000,0.000,0.000,0.000,0.000,117469.4,3.701,1.00,-5.00
70.710,12.000,12.000,0.000,2559.877,0.000,0.000,0.000,0.000,0.000,117469.4,3.701,1.00,-5.00
70.720,12.000,12.000,0.000,2559.877,0.000,0.000,0.000,0.000,0.000,117469.4,3.701,1.00,-5.00
70.730,12.000,12.000,0.000,2559.877,0.000,0.000,0.000,0.000,0.000,117469.4,3.701,1.00,-5.00
70.740,12.000,12.000,0.000,2559.877,0.000,0.000,0.000,0.000,0.000,117469.4,3.701,1.00,-5.00
70.750,12.000,12.000,0.000,2559.877,0.000,0.000,0.000,0.000,0.000,117469.4,3.701,1.00,-5.00
70.760,12.000,12.000,0.000,2559.877,0.000,0.000,0.000,0.000,0.000,117469.4,3.701,1.00,-5.00
70.770,12.000,12.000,0.000,2559.877,0.000,0.000,0.000,0.000,0.000,117469.4,3.701,1.00,-5.00
70.780,12.000,12.000,0.000,2559.877,0.000,0.000,0.000,0.000,0.000,117469.4,3.701,1.00,-5.00
70.790,12.000,12.000,0.000,2559.877,0.000,0.000,0.000,0.000,0.000,117469.4,3.701,1.00,-5.00
70.800,12.000,12.000,0.000,2559.877,0.000,0.000,0.000,0.000,0.000,117469.4,3.701,1.00,-5.00
70.810,12.000,12.000,0.000,2559.877,0.000,0.000,0.000,0.000,0.000,117469.4,3.701,1.00,-5.00
70.820,12.000,12.000,0.000,2559.877,0.000,0.000,0.000,0.000,0.000,117469.4,3.701,1.00,-5.00
70.830,12.000,12.000,0.000,2559.877,0.000,0.000,0.000,0.000,0.000,117469.4,3.701,1.00,-5.00
70.840,12.000,12.000,0.000,2559.877,0.000,0.000,0.000,0.000,0.000,117469.4,3.701,1.00,-5.00
70.850,12.000,12.000,0.000,2559.877,0.000,0.000,0.000,0.000,0.000,117469.4,3.701,1.00,-5.00
70.860,12.000,12.000,0.000,2559.877,0.000,0.000,0.000,0.000,0.000,117469.4,3.701,1.00,-5.00
70.870,12.000,12.000,0.000,2559.877,0.000,0.000,0.000,0.000,0.000,117469.4,3.701,1.00,-5.00
70.880,12.000,12.000,0.000,2559.877,0.000,0.000,0.000,0.000,0.000,117469.4,3.701,1.00,-5.00
70.890,12.000,12.000,0.000,2559.877,0.000,0.000,0.000,0.000,0.000,117469.4,3.701,1.00,-5.00
70.900,12.000,12.000,0.000,2559.877,0.000,0.000,0.000,0.000,0.000,117469.4,3.701,1.00,-5.00
70.910,12.000,12.000,0.000,2559.877,0.000,0.000,0.000,0.000,0.000,117469.4,3.701,1.00,-5.00
70.920,12.000,12.000,0.000,2559.877,0.000,0.000,0.000,0.000,0.000,117469.4,3.701,1.00,-5.00
70.930,12.000,12.000,0.000,2559.877,0.000,0.000,0.000,0.000,0.000,117469.4,3.701,1.00,-5.00
70.940,12.000,12.000,0.000,2559.877,0.000,0.000,0.000,0.000,0.000,117469.4,3.701,1.00,-5.00
70.950,12.000,12.000,0.000,2559.877,0.000,0.000,0.000,0.000,0.000,117469.4,3.701,1.00,-5.00
70.960,12.000,12.000,0.000,2559.877,0.000,0.000,0.000,0.000,0.000,117469.4,3.701,1.00,-5.00
70.970,12.000,12.000,0.000,2559.877,0.000,0.000,0.000,0.000,0.000,117469.4,3.701,1.00,-5.00
70.980,12.000,12.000,0.000,2559.877,0.000,0.000,0.000,0.000,0.000,117469.4,3.701,1.00,-5.00
70.990,12.000,12.000,0.000,2559.877,0.000,0.000,0.000,0.000,0.000,117469.4,3.701,1.00,-5.00
71.000,12.000,12.000,0.000,2559.877,0.000,0.000,0.000,0.000,0.000,117469.4,3.701,1.00,-5.00
71.010,12.000,12.000,0.000,2559.877,0.000,0.000,0.000,0.000,0.000,117469.4,3.701,1.00,-5.00
71.020,12.000,12.000,0.000,2559.877,0.000,0.000,0.000,0.000,0.000,117469.4,3.701,1.00,-5.00
71.030,12.000,12.000,0.000,2559.877,0.000,0.000,0.000,0.000,0.000,117469.4,3.701,1.00,-5.00
71.040,12.000,12.000,0.000,2559.877,0.000,0.000,0.000,0.000,0.000,117469.4,3.701,1.00,-5.00
71.050,12.000,12.000,0.000,2559.877,0.000,0.000,0.000,0.000,0.000,117469.4,3.701,1.00,-5.00
71.060,12.000,12.000,0.000,2559.877,0.000,0.000,0.000,0.000,0.000,117469.4,3.701,1.00,-5.00
71.070,12.000,12.000,0.000,2559.877,0.000,0.000,0.000,0.000,0.000,117469.4,3.701,1.00,-5.00
71.080,12.000,12.000,0.000,2559.877,0.000,0.000,0.000,0.000,0.000,117469.4,3.701,1.00,-5.00
71.090,12.000,12.000,0.000,2559.877,0.000,0.000,0.000,0.000,0.000,117469.4,3.701,1.00,-5.00
71.100,12.000,12.000,0.000,2559.877,0.000,0.000,0.000,0.000,0.000,117469.4,3.701,1.00,-5.00
71.110,12.000,12.000,0.000,2559.877,0.000,0.000,0.000,0.000,0.000,117469.4,3.701,1.00,-5.00
71.120,12.000,12.000,0.000,2559.877,0.000,0.000,0.000,0.000,0.000,117469.4,3.701,1.00,-5.00
71.130,12.000,12.000,0.000,2559.877,0.000,0.000,0.000,0.000,0.000,117469.4,3.701,1.00,-5.00
71.140,12.000,12.000,0.000,2559.877,0.000,0.000,0.000,0.000,0.000,117469.4,3.701,1.00,-5.00
71.150,12.000,12.000,0.000,2559.877,0.000,0.000,0.000,0.000,0.000,117469.4,3.701,1.00,-5.00
71.160,12.000,12.000,0.000,2559.877,0.000,0.000,0.000,0.000,0.000,117469.4,3.701,1.00,-5.00
71.170,12.000,12.000,0.000,2559.877,0.000,0.000,0.000,0.000,0.000,117469.4,3.701,1.00,-5.00
71.180,12.000,12.000,0.000,2559.877,0.000,0.000,0.000,0.000,0.000,117469.4,3.701,1.00,-5.00
71.190,12.000,12.000,0.000,2559.877,0.000,0.000,0.000,0.000,0.000,117469.4,3.701,1.00,-5.00
71.200,12.000,12.000,0.000,2559.877,0.000,0.000,0.000,0.000,0.000,117469.4,3.701,1.00,-5.00
71.210,12.000,12.000,0.000,2559.877,0.000,0.000,0.000,0.000,0.000,117469.4,3.701,1.00,-5.00
71.220,12.000,12.000,0.000,2559.877,0.000,0.000,0.000,0.000,0.000,117469.4,3.701,1.00,-5.00
71.230,12.000,12.000,0.000,2559.877,0.000,0.000,0.000,0.000,0.000,117469.4,3.701,1.00,-5.00
71.240,12.000,12.010,-0.010,0.000,34.420,0.000,0.000,0.000,0.000,117465.2,3.629,1.00,-5.00
71.250,12.000,12.010,-0.010,0.000,1.796,0.000,0.000,0.000,0.000,117460.9,3.557,1.00,-5.00
71.260,12.000,12.000,0.000,20175.682,0.000,0.000,0.000,0.000,0.000,117460.9,3.624,1.00,-5.00
71.270,12.000,12.000,0.000,2559.436,0.000,0.000,0.000,0.000,0.000,117460.9,3.691,1.00,-5.00
71.280,12.000,12.000,0.000,2560.991,0.000,0.000,0.000,0.000,0.000,117477.7,3.727,1.00,-5.00
71.290,12.000,12.010,-0.010,0.000,34.421,0.000,0.000,0.000,0.000,117473.4,3.655,1.00,-5.00
71.300,12.000,12.000,0.000,20178.898,0.000,0.000,0.000,0.000,0.000,117473.4,3.655,1.00,-5.00
71.310,12.000,12.000,0.000,2560.770,0.000,0.000,0.000,0.000,0.000,117473.4,3.722,1.00,-5.00
71.320,12.000,12.010,-0.010,0.000,34.412,0.000,0.000,0.000,0.000,117456.6,3.686,1.00,-5.00
71.330,12.000,12.010,-0.010,0.000,1.791,0.000,0.000,0.000,0.000,117452.4,3.614,1.00,-5.00
71.340,12.000,12.000,0.000,20176.848,0.000,0.000,0.000,0.000,0.000,117452.4,3.680,1.00,-5.00
71.350,12.000,12.000,0.000,2561.883,0.000,0.000,0.000,0.000,0.000,117452.4,3.747,1.00,-5.00
71.360,12.000,12.000,0.000,2563.438,0.000,0.000,0.000,0.000,0.000,117469.2,3.783,1.00,-5.00
71.370,12.000,12.000,0.000,2563.438,0.000,0.000,0.000,0.000,0.000,117469.2,3.783,1.00,-5.00
71.380,12.000,12.000,0.000,2563.438,0.000,0.000,0.000,0.000,0.000,117469.2,3.783,1.00,-5.00
71.390,12.000,12.000,0.000,2563.438,0.000,0.000,0.000,0.000,0.000,117469.2,3.783,1.00,-5.00
71.400,12.000,12.000,0.000,2563.438,0.000,0.000,0.000,0.000,0.000,117469.2,3.783,1.00,-5.00
71.410,12.000,12.000,0.000,2563.438,0.000,0.000,0.000,0.000,0.000,117469.2,3.783,1.00,-5.00
71.420,12.000,12.000,0.000,2563.438,0.000,0.000,0.000,0.000,0.000,117469.2,3.783,1.00,-5.00
71.430,12.000,12.000,0.000,2563.438,0.000,0.000,0.000,0.000,0.000,117469.2,3.783,1.00,-5.00
71.450,12.000,12.000,0.000,2563.438,0.000,0.000,0.000,0.000,0.000,117469.2,3.783,1.00,-5.00
71.460,12.000,12.000,0.000,2563.438,0.000,0.000,0.000,0.000,0.000,117469.2,3.783,1.00,-5.00
71.470,12.000,12.000,0.000,2563.438,0.000,0.000,0.000,0.000,0.000,117469.2,3.783,1.00,-5.00
71.480,12.000,12.000,0.000,2563.438,0.000,0.000,0.000,0.000,0.000,117469.2,3.783,1.00,-5.00
71.490,12.000,12.000,0.000,2563.438,0.000,0.000,0.000,0.000,0.000,117469.2,3.783,1.00,-5.00
71.500,12.000,12.000,0.000,2563.438,0.000,0.000,0.000,0.000,0.000,117469.2,3.783,1.00,-5.00
71.510,12.000,12.000,0.000,2563.438,0.000,0.000,0.000,0.000,0.000,117469.2,3.783,1.00,-5.00
71.520,12.000,12.000,0.000,2563.438,0.000,0.000,0.000,0.000,0.000,117469.2,3.783,1.00,-5.00
71.530,12.000,12.000,0.000,2563.438,0.000,0.000,0.000,0.000,0.000,117469.2,3.783,1.00,-5.00
71.540,12.000,12.000,0.000,2563.438,0.000,0.000,0.000,0.000,0.000,117469.2,3.783,1.00,-5.00
71.550,12.000,12.000,0.000,2563.438,0.000,0.000,0.000,0.000,0.000,117469.2,3.783,1.00,-5.00
71.560,12.000,12.000,0.000,2563.438,0.000,0.000,0.000,0.000,0.000,117469.2,3.783,1.00,-5.00
71.570,12.000,12.010,-0.010,0.000,34.413,0.000,0.000,0.000,0.000,117464.9,3.711,1.00,-5.00
71.580,12.000,12.000,0.000,20180.063,0.000,0.000,0.000,0.000,0.000,117464.9,3.711,1.00,-5.00
71.590,12.000,12.000,0.000,2563.217,0.000,0.000,0.000,0.000,0.000,117464.9,3.778,1.00,-5.00
71.600,12.000,12.000,0.000,2564.772,0.000,0.000,0.000,0.000,0.000,117481.7,3.814,1.00,-5.00
71.610,12.000,12.000,0.000,2564.772,0.000,0.000,0.000,0.000,0.000,117481.7,3.814,1.00,-5.00
71.620,12.000,12.000,0.000,2564.772,0.000,0.000,0.000,0.000,0.000,117481.7,3.814,1.00,-5.00
71.630,12.000,12.000,0.000,2564.772,0.000,0.000,0.000,0.000,0.000,117481.7,3.814,1.00,-5.00
71.640,12.000,12.000,0.000,2564.772,0.000,0.000,0.000,0.000,0.000,117481.7,3.814,1.00,-5.00
71.650,12.000,12.000,0.000,2564.772,0.000,0.000,0.000,0.000,0.000,117481.7,3.814,1.00,-5.00
71.660,12.000,12.000,0.000,2564.772,0.000,0.000,0.000,0.000,0.000,117481.7,3.814,1.00,-5.00
71.670,12.000,12.010,-0.010,0.000,34.415,0.000,0.000,0.000,0.000,117477.4,3.742,1.00,-5.00
71.680,12.000,12.000,0.000,20183.278,0.000,0.000,0.000,0.000,0.000,117477.4,3.742,1.00,-5.00
71.690,12.000,12.000,0.000,2564.551,0.000,0.000,0.000,0.000,0.000,117477.4,3.809,1.00,-5.00
71.700,12.000,12.000,0.000,2566.106,0.000,0.000,0.000,0.000,0.000,117494.3,3.845,1.00,-5.00
71.710,12.000,12.000,0.000,2566.106,0.000,0.000,0.000,0.000,0.000,117494.3,3.845,1.00,-5.00
71.720,12.000,12.000,0.000,2566.106,0.000,0.000,0.000,0.000,0.000,117494.3,3.845,1.00,-5.00
71.730,12.000,12.010,-0.010,0.000,34.417,0.000,0.000,0.000,0.000,117490.0,3.773,1.00,-5.00
71.740,12.000,12.010,-0.010,0.000,1.786,0.000,0.000,0.000,0.000,117485.7,3.701,1.00,-5.00
71.750,12.000,12.000,0.000,20185.630,0.000,0.000,0.000,0.000,0.000,117485.7,3.768,1.00,-5.00
71.760,12.000,12.000,0.000,2565.664,0.000,0.000,0.000,0.000,0.000,117485.7,3.835,1.00,-5.00
71.770,12.000,12.000,0.000,2567.219,0.000,0.000,0.000,0.000,0.000,117502.5,3.871,1.00,-5.00
71.780,12.000,12.000,0.000,2567.218,0.000,0.000,0.000,0.000,0.000,117502.5,3.871,1.00,-5.00
71.790,12.000,12.000,0.000,2567.218,0.000,0.000,0.000,0.000,0.000,117502.5,3.871,1.00,-5.00
71.800,12.000,12.000,0.000,2567.218,0.000,0.000,0.000,0.000,0.000,117502.5,3.871,1.00,-5.00
71.810,12.000,12.000,0.000,2567.218,0.000,0.000,0.000,0.000,0.000,117502.5,3.871,1.00,-5.00
71.820,12.000,12.000,0.000,2567.218,0.000,0.000,0.000,0.000,0.000,117502.5,3.871,1.00,-5.00
71.830,12.000,12.000,0.000,2567.218,0.000,0.000,0.000,0.000,0.000,117502.5,3.871,1.00,-5.00
71.840,12.000,12.000,0.000,2567.218,0.000,0.000,0.000,0.000,0.000,117502.5,3.871,1.00,-5.00
71.850,12.000,12.000,0.000,2567.218,0.000,0.000,0.000,0.000,0.000,117502.5,3.871,1.00,-5.00
71.860,12.000,12.000,0.000,2567.218,0.000,0.000,0.000,0.000,0.000,117502.5,3.871,1.00,-5.00
71.870,12.000,12.000,0.000,2567.218,0.000,0.000,0.000,0.000,0.000,117502.5,3.871,1.00,-5.00
71.880,12.000,12.000,0.000,2567.218,0.000,0.000,0.000,0.000,0.000,117502.5,3.871,1.00,-5.00
71.890,12.000,12.000,0.000,2567.218,0.000,0.000,0.000,0.000,0.000,117502.5,3.871,1.00,-5.00
71.900,12.000,12.000,0.000,2567.218,0.000,0.000,0.000,0.000,0.000,117502.5,3.871,1.00,-5.00
71.910,12.000,12.000,0.000,2567.218,0.000,0.000,0.000,0.000,0.000,117502.5,3.871,1.00,-5.00
71.920,12.000,12.000,0.000,2567.218,0.000,0.000,0.000,0.000,0.000,117502.5,3.871,1.00,-5.00
71.930,12.000,12.000,0.000,2567.218,0.000,0.000,0.000,0.000,0.000,117502.5,3.871,1.00,-5.00
71.940,12.000,12.000,0.000,2567.218,0.000,0.000,0.000,0.000,0.000,117502.5,3.871,1.00,-5.00
71.950,12.000,12.000,0.000,2567.218,0.000,0.000,0.000,0.000,0.000,117502.5,3.871,1.00,-5.00
71.960,12.000,12.000,0.000,2567.218,0.000,0.000,0.000,0.000,0.000,117502.5,3.871,1.00,-5.00
71.970,12.000,12.000,0.000,2567.218,0.000,0.000,0.000,0.000,0.000,117502.5,3.871,1.00,-5.00
71.980,12.000,12.000,0.000,2567.218,0.000,0.000,0.000,0.000,0.000,117502.5,3.871,1.00,-5.00
71.990,12.000,12.000,0.000,2567.218,0.000,0.000,0.000,0.000,0.000,117502.5,3.871,1.00,-5.00
72.000,12.000,12.000,0.000,2567.218,0.000,0.000,0.000,0.000,0.000,117502.5,3.871,1.00,-5.00
72.010,12.000,12.000,0.000,2567.218,0.000,0.000,0.000,0.000,0.000,117502.5,3.871,1.00,-5.00
72.020,12.000,12.000,0.000,2567.218,0.000,0.000,0.000,0.000,0.000,117502.5,3.871,1.00,-5.00
72.030,12.000,12.000,0.000,2567.218,0.000,0.000,0.000,0.000,0.000,117502.5,3.871,1.00,-5.00
72.040,12.000,12.000,0.000,2567.218,0.000,0.000,0.000,0.000,0.000,117502.5,3.871,1.00,-5.00
72.050,12.000,12.000,0.000,2567.218,0.000,0.000,0.000,0.000,0.000,117502.5,3.871,1.00,-5.00
72.060,12.000,12.000,0.000,2567.218,0.000,0.000,0.000,0.000,0.000,117502.5,3.871,1.00,-5.00
72.070,12.000,12.000,0.000,2567.218,0.000,0.000,0.000,0.000,0.000,117502.5,3.871,1.00,-5.00
72.080,12.000,12.000,0.000,2567.218,0.000,0.000,0.000,0.000,0.000,117502.5,3.871,1.00,-5.00
72.090,12.000,12.000,0.000,2567.218,0.000,0.000,0.000,0.000,0.000,117502.5,3.871,1.00,-5.00
72.100,12.000,12.000,0.000,2567.218,0.000,0.000,0.000,0.000,0.000,117502.5,3.871,1.00,-5.00
72.110,12.000,12.000,0.000,2567.218,0.000,0.000,0.000,0.000,0.000,117502.5,3.871,1.00,-5.00
72.120,12.000,12.000,0.000,2567.218,0.000,0.000,0.000,0.000,0.000,117502.5,3.871,1.00,-5.00
72.130,12.000,12.000,0.000,2567.218,0.000,0.000,0.000,0.000,0.000,117502.5,3.871,1.00,-5.00
72.140,12.000,12.000,0.000,2567.218,0.000,0.000,0.000,0.000,0.000,117502.5,3.871,1.00,-5.00
72.150,12.000,12.000,0.000,2567.218,0.000,0.000,0.000,0.000,0.000,117502.5,3.871,1.00,-5.00
72.160,12.000,12.000,0.000,2567.218,0.000,0.000,0.000,0.000,0.000,117502.5,3.871,1.00,-5.00
72.170,12.000,12.000,0.000,2567.218,0.000,0.000,0.000,0.000,0.000,117502.5,3.871,1.00,-5.00
72.180,12.000,12.000,0.000,2567.218,0.000,0.000,0.000,0.000,0.000,117502.5,3.871,1.00,-5.00
72.190,12.000,12.000,0.000,2567.218,0.000,0.000,0.000,0.000,0.000,117502.5,3.871,1.00,-5.00
72.200,12.000,12.000,0.000,2567.218,0.000,0.000,0.000,0.000,0.000,117502.5,3.871,1.00,-5.00
72.210,12.000,12.000,0.000,2567.218,0.000,0.000,0.000,0.000,0.000,117502.5,3.871,1.00,-5.00
72.220,12.000,12.000,0.000,2567.218,0.000,0.000,0.000,0.000,0.000,117502.5,3.871,1.00,-5.00
72.230,12.000,12.000,0.000,2567.218,0.000,0.000,0.000,0.000,0.000,117502.5,3.871,1.00,-5.00
72.240,12.000,12.000,0.000,2567.218,0.000,0.000,0.000,0.000,0.000,117502.5,3.871,1.00,-5.00
72.250,12.000,12.000,0.000,2567.218,0.000,0.000,0.000,0.000,0.000,117502.5,3.871,1.00,-5.00
72.260,12.000,12.000,0.000,2567.218,0.000,0.000,0.000,0.000,0.000,117502.5,3.871,1.00,-5.00
72.270,12.000,12.000,0.000,2567.218,0.000,0.000,0.000,0.000,0.000,117502.5,3.871,1.00,-5.00
72.280,12.000,12.000,0.000,2567.218,0.000,0.000,0.000,0.000,0.000,117502.5,3.871,1.00,-5.00
72.290,12.000,12.000,0.000,2567.218,0.000,0.000,0.000,0.000,0.000,117502.5,3.871,1.00,-5.00
72.300,12.000,12.000,0.000,2567.218,0.000,0.000,0.000,0.000,0.000,117502.5,3.871,1.00,-5.00
72.310,12.000,12.000,0.000,2567.218,0.000,0.000,0.000,0.000,0.000,117502.5,3.871,1.00,-5.00
72.320,12.000,12.000,0.000,2567.218,0.000,0.000,0.000,0.000,0.000,117502.5,3.871,1.00,-5.00
72.330,12.000,12.000,0.000,2567.218,0.000,0.000,0.000,0.000,0.000,117502.5,3.871,1.00,-5.00
72.340,12.000,12.000,0.000,2567.218,0.000,0.000,0.000,0.000,0.000,117502.5,3.871,1.00,-5.00
72.350,12.000,12.000,0.000,2567.218,0.000,0.000,0.000,0.000,0.000,117502.5,3.871,1.00,-5.00
72.360,12.000,12.000,0.000,2567.218,0.000,0.000,0.000,0.000,0.000,117502.5,3.871,1.00,-5.00
72.370,12.000,12.000,0.000,2567.218,0.000,0.000,0.000,0.000,0.000,117502.5,3.871,1.00,-5.00
72.380,12.000,12.000,0.000,2567.218,0.000,0.000,0.000,0.000,0.000,117502.5,3.871,1.00,-5.00
72.390,12.000,12.000,0.000,2567.218,0.000,0.000,0.000,0.000,0.000,117502.5,3.871,1.00,-5.00
72.400,12.000,12.000,0.000,2567.218,0.000,0.000,0.000,0.000,0.000,117502.5,3.871,1.00,-5.00
72.410,12.000,12.000,0.000,2567.218,0.000,0.000,0.000,0.000,0.000,117502.5,3.871,1.00,-5.00
72.420,12.000,12.000,0.000,2567.218,0.000,0.000,0.000,0.000,0.000,117502.5,3.871,1.00,-5.00
72.430,12.000,12.000,0.000,2567.218,0.000,0.000,0.000,0.000,0.000,117502.5,3.871,1.00,-5.00
72.440,12.000,12.000,0.000,2567.218,0.000,0.000,0.000,0.000,0.000,117502.5,3.871,1.00,-5.00
72.460,12.000,12.000,0.000,2567.218,0.000,0.000,0.000,0.000,0.000,117502.5,3.871,1.00,-5.00
72.470,12.000,12.000,0.000,2567.218,0.000,0.000,0.000,0.000,0.000,117502.5,3.871,1.00,-5.00
72.480,12.000,12.000,0.000,2567.218,0.000,0.000,0.000,0.000,0.000,117502.5,3.871,1.00,-5.00
72.490,12.000,12.010,-0.010,0.000,34.417,0.000,0.000,0.000,0.000,117498.2,3.799,1.00,-5.00
72.500,12.000,12.010,-0.010,0.000,1.784,0.000,0.000,0.000,0.000,117494.0,3.727,1.00,-5.00
72.510,12.000,12.000,0.000,20187.981,0.000,0.000,0.000,0.000,0.000,117494.0,3.794,1.00,-5.00
72.520,12.000,12.000,0.000,2566.776,0.000,0.000,0.000,0.000,0.000,117494.0,3.861,1.00,-5.00
72.530,12.000,12.010,-0.010,0.000,34.408,0.000,0.000,0.000,0.000,117477.1,3.825,1.00,-5.00
72.540,12.000,12.000,0.000,20186.791,0.000,0.000,0.000,0.000,0.000,117477.1,3.825,1.00,-5.00
72.550,12.000,12.000,0.000,2568.110,0.000,0.000,0.000,0.000,0.000,117477.1,3.891,1.00,-5.00
72.560,12.000,12.000,0.000,2569.664,0.000,0.000,0.000,0.000,0.000,117494.0,3.927,1.00,-5.00
72.570,12.000,12.000,0.000,2569.664,0.000,0.000,0.000,0.000,0.000,117494.0,3.927,1.00,-5.00
72.580,12.000,12.000,0.000,2569.664,0.000,0.000,0.000,0.000,0.000,117494.0,3.927,1.00,-5.00
72.590,12.000,12.000,0.000,2569.664,0.000,0.000,0.000,0.000,0.000,117494.0,3.927,1.00,-5.00
72.600,12.000,12.000,0.000,2569.664,0.000,0.000,0.000,0.000,0.000,117494.0,3.927,1.00,-5.00
72.610,12.000,12.000,0.000,2569.664,0.000,0.000,0.000,0.000,0.000,117494.0,3.927,1.00,-5.00
72.620,12.000,12.000,0.000,2569.664,0.000,0.000,0.000,0.000,0.000,117494.0,3.927,1.00,-5.00
72.630,12.000,12.000,0.000,2569.664,0.000,0.000,0.000,0.000,0.000,117494.0,3.927,1.00,-5.00
72.640,12.000,12.000,0.000,2569.664,0.000,0.000,0.000,0.000,0.000,117494.0,3.927,1.00,-5.00
72.650,12.000,12.010,-0.010,0.000,34.410,0.000,0.000,0.000,0.000,117489.7,3.855,1.00,-5.00
72.660,12.000,12.000,0.000,20190.005,0.000,0.000,0.000,0.000,0.000,117489.7,3.855,1.00,-5.00
72.670,12.000,12.000,0.000,2569.443,0.000,0.000,0.000,0.000,0.000,117489.7,3.922,1.00,-5.00
72.680,12.000,12.000,0.000,2570.998,0.000,0.000,0.000,0.000,0.000,117506.5,3.958,1.00,-5.00
72.690,12.000,12.000,0.000,2570.998,0.000,0.000,0.000,0.000,0.000,117506.5,3.958,1.00,-5.00
72.700,12.000,12.000,0.000,2570.998,0.000,0.000,0.000,0.000,0.000,117506.5,3.958,1.00,-5.00
72.710,12.000,12.000,0.000,2570.998,0.000,0.000,0.000,0.000,0.000,117506.5,3.958,1.00,-5.00
72.720,12.000,12.000,0.000,2570.998,0.000,0.000,0.000,0.000,0.000,117506.5,3.958,1.00,-5.00
72.730,12.000,12.000,0.000,2570.998,0.000,0.000,0.000,0.000,0.000,117506.5,3.958,1.00,-5.00
72.740,12.000,12.010,-0.010,0.000,34.412,0.000,0.000,0.000,0.000,117502.2,3.886,1.00,-5.00
72.750,12.000,12.010,-0.010,0.000,1.778,0.000,0.000,0.000,0.000,117497.9,3.814,1.00,-5.00
72.760,12.000,12.000,0.000,20192.355,0.000,0.000,0.000,0.000,0.000,117497.9,3.881,1.00,-5.00
72.770,12.000,12.000,0.000,2570.555,0.000,0.000,0.000,0.000,0.000,117497.9,3.948,1.00,-5.00
72.780,12.000,12.000,0.000,2572.110,0.000,0.000,0.000,0.000,0.000,117514.7,3.984,1.00,-5.00
72.790,12.000,12.000,0.000,2572.109,0.000,0.000,0.000,0.000,0.000,117514.7,3.984,1.00,-5.00
72.800,12.000,12.000,0.000,2572.109,0.000,0.000,0.000,0.000,0.000,117514.7,3.984,1.00,-5.00
72.810,12.000,12.000,0.000,2572.109,0.000,0.000,0.000,0.000,0.000,117514.7,3.984,1.00,-5.00
72.820,12.000,12.000,0.000,2572.109,0.000,0.000,0.000,0.000,0.000,117514.7,3.984,1.00,-5.00
72.830,12.000,12.000,0.000,2572.109,0.000,0.000,0.000,0.000,0.000,117514.7,3.984,1.00,-5.00
72.840,12.000,12.000,0.000,2572.109,0.000,0.000,0.000,0.000,0.000,117514.7,3.984,1.00,-5.00
72.850,12.000,12.000,0.000,2572.109,0.000,0.000,0.000,0.000,0.000,117514.7,3.984,1.00,-5.00
72.860,12.000,12.000,0.000,2572.109,0.000,0.000,0.000,0.000,0.000,117514.7,3.984,1.00,-5.00
72.870,12.000,12.000,0.000,2572.109,0.000,0.000,0.000,0.000,0.000,117514.7,3.984,1.00,-5.00
72.880,12.000,12.000,0.000,2572.109,0.000,0.000,0.000,0.000,0.000,117514.7,3.984,1.00,-5.00
72.890,12.000,12.000,0.000,2572.109,0.000,0.000,0.000,0.000,0.000,117514.7,3.984,1.00,-5.00
72.900,12.000,12.000,0.000,2572.109,0.000,0.000,0.000,0.000,0.000,117514.7,3.984,1.00,-5.00
72.910,12.000,12.000,0.000,2572.109,0.000,0.000,0.000,0.000,0.000,117514.7,3.984,1.00,-5.00
72.920,12.000,12.000,0.000,2572.109,0.000,0.000,0.000,0.000,0.000,117514.7,3.984,1.00,-5.00
72.930,12.000,12.000,0.000,2572.109,0.000,0.000,0.000,0.000,0.000,117514.7,3.984,1.00,-5.00
72.940,12.000,12.000,0.000,2572.109,0.000,0.000,0.000,0.000,0.000,117514.7,3.984,1.00,-5.00
72.950,12.000,12.000,0.000,2572.109,0.000,0.000,0.000,0.000,0.000,117514.7,3.984,1.00,-5.00
72.960,12.000,12.000,0.000,2572.109,0.000,0.000,0.000,0.000,0.000,117514.7,3.984,1.00,-5.00
72.970,12.000,12.000,0.000,2572.109,0.000,0.000,0.000,0.000,0.000,117514.7,3.984,1.00,-5.00
72.980,12.000,12.000,0.000,2572.109,0.000,0.000,0.000,0.000,0.000,117514.7,3.984,1.00,-5.00
72.990,12.000,12.000,0.000,2572.109,0.000,0.000,0.000,0.000,0.000,117514.7,3.984,1.00,-5.00
73.000,12.000,12.000,0.000,2572.109,0.000,0.000,0.000,0.000,0.000,117514.7,3.984,1.00,-5.00
73.010,12.000,12.000,0.000,2572.109,0.000,0.000,0.000,0.000,0.000,117514.7,3.984,1.00,-5.00
73.020,12.000,12.000,0.000,2572.109,0.000,0.000,0.000,0.000,0.000,117514.7,3.984,1.00,-5.00
73.030,12.000,12.000,0.000,2572.109,0.000,0.000,0.000,0.000,0.000,117514.7,3.984,1.00,-5.00
73.040,12.000,12.000,0.000,2572.109,0.000,0.000,0.000,0.000,0.000,117514.7,3.984,1.00,-5.00
73.050,12.000,12.000,0.000,2572.109,0.000,0.000,0.000,0.000,0.000,117514.7,3.984,1.00,-5.00
73.060,12.000,12.000,0.000,2572.109,0.000,0.000,0.000,0.000,0.000,117514.7,3.984,1.00,-5.00
73.070,12.000,12.000,0.000,2572.109,0.000,0.000,0.000,0.000,0.000,117514.7,3.984,1.00,-5.00
73.080,12.000,12.000,0.000,2572.109,0.000,0.000,0.000,0.000,0.000,117514.7,3.984,1.00,-5.00
73.090,12.000,12.000,0.000,2572.109,0.000,0.000,0.000,0.000,0.000,117514.7,3.984,1.00,-5.00
73.100,12.000,12.000,0.000,2572.109,0.000,0.000,0.000,0.000,0.000,117514.7,3.984,1.00,-5.00
73.110,12.000,12.000,0.000,2572.109,0.000,0.000,0.000,0.000,0.000,117514.7,3.984,1.00,-5.00
73.120,12.000,12.000,0.000,2572.109,0.000,0.000,0.000,0.000,0.000,117514.7,3.984,1.00,-5.00
73.130,12.000,12.000,0.000,2572.109,0.000,0.000,0.000,0.000,0.000,117514.7,3.984,1.00,-5.00
73.140,12.000,12.000,0.000,2572.109,0.000,0.000,0.000,0.000,0.000,117514.7,3.984,1.00,-5.00
73.150,12.000,12.000,0.000,2572.109,0.000,0.000,0.000,0.000,0.000,117514.7,3.984,1.00,-5.00
73.160,12.000,12.000,0.000,2572.109,0.000,0.000,0.000,0.000,0.000,117514.7,3.984,1.00,-5.00
73.170,12.000,12.000,0.000,2572.109,0.000,0.000,0.000,0.000,0.000,117514.7,3.984,1.00,-5.00
73.180,12.000,12.000,0.000,2572.109,0.000,0.000,0.000,0.000,0.000,117514.7,3.984,1.00,-5.00
73.190,12.000,12.000,0.000,2572.109,0.000,0.000,0.000,0.000,0.000,117514.7,3.984,1.00,-5.00
73.200,12.000,12.000,0.000,2572.109,0.000,0.000,0.000,0.000,0.000,117514.7,3.984,1.00,-5.00
73.210,12.000,12.000,0.000,2572.109,0.000,0.000,0.000,0.000,0.000,117514.7,3.984,1.00,-5.00
73.220,12.000,12.000,0.000,2572.109,0.000,0.000,0.000,0.000,0.000,117514.7,3.984,1.00,-5.00
73.230,12.000,12.000,0.000,2572.109,0.000,0.000,0.000,0.000,0.000,117514.7,3.984,1.00,-5.00
73.240,12.000,12.000,0.000,2572.109,0.000,0.000,0.000,0.000,0.000,117514.7,3.984,1.00,-5.00
73.250,12.000,12.000,0.000,2572.109,0.000,0.000,0.000,0.000,0.000,117514.7,3.984,1.00,-5.00
73.260,12.000,12.000,0.000,2572.109,0.000,0.000,0.000,0.000,0.000,117514.7,3.984,1.00,-5.00
73.270,12.000,12.000,0.000,2572.109,0.000,0.000,0.000,0.000,0.000,117514.7,3.984,1.00,-5.00
73.280,12.000,12.000,0.000,2572.109,0.000,0.000,0.000,0.000,0.000,117514.7,3.984,1.00,-5.00
73.290,12.000,12.000,0.000,2572.109,0.000,0.000,0.000,0.000,0.000,117514.7,3.984,1.00,-5.00
73.300,12.000,12.000,0.000,2572.109,0.000,0.000,0.000,0.000,0.000,117514.7,3.984,1.00,-5.00
73.310,12.000,12.000,0.000,2572.109,0.000,0.000,0.000,0.000,0.000,117514.7,3.984,1.00,-5.00
73.320,12.000,12.000,0.000,2572.109,0.000,0.000,0.000,0.000,0.000,117514.7,3.984,1.00,-5.00
73.330,12.000,12.000,0.000,2572.109,0.000,0.000,0.000,0.000,0.000,117514.7,3.984,1.00,-5.00
73.340,12.000,12.000,0.000,2572.109,0.000,0.000,0.000,0.000,0.000,117514.7,3.984,1.00,-5.00
73.350,12.000,12.000,0.000,2572.109,0.000,0.000,0.000,0.000,0.000,117514.7,3.984,1.00,-5.00
73.360,12.000,12.000,0.000,2572.109,0.000,0.000,0.000,0.000,0.000,117514.7,3.984,1.00,-5.00
73.370,12.000,12.000,0.000,2572.109,0.000,0.000,0.000,0.000,0.000,117514.7,3.984,1.00,-5.00
73.380,12.000,12.000,0.000,2572.109,0.000,0.000,0.000,0.000,0.000,117514.7,3.984,1.00,-5.00
73.390,12.000,12.000,0.000,2572.109,0.000,0.000,0.000,0.000,0.000,117514.7,3.984,1.00,-5.00
73.400,12.000,12.000,0.000,2572.109,0.000,0.000,0.000,0.000,0.000,117514.7,3.984,1.00,-5.00
73.410,12.000,12.000,0.000,2572.109,0.000,0.000,0.000,0.000,0.000,117514.7,3.984,1.00,-5.00
73.420,12.000,12.000,0.000,2572.109,0.000,0.000,0.000,0.000,0.000,117514.7,3.984,1.00,-5.00
73.430,12.000,12.000,0.000,2572.109,0.000,0.000,0.000,0.000,0.000,117514.7,3.984,1.00,-5.00
73.440,12.000,12.000,0.000,2572.109,0.000,0.000,0.000,0.000,0.000,117514.7,3.984,1.00,-5.00
73.450,12.000,12.000,0.000,2572.109,0.000,0.000,0.000,0.000,0.000,117514.7,3.984,1.00,-5.00
73.460,12.000,12.000,0.000,2572.109,0.000,0.000,0.000,0.000,0.000,117514.7,3.984,1.00,-5.00
73.470,12.000,12.000,0.000,2572.109,0.000,0.000,0.000,0.000,0.000,117514.7,3.984,1.00,-5.00
73.480,12.000,12.000,0.000,2572.109,0.000,0.000,0.000,0.000,0.000,117514.7,3.984,1.00,-5.00
73.490,12.000,12.000,0.000,2572.109,0.000,0.000,0.000,0.000,0.000,117514.7,3.984,1.00,-5.00
73.500,12.000,12.000,0.000,2572.109,0.000,0.000,0.000,0.000,0.000,117514.7,3.984,1.00,-5.00
73.510,12.000,12.010,-0.010,0.000,34.412,0.000,0.000,0.000,0.000,117510.5,3.912,1.00,-5.00
73.520,12.000,12.000,0.000,20195.569,0.000,0.000,0.000,0.000,0.000,117510.5,3.912,1.00,-5.00
73.530,12.000,12.000,0.000,2571.888,0.000,0.000,0.000,0.000,0.000,117510.5,3.979,1.00,-5.00
73.540,12.000,12.000,0.000,2573.443,0.000,0.000,0.000,0.000,0.000,117527.3,4.015,1.00,-5.00
73.550,12.000,12.000,0.000,2573.443,0.000,0.000,0.000,0.000,0.000,117527.3,4.015,1.00,-5.00
73.560,12.000,12.000,0.000,2573.443,0.000,0.000,0.000,0.000,0.000,117527.3,4.015,1.00,-5.00
73.570,12.000,12.000,0.000,2573.443,0.000,0.000,0.000,0.000,0.000,117527.3,4.015,1.00,-5.00
73.580,12.000,12.000,0.000,2573.443,0.000,0.000,0.000,0.000,0.000,117527.3,4.015,1.00,-5.00
73.590,12.000,12.000,0.000,2573.443,0.000,0.000,0.000,0.000,0.000,117527.3,4.015,1.00,-5.00
73.600,12.000,12.010,-0.010,0.000,34.414,0.000,0.000,0.000,0.000,117523.0,3.943,1.00,-5.00
73.610,12.000,12.010,-0.010,0.000,1.774,0.000,0.000,0.000,0.000,117518.7,3.871,1.00,-5.00
73.620,12.000,12.000,0.000,20197.918,0.000,0.000,0.000,0.000,0.000,117518.7,3.938,1.00,-5.00
73.630,12.000,12.000,0.000,2572.999,0.000,0.000,0.000,0.000,0.000,117518.7,4.005,1.00,-5.00
73.640,12.000,12.000,0.000,2574.554,0.000,0.000,0.000,0.000,0.000,117535.5,4.041,1.00,-5.00
73.650,12.000,12.000,0.000,2574.554,0.000,0.000,0.000,0.000,0.000,117535.5,4.041,1.00,-5.00
73.660,12.000,12.000,0.000,2574.554,0.000,0.000,0.000,0.000,0.000,117535.5,4.041,1.00,-5.00
73.670,12.000,12.000,0.000,2574.554,0.000,0.000,0.000,0.000,0.000,117535.5,4.041,1.00,-5.00
73.680,12.000,12.000,0.000,2574.554,0.000,0.000,0.000,0.000,0.000,117535.5,4.041,1.00,-5.00
73.690,12.000,12.000,0.000,2574.554,0.000,0.000,0.000,0.000,0.000,117535.5,4.041,1.00,-5.00
73.700,12.000,12.000,0.000,2574.554,0.000,0.000,0.000,0.000,0.000,117535.5,4.041,1.00,-5.00
73.710,12.000,12.000,0.000,2574.554,0.000,0.000,0.000,0.000,0.000,117535.5,4.041,1.00,-5.00
73.720,12.000,12.000,0.000,2574.554,0.000,0.000,0.000,0.000,0.000,117535.5,4.041,1.00,-5.00
73.730,12.000,12.000,0.000,2574.554,0.000,0.000,0.000,0.000,0.000,117535.5,4.041,1.00,-5.00
73.740,12.000,12.000,0.000,2574.554,0.000,0.000,0.000,0.000,0.000,117535.5,4.041,1.00,-5.00
73.750,12.000,12.000,0.000,2574.554,0.000,0.000,0.000,0.000,0.000,117535.5,4.041,1.00,-5.00
73.760,12.000,12.000,0.000,2574.554,0.000,0.000,0.000,0.000,0.000,117535.5,4.041,1.00,-5.00
73.770,12.000,12.000,0.000,2574.554,0.000,0.000,0.000,0.000,0.000,117535.5,4.041,1.00,-5.00
73.780,12.000,12.000,0.000,2574.554,0.000,0.000,0.000,0.000,0.000,117535.5,4.041,1.00,-5.00
73.790,12.000,12.000,0.000,2574.554,0.000,0.000,0.000,0.000,0.000,117535.5,4.041,1.00,-5.00
73.800,12.000,12.000,0.000,2574.554,0.000,0.000,0.000,0.000,0.000,117535.5,4.041,1.00,-5.00
73.810,12.000,12.000,0.000,2574.554,0.000,0.000,0.000,0.000,0.000,117535.5,4.041,1.00,-5.00
73.820,12.000,12.000,0.000,2574.554,0.000,0.000,0.000,0.000,0.000,117535.5,4.041,1.00,-5.00
73.830,12.000,12.000,0.000,2574.554,0.000,0.000,0.000,0.000,0.000,117535.5,4.041,1.00,-5.00
73.840,12.000,12.000,0.000,2574.554,0.000,0.000,0.000,0.000,0.000,117535.5,4.041,1.00,-5.00
73.850,12.000,12.000,0.000,2574.554,0.000,0.000,0.000,0.000,0.000,117535.5,4.041,1.00,-5.00
73.860,12.000,12.000,0.000,2574.554,0.000,0.000,0.000,0.000,0.000,117535.5,4.041,1.00,-5.00
73.870,12.000,12.000,0.000,2574.554,0.000,0.000,0.000,0.000,0.000,117535.5,4.041,1.00,-5.00
73.880,12.000,12.000,0.000,2574.554,0.000,0.000,0.000,0.000,0.000,117535.5,4.041,1.00,-5.00
73.890,12.000,12.000,0.000,2574.554,0.000,0.000,0.000,0.000,0.000,117535.5,4.041,1.00,-5.00
73.900,12.000,12.000,0.000,2574.554,0.000,0.000,0.000,0.000,0.000,117535.5,4.041,1.00,-5.00
73.910,12.000,12.000,0.000,2574.554,0.000,0.000,0.000,0.000,0.000,117535.5,4.041,1.00,-5.00
73.920,12.000,12.000,0.000,2574.554,0.000,0.000,0.000,0.000,0.000,117535.5,4.041,1.00,-5.00
73.930,12.000,12.000,0.000,2574.554,0.000,0.000,0.000,0.000,0.000,117535.5,4.041,1.00,-5.00
73.940,12.000,12.000,0.000,2574.554,0.000,0.000,0.000,0.000,0.000,117535.5,4.041,1.00,-5.00
73.950,12.000,12.000,0.000,2574.554,0.000,0.000,0.000,0.000,0.000,117535.5,4.041,1.00,-5.00
73.960,12.000,12.000,0.000,2574.554,0.000,0.000,0.000,0.000,0.000,117535.5,4.041,1.00,-5.00
73.970,12.000,12.000,0.000,2574.554,0.000,0.000,0.000,0.000,0.000,117535.5,4.041,1.00,-5.00
73.980,12.000,12.000,0.000,2574.554,0.000,0.000,0.000,0.000,0.000,117535.5,4.041,1.00,-5.00
73.990,12.000,12.000,0.000,2574.554,0.000,0.000,0.000,0.000,0.000,117535.5,4.041,1.00,-5.00
74.000,12.000,12.000,0.000,2574.554,0.000,0.000,0.000,0.000,0.000,117535.5,4.041,1.00,-5.00
74.010,12.000,12.000,0.000,2574.554,0.000,0.000,0.000,0.000,0.000,117535.5,4.041,1.00,-5.00
74.020,12.000,12.000,0.000,2574.554,0.000,0.000,0.000,0.000,0.000,117535.5,4.041,1.00,-5.00
74.030,12.000,12.000,0.000,2574.554,0.000,0.000,0.000,0.000,0.000,117535.5,4.041,1.00,-5.00
74.040,12.000,12.000,0.000,2574.554,0.000,0.000,0.000,0.000,0.000,117535.5,4.041,1.00,-5.00
74.050,12.000,12.000,0.000,2574.554,0.000,0.000,0.000,0.000,0.000,117535.5,4.041,1.00,-5.00
74.060,12.000,12.000,0.000,2574.554,0.000,0.000,0.000,0.000,0.000,117535.5,4.041,1.00,-5.00
74.070,12.000,12.000,0.000,2574.554,0.000,0.000,0.000,0.000,0.000,117535.5,4.041,1.00,-5.00
74.080,12.000,12.000,0.000,2574.554,0.000,0.000,0.000,0.000,0.000,117535.5,4.041,1.00,-5.00
74.090,12.000,12.000,0.000,2574.554,0.000,0.000,0.000,0.000,0.000,117535.5,4.041,1.00,-5.00
74.100,12.000,12.000,0.000,2574.554,0.000,0.000,0.000,0.000,0.000,117535.5,4.041,1.00,-5.00
74.110,12.000,12.000,0.000,2574.554,0.000,0.000,0.000,0.000,0.000,117535.5,4.041,1.00,-5.00
74.120,12.000,12.000,0.000,2574.554,0.000,0.000,0.000,0.000,0.000,117535.5,4.041,1.00,-5.00
74.130,12.000,12.000,0.000,2574.554,0.000,0.000,0.000,0.000,0.000,117535.5,4.041,1.00,-5.00
74.140,12.000,12.000,0.000,2574.554,0.000,0.000,0.000,0.000,0.000,117535.5,4.041,1.00,-5.00
74.150,12.000,12.000,0.000,2574.554,0.000,0.000,0.000,0.000,0.000,117535.5,4.041,1.00,-5.00
74.160,12.000,12.000,0.000,2574.554,0.000,0.000,0.000,0.000,0.000,117535.5,4.041,1.00,-5.00
74.170,12.000,12.000,0.000,2574.554,0.000,0.000,0.000,0.000,0.000,117535.5,4.041,1.00,-5.00
74.180,12.000,12.000,0.000,2574.554,0.000,0.000,0.000,0.000,0.000,117535.5,4.041,1.00,-5.00
74.190,12.000,12.000,0.000,2574.554,0.000,0.000,0.000,0.000,0.000,117535.5,4.041,1.00,-5.00
74.200,12.000,12.000,0.000,2574.554,0.000,0.000,0.000,0.000,0.000,117535.5,4.041,1.00,-5.00
74.210,12.000,12.000,0.000,2574.554,0.000,0.000,0.000,0.000,0.000,117535.5,4.041,1.00,-5.00
74.220,12.000,12.000,0.000,2574.554,0.000,0.000,0.000,0.000,0.000,117535.5,4.041,1.00,-5.00
74.230,12.000,12.000,0.000,2574.554,0.000,0.000,0.000,0.000,0.000,117535.5,4.041,1.00,-5.00
74.240,12.000,12.000,0.000,2574.554,0.000,0.000,0.000,0.000,0.000,117535.5,4.041,1.00,-5.00
74.250,12.000,12.000,0.000,2574.554,0.000,0.000,0.000,0.000,0.000,117535.5,4.041,1.00,-5.00
74.260,12.000,12.000,0.000,2574.554,0.000,0.000,0.000,0.000,0.000,117535.5,4.041,1.00,-5.00
74.270,12.000,12.000,0.000,2574.554,0.000,0.000,0.000,0.000,0.000,117535.5,4.041,1.00,-5.00
74.280,12.000,12.000,0.000,2574.554,0.000,0.000,0.000,0.000,0.000,117535.5,4.041,1.00,-5.00
74.290,12.000,12.000,0.000,2574.554,0.000,0.000,0.000,0.000,0.000,117535.5,4.041,1.00,-5.00
74.300,12.000,12.000,0.000,2574.554,0.000,0.000,0.000,0.000,0.000,117535.5,4.041,1.00,-5.00
74.310,12.000,12.000,0.000,2574.554,0.000,0.000,0.000,0.000,0.000,117535.5,4.041,1.00,-5.00
74.320,12.000,12.000,0.000,2574.554,0.000,0.000,0.000,0.000,0.000,117535.5,4.041,1.00,-5.00
74.330,12.000,12.000,0.000,2574.554,0.000,0.000,0.000,0.000,0.000,117535.5,4.041,1.00,-5.00
74.340,12.000,12.000,0.000,2574.554,0.000,0.000,0.000,0.000,0.000,117535.5,4.041,1.00,-5.00
74.350,12.000,12.010,-0.010,0.000,34.415,0.000,0.000,0.000,0.000,117531.2,3.969,1.00,-5.00
74.360,12.000,12.010,-0.010,0.000,1.773,0.000,0.000,0.000,0.000,117527.0,3.897,1.00,-5.00
74.370,12.000,12.000,0.000,20200.266,0.000,0.000,0.000,0.000,0.000,117527.0,3.963,1.00,-5.00
74.380,12.000,12.000,0.000,2574.111,0.000,0.000,0.000,0.000,0.000,117527.0,4.030,1.00,-5.00
74.390,12.000,12.000,0.000,2575.665,0.000,0.000,0.000,0.000,0.000,117543.8,4.066,1.00,-5.00
74.400,12.000,12.000,0.000,2575.665,0.000,0.000,0.000,0.000,0.000,117543.8,4.066,1.00,-5.00
74.410,12.000,12.000,0.000,2575.665,0.000,0.000,0.000,0.000,0.000,117543.8,4.066,1.00,-5.00
74.420,12.000,12.000,0.000,2575.665,0.000,0.000,0.000,0.000,0.000,117543.8,4.066,1.00,-5.00
74.430,12.000,12.000,0.000,2575.665,0.000,0.000,0.000,0.000,0.000,117543.8,4.066,1.00,-5.00
74.440,12.000,12.000,0.000,2575.665,0.000,0.000,0.000,0.000,0.000,117543.8,4.066,1.00,-5.00
74.450,12.000,12.000,0.000,2575.665,0.000,0.000,0.000,0.000,0.000,117543.8,4.066,1.00,-5.00
74.460,12.000,12.000,0.000,2575.665,0.000,0.000,0.000,0.000,0.000,117543.8,4.066,1.00,-5.00
74.470,12.000,12.000,0.000,2575.665,0.000,0.000,0.000,0.000,0.000,117543.8,4.066,1.00,-5.00
74.480,12.000,12.000,0.000,2575.665,0.000,0.000,0.000,0.000,0.000,117543.8,4.066,1.00,-5.00
74.490,12.000,12.000,0.000,2575.665,0.000,0.000,0.000,0.000,0.000,117543.8,4.066,1.00,-5.00
74.500,12.000,12.000,0.000,2575.665,0.000,0.000,0.000,0.000,0.000,117543.8,4.066,1.00,-5.00
74.510,12.000,12.000,0.000,2575.665,0.000,0.000,0.000,0.000,0.000,117543.8,4.066,1.00,-5.00
74.520,12.000,12.000,0.000,2575.665,0.000,0.000,0.000,0.000,0.000,117543.8,4.066,1.00,-5.00
74.530,12.000,12.000,0.000,2575.665,0.000,0.000,0.000,0.000,0.000,117543.8,4.066,1.00,-5.00
74.540,12.000,12.000,0.000,2575.665,0.000,0.000,0.000,0.000,0.000,117543.8,4.066,1.00,-5.00
74.550,12.000,12.000,0.000,2575.665,0.000,0.000,0.000,0.000,0.000,117543.8,4.066,1.00,-5.00
74.560,12.000,12.000,0.000,2575.665,0.000,0.000,0.000,0.000,0.000,117543.8,4.066,1.00,-5.00
74.570,12.000,12.000,0.000,2575.665,0.000,0.000,0.000,0.000,0.000,117543.8,4.066,1.00,-5.00
74.580,12.000,12.000,0.000,2575.665,0.000,0.000,0.000,0.000,0.000,117543.8,4.066,1.00,-5.00
74.590,12.000,12.000,0.000,2575.665,0.000,0.000,0.000,0.000,0.000,117543.8,4.066,1.00,-5.00
74.600,12.000,12.000,0.000,2575.665,0.000,0.000,0.000,0.000,0.000,117543.8,4.066,1.00,-5.00
74.610,12.000,12.000,0.000,2575.665,0.000,0.000,0.000,0.000,0.000,117543.8,4.066,1.00,-5.00
74.620,12.000,12.000,0.000,2575.665,0.000,0.000,0.000,0.000,0.000,117543.8,4.066,1.00,-5.00
74.630,12.000,12.000,0.000,2575.665,0.000,0.000,0.000,0.000,0.000,117543.8,4.066,1.00,-5.00
74.640,12.000,12.000,0.000,2575.665,0.000,0.000,0.000,0.000,0.000,117543.8,4.066,1.00,-5.00
74.650,12.000,12.000,0.000,2575.665,0.000,0.000,0.000,0.000,0.000,117543.8,4.066,1.00,-5.00
74.660,12.000,12.000,0.000,2575.665,0.000,0.000,0.000,0.000,0.000,117543.8,4.066,1.00,-5.00
74.670,12.000,12.000,0.000,2575.665,0.000,0.000,0.000,0.000,0.000,117543.8,4.066,1.00,-5.00
74.680,12.000,12.000,0.000,2575.665,0.000,0.000,0.000,0.000,0.000,117543.8,4.066,1.00,-5.00
74.690,12.000,12.000,0.000,2575.665,0.000,0.000,0.000,0.000,0.000,117543.8,4.066,1.00,-5.00
74.700,12.000,12.000,0.000,2575.665,0.000,0.000,0.000,0.000,0.000,117543.8,4.066,1.00,-5.00
74.710,12.000,12.000,0.000,2575.665,0.000,0.000,0.000,0.000,0.000,117543.8,4.066,1.00,-5.00
74.720,12.000,12.000,0.000,2575.665,0.000,0.000,0.000,0.000,0.000,117543.8,4.066,1.00,-5.00
74.730,12.000,12.000,0.000,2575.665,0.000,0.000,0.000,0.000,0.000,117543.8,4.066,1.00,-5.00
74.740,12.000,12.000,0.000,2575.665,0.000,0.000,0.000,0.000,0.000,117543.8,4.066,1.00,-5.00
74.750,12.000,12.000,0.000,2575.665,0.000,0.000,0.000,0.000,0.000,117543.8,4.066,1.00,-5.00
74.760,12.000,12.000,0.000,2575.665,0.000,0.000,0.000,0.000,0.000,117543.8,4.066,1.00,-5.00
74.770,12.000,12.000,0.000,2575.665,0.000,0.000,0.000,0.000,0.000,117543.8,4.066,1.00,-5.00
74.780,12.000,12.000,0.000,2575.665,0.000,0.000,0.000,0.000,0.000,117543.8,4.066,1.00,-5.00
74.790,12.000,12.000,0.000,2575.665,0.000,0.000,0.000,0.000,0.000,117543.8,4.066,1.00,-5.00
74.800,12.000,12.000,0.000,2575.665,0.000,0.000,0.000,0.000,0.000,117543.8,4.066,1.00,-5.00
74.810,12.000,12.000,0.000,2575.665,0.000,0.000,0.000,0.000,0.000,117543.8,4.066,1.00,-5.00
74.820,12.000,12.000,0.000,2575.665,0.000,0.000,0.000,0.000,0.000,117543.8,4.066,1.00,-5.00
74.830,12.000,12.000,0.000,2575.665,0.000,0.000,0.000,0.000,0.000,117543.8,4.066,1.00,-5.00
74.840,12.000,12.000,0.000,2575.665,0.000,0.000,0.000,0.000,0.000,117543.8,4.066,1.00,-5.00
74.850,12.000,12.000,0.000,2575.665,0.000,0.000,0.000,0.000,0.000,117543.8,4.066,1.00,-5.00
74.860,12.000,12.000,0.000,2575.665,0.000,0.000,0.000,0.000,0.000,117543.8,4.066,1.00,-5.00
74.870,12.000,12.000,0.000,2575.665,0.000,0.000,0.000,0.000,0.000,117543.8,4.066,1.00,-5.00
74.880,12.000,12.000,0.000,2575.665,0.000,0.000,0.000,0.000,0.000,117543.8,4.066,1.00,-5.00
74.890,12.000,12.000,0.000,2575.665,0.000,0.000,0.000,0.000,0.000,117543.8,4.066,1.00,-5.00
74.900,12.000,12.000,0.000,2575.665,0.000,0.000,0.000,0.000,0.000,117543.8,4.066,1.00,-5.00
74.910,12.000,12.000,0.000,2575.665,0.000,0.000,0.000,0.000,0.000,117543.8,4.066,1.00,-5.00
74.920,12.000,12.000,0.000,2575.665,0.000,0.000,0.000,0.000,0.000,117543.8,4.066,1.00,-5.00
74.930,12.000,12.000,0.000,2575.665,0.000,0.000,0.000,0.000,0.000,117543.8,4.066,1.00,-5.00
74.940,12.000,12.000,0.000,2575.665,0.000,0.000,0.000,0.000,0.000,117543.8,4.066,1.00,-5.00
74.950,12.000,12.000,0.000,2575.665,0.000,0.000,0.000,0.000,0.000,117543.8,4.066,1.00,-5.00
74.960,12.000,12.000,0.000,2575.665,0.000,0.000,0.000,0.000,0.000,117543.8,4.066,1.00,-5.00
74.970,12.000,12.000,0.000,2575.665,0.000,0.000,0.000,0.000,0.000,117543.8,4.066,1.00,-5.00
74.980,12.000,12.000,0.000,2575.665,0.000,0.000,0.000,0.000,0.000,117543.8,4.066,1.00,-5.00
74.990,12.000,12.000,0.000,2575.665,0.000,0.000,0.000,0.000,0.000,117543.8,4.066,1.00,-5.00
75.000,12.000,12.000,0.000,2575.665,0.000,0.000,0.000,0.000,0.000,117543.8,4.066,1.00,5.00
75.010,12.000,12.000,0.000,2575.665,0.000,0.000,0.000,0.000,0.000,117543.8,4.066,1.00,5.00
75.020,12.000,12.000,0.000,2575.665,0.000,0.000,0.000,0.000,0.000,117543.8,4.066,1.00,5.00
75.030,12.000,12.000,0.000,2575.665,0.000,0.000,0.000,0.000,0.000,117543.8,4.066,1.00,5.00
75.040,12.000,12.000,0.000,2575.665,0.000,0.000,0.000,0.000,0.000,117543.8,4.066,1.00,5.00
75.050,12.000,12.000,0.000,2575.665,0.000,0.000,0.000,0.000,0.000,117543.8,4.066,1.00,5.00
75.060,12.000,12.000,0.000,2575.665,0.000,0.000,0.000,0.000,0.000,117543.8,4.066,1.00,5.00
75.070,12.000,12.000,0.000,2575.665,0.000,0.000,0.000,0.000,0.000,117543.8,4.066,1.00,5.00
75.080,12.000,12.000,0.000,2575.665,0.000,0.000,0.000,0.000,0.000,117543.8,4.066,1.00,5.00
75.090,12.000,12.010,-0.010,0.000,34.415,0.000,0.000,0.000,0.000,117539.5,3.994,1.00,5.00
75.100,12.000,12.000,0.000,20203.480,0.000,0.000,0.000,0.000,0.000,117539.5,3.994,1.00,5.00
75.110,12.000,12.000,0.000,2575.443,0.000,0.000,0.000,0.000,0.000,117539.5,4.061,1.00,5.00
75.120,12.000,12.000,0.000,2576.998,0.000,0.000,0.000,0.000,0.000,117556.3,4.097,1.00,5.00
75.130,12.000,12.000,0.000,2576.998,0.000,0.000,0.000,0.000,0.000,117556.3,4.097,1.00,5.00
75.140,12.000,12.000,0.000,2576.998,0.000,0.000,0.000,0.000,0.000,117556.3,4.097,1.00,5.00
75.150,12.000,12.010,-0.010,0.000,34.417,0.000,0.000,0.000,0.000,117552.0,4.025,1.00,5.00
75.160,12.000,12.000,0.000,20206.694,0.000,0.000,0.000,0.000,0.000,117552.0,4.025,1.00,5.00
75.170,12.000,12.000,0.000,2576.776,0.000,0.000,0.000,0.000,0.000,117552.0,4.092,1.00,5.00
75.180,12.000,12.000,0.000,2578.331,0.000,0.000,0.000,0.000,0.000,117568.9,4.128,1.00,5.00
75.190,12.000,12.000,0.000,2578.331,0.000,0.000,0.000,0.000,0.000,117568.9,4.128,1.00,5.00
75.200,12.000,12.000,0.000,2578.331,0.000,0.000,0.000,0.000,0.000,117568.9,4.128,1.00,5.00
75.210,12.000,12.000,0.000,2578.331,0.000,0.000,0.000,0.000,0.000,117568.9,4.128,1.00,5.00
75.220,12.000,12.000,0.000,2578.331,0.000,0.000,0.000,0.000,0.000,117568.9,4.128,1.00,5.00
75.230,12.000,12.000,0.000,2578.331,0.000,0.000,0.000,0.000,0.000,117568.9,4.128,1.00,5.00
75.240,12.000,12.010,-0.010,0.000,34.419,0.000,0.000,0.000,0.000,117564.6,4.056,1.00,5.00
75.250,12.000,12.010,-0.010,0.000,1.767,0.000,0.000,0.000,0.000,117560.3,3.984,1.00,5.00
75.260,12.000,12.000,0.000,20209.041,0.000,0.000,0.000,0.000,0.000,117560.3,4.051,1.00,5.00
75.270,12.000,12.000,0.000,2577.887,0.000,0.000,0.000,0.000,0.000,117560.3,4.118,1.00,5.00
75.280,12.000,12.000,0.000,2579.442,0.000,0.000,0.000,0.000,0.000,117577.1,4.154,1.00,5.00
75.290,12.000,12.000,0.000,2579.442,0.000,0.000,0.000,0.000,0.000,117577.1,4.154,1.00,5.00
75.300,12.000,12.000,0.000,2579.442,0.000,0.000,0.000,0.000,0.000,117577.1,4.154,1.00,5.00
75.310,12.000,12.000,0.000,2579.442,0.000,0.000,0.000,0.000,0.000,117577.1,4.154,1.00,5.00
75.320,12.000,12.000,0.000,2579.442,0.000,0.000,0.000,0.000,0.000,117577.1,4.154,1.00,5.00
75.330,12.000,12.000,0.000,2579.442,0.000,0.000,0.000,0.000,0.000,117577.1,4.154,1.00,5.00
75.340,12.000,12.000,0.000,2579.442,0.000,0.000,0.000,0.000,0.000,117577.1,4.154,1.00,5.00
75.350,12.000,12.000,0.000,2579.442,0.000,0.000,0.000,0.000,0.000,117577.1,4.154,1.00,5.00
75.360,12.000,12.000,0.000,2579.442,0.000,0.000,0.000,0.000,0.000,117577.1,4.154,1.00,5.00
75.370,12.000,12.000,0.000,2579.442,0.000,0.000,0.000,0.000,0.000,117577.1,4.154,1.00,5.00
75.380,12.000,12.000,0.000,2579.442,0.000,0.000,0.000,0.000,0.000,117577.1,4.154,1.00,5.00
75.390,12.000,12.000,0.000,2579.442,0.000,0.000,0.000,0.000,0.000,117577.1,4.154,1.00,5.00
75.400,12.000,12.000,0.000,2579.442,0.000,0.000,0.000,0.000,0.000,117577.1,4.154,1.00,5.00
75.410,12.000,12.000,0.000,2579.442,0.000,0.000,0.000,0.000,0.000,117577.1,4.154,1.00,5.00
75.420,12.000,12.000,0.000,2579.442,0.000,0.000,0.000,0.000,0.000,117577.1,4.154,1.00,5.00
75.430,12.000,12.000,0.000,2579.442,0.000,0.000,0.000,0.000,0.000,117577.1,4.154,1.00,5.00
75.440,12.000,12.000,0.000,2579.442,0.000,0.000,0.000,0.000,0.000,117577.1,4.154,1.00,5.00
75.450,12.000,12.000,0.000,2579.442,0.000,0.000,0.000,0.000,0.000,117577.1,4.154,1.00,5.00
75.460,12.000,12.000,0.000,2579.442,0.000,0.000,0.000,0.000,0.000,117577.1,4.154,1.00,5.00
75.470,12.000,12.000,0.000,2579.442,0.000,0.000,0.000,0.000,0.000,117577.1,4.154,1.00,5.00
75.480,12.000,12.000,0.000,2579.442,0.000,0.000,0.000,0.000,0.000,117577.1,4.154,1.00,5.00
75.490,12.000,12.000,0.000,2579.442,0.000,0.000,0.000,0.000,0.000,117577.1,4.154,1.00,5.00
75.500,12.000,12.000,0.000,2579.442,0.000,0.000,0.000,0.000,0.000,117577.1,4.154,1.00,5.00
75.510,12.000,12.000,0.000,2579.442,0.000,0.000,0.000,0.000,0.000,117577.1,4.154,1.00,5.00
75.520,12.000,12.000,0.000,2579.442,0.000,0.000,0.000,0.000,0.000,117577.1,4.154,1.00,5.00
75.530,12.000,12.000,0.000,2579.442,0.000,0.000,0.000,0.000,0.000,117577.1,4.154,1.00,5.00
75.540,12.000,12.000,0.000,2579.442,0.000,0.000,0.000,0.000,0.000,117577.1,4.154,1.00,5.00
75.550,12.000,12.000,0.000,2579.442,0.000,0.000,0.000,0.000,0.000,117577.1,4.154,1.00,5.00
75.560,12.000,12.000,0.000,2579.442,0.000,0.000,0.000,0.000,0.000,117577.1,4.154,1.00,5.00
75.577,12.000,12.000,0.000,2579.442,0.000,0.000,0.000,0.000,0.000,117577.1,4.154,1.00,5.00
75.580,12.000,12.000,0.000,2579.442,0.000,0.000,0.000,0.000,0.000,117577.1,4.154,1.00,5.00
75.590,12.000,12.000,0.000,2579.442,0.000,0.000,0.000,0.000,0.000,117577.1,4.154,1.00,5.00
75.600,12.000,12.000,0.000,2579.442,0.000,0.000,0.000,0.000,0.000,117577.1,4.154,1.00,5.00
75.610,12.000,12.000,0.000,2579.442,0.000,0.000,0.000,0.000,0.000,117577.1,4.154,1.00,5.00
75.620,12.000,12.000,0.000,2579.442,0.000,0.000,0.000,0.000,0.000,117577.1,4.154,1.00,5.00
75.630,12.000,12.000,0.000,2579.442,0.000,0.000,0.000,0.000,0.000,117577.1,4.154,1.00,5.00
75.640,12.000,12.000,0.000,2579.442,0.000,0.000,0.000,0.000,0.000,117577.1,4.154,1.00,5.00
75.650,12.000,12.000,0.000,2579.442,0.000,0.000,0.000,0.000,0.000,117577.1,4.154,1.00,5.00
75.660,12.000,12.000,0.000,2579.442,0.000,0.000,0.000,0.000,0.000,117577.1,4.154,1.00,5.00
75.670,12.000,12.000,0.000,2579.442,0.000,0.000,0.000,0.000,0.000,117577.1,4.154,1.00,5.00
75.680,12.000,12.000,0.000,2579.442,0.000,0.000,0.000,0.000,0.000,117577.1,4.154,1.00,5.00
75.690,12.000,12.000,0.000,2579.442,0.000,0.000,0.000,0.000,0.000,117577.1,4.154,1.00,5.00
75.700,12.000,12.000,0.000,2579.442,0.000,0.000,0.000,0.000,0.000,117577.1,4.154,1.00,5.00
75.710,12.000,12.000,0.000,2579.442,0.000,0.000,0.000,0.000,0.000,117577.1,4.154,1.00,5.00
75.720,12.000,12.000,0.000,2579.442,0.000,0.000,0.000,0.000,0.000,117577.1,4.154,1.00,5.00
75.730,12.000,12.000,0.000,2579.442,0.000,0.000,0.000,0.000,0.000,117577.1,4.154,1.00,5.00
75.740,12.000,12.000,0.000,2579.442,0.000,0.000,0.000,0.000,0.000,117577.1,4.154,1.00,5.00
75.750,12.000,12.000,0.000,2579.442,0.000,0.000,0.000,0.000,0.000,117577.1,4.154,1.00,5.00
75.760,12.000,12.000,0.000,2579.442,0.000,0.000,0.000,0.000,0.000,117577.1,4.154,1.00,5.00
75.770,12.000,12.000,0.000,2579.442,0.000,0.000,0.000,0.000,0.000,117577.1,4.154,1.00,5.00
75.780,12.000,12.000,0.000,2579.442,0.000,0.000,0.000,0.000,0.000,117577.1,4.154,1.00,5.00
75.790,12.000,12.000,0.000,2579.442,0.000,0.000,0.000,0.000,0.000,117577.1,4.154,1.00,5.00
75.800,12.000,12.000,0.000,2579.442,0.000,0.000,0.000,0.000,0.000,117577.1,4.154,1.00,5.00
75.810,12.000,12.000,0.000,2579.442,0.000,0.000,0.000,0.000,0.000,117577.1,4.154,1.00,5.00
75.820,12.000,12.000,0.000,2579.442,0.000,0.000,0.000,0.000,0.000,117577.1,4.154,1.00,5.00
75.830,12.000,12.000,0.000,2579.442,0.000,0.000,0.000,0.000,0.000,117577.1,4.154,1.00,5.00
75.840,12.000,12.000,0.000,2579.442,0.000,0.000,0.000,0.000,0.000,117577.1,4.154,1.00,5.00
75.850,12.000,12.000,0.000,2579.442,0.000,0.000,0.000,0.000,0.000,117577.1,4.154,1.00,5.00
75.860,12.000,12.000,0.000,2579.442,0.000,0.000,0.000,0.000,0.000,117577.1,4.154,1.00,5.00
75.870,12.000,12.000,0.000,2579.442,0.000,0.000,0.000,0.000,0.000,117577.1,4.154,1.00,5.00
75.880,12.000,12.000,0.000,2579.442,0.000,0.000,0.000,0.000,0.000,117577.1,4.154,1.00,5.00
75.890,12.000,12.000,0.000,2579.442,0.000,0.000,0.000,0.000,0.000,117577.1,4.154,1.00,5.00
75.900,12.000,12.000,0.000,2579.442,0.000,0.000,0.000,0.000,0.000,117577.1,4.154,1.00,5.00
75.910,12.000,12.000,0.000,2579.442,0.000,0.000,0.000,0.000,0.000,117577.1,4.154,1.00,5.00
75.920,12.000,12.000,0.000,2579.442,0.000,0.000,0.000,0.000,0.000,117577.1,4.154,1.00,5.00
75.930,12.000,12.000,0.000,2579.442,0.000,0.000,0.000,0.000,0.000,117577.1,4.154,1.00,5.00
75.940,12.000,12.000,0.000,2579.442,0.000,0.000,0.000,0.000,0.000,117577.1,4.154,1.00,5.00
75.950,12.000,12.000,0.000,2579.442,0.000,0.000,0.000,0.000,0.000,117577.1,4.154,1.00,5.00
75.960,12.000,12.000,0.000,2579.442,0.000,0.000,0.000,0.000,0.000,117577.1,4.154,1.00,5.00
75.970,12.000,12.010,-0.010,0.000,34.419,0.000,0.000,0.000,0.000,117572.8,4.082,1.00,5.00
75.980,12.000,12.010,-0.010,0.000,1.766,0.000,0.000,0.000,0.000,117568.5,4.010,1.00,5.00
75.990,12.000,12.000,0.000,20211.387,0.000,0.000,0.000,0.000,0.000,117568.5,4.077,1.00,5.00
76.000,12.000,12.000,0.000,2578.998,0.000,0.000,0.000,0.000,0.000,117568.5,4.143,1.00,5.00
76.010,12.000,12.000,0.000,2580.553,0.000,0.000,0.000,0.000,0.000,117585.4,4.179,1.00,5.00
76.020,12.000,12.000,0.000,2580.552,0.000,0.000,0.000,0.000,0.000,117585.4,4.179,1.00,5.00
76.030,12.000,12.000,0.000,2580.552,0.000,0.000,0.000,0.000,0.000,117585.4,4.179,1.00,5.00
76.040,12.000,12.000,0.000,2580.552,0.000,0.000,0.000,0.000,0.000,117585.4,4.179,1.00,5.00
76.050,12.000,12.000,0.000,2580.552,0.000,0.000,0.000,0.000,0.000,117585.4,4.179,1.00,5.00
76.060,12.000,12.000,0.000,2580.552,0.000,0.000,0.000,0.000,0.000,117585.4,4.179,1.00,5.00
76.070,12.000,12.000,0.000,2580.552,0.000,0.000,0.000,0.000,0.000,117585.4,4.179,1.00,5.00
76.080,12.000,12.000,0.000,2580.552,0.000,0.000,0.000,0.000,0.000,117585.4,4.179,1.00,5.00
76.090,12.000,12.000,0.000,2580.552,0.000,0.000,0.000,0.000,0.000,117585.4,4.179,1.00,5.00
76.100,12.000,12.000,0.000,2580.552,0.000,0.000,0.000,0.000,0.000,117585.4,4.179,1.00,5.00
76.110,12.000,12.000,0.000,2580.552,0.000,0.000,0.000,0.000,0.000,117585.4,4.179,1.00,5.00
76.120,12.000,12.000,0.000,2580.552,0.000,0.000,0.000,0.000,0.000,117585.4,4.179,1.00,5.00
76.130,12.000,12.000,0.000,2580.552,0.000,0.000,0.000,0.000,0.000,117585.4,4.179,1.00,5.00
76.140,12.000,12.000,0.000,2580.552,0.000,0.000,0.000,0.000,0.000,117585.4,4.179,1.00,5.00
76.150,12.000,12.000,0.000,2580.552,0.000,0.000,0.000,0.000,0.000,117585.4,4.179,1.00,5.00
76.160,12.000,12.000,0.000,2580.552,0.000,0.000,0.000,0.000,0.000,117585.4,4.179,1.00,5.00
76.170,12.000,12.000,0.000,2580.552,0.000,0.000,0.000,0.000,0.000,117585.4,4.179,1.00,5.00
76.180,12.000,12.000,0.000,2580.552,0.000,0.000,0.000,0.000,0.000,117585.4,4.179,1.00,5.00
76.190,12.000,12.000,0.000,2580.552,0.000,0.000,0.000,0.000,0.000,117585.4,4.179,1.00,5.00
76.200,12.000,12.000,0.000,2580.552,0.000,0.000,0.000,0.000,0.000,117585.4,4.179,1.00,5.00
76.210,12.000,12.000,0.000,2580.552,0.000,0.000,0.000,0.000,0.000,117585.4,4.179,1.00,5.00
76.220,12.000,12.000,0.000,2580.552,0.000,0.000,0.000,0.000,0.000,117585.4,4.179,1.00,5.00
76.230,12.000,12.000,0.000,2580.552,0.000,0.000,0.000,0.000,0.000,117585.4,4.179,1.00,5.00
76.240,12.000,12.000,0.000,2580.552,0.000,0.000,0.000,0.000,0.000,117585.4,4.179,1.00,5.00
76.250,12.000,12.000,0.000,2580.552,0.000,0.000,0.000,0.000,0.000,117585.4,4.179,1.00,5.00
76.260,12.000,12.000,0.000,2580.552,0.000,0.000,0.000,0.000,0.000,117585.4,4.179,1.00,5.00
76.270,12.000,12.000,0.000,2580.552,0.000,0.000,0.000,0.000,0.000,117585.4,4.179,1.00,5.00
76.280,12.000,12.000,0.000,2580.552,0.000,0.000,0.000,0.000,0.000,117585.4,4.179,1.00,5.00
76.290,12.000,12.000,0.000,2580.552,0.000,0.000,0.000,0.000,0.000,117585.4,4.179,1.00,5.00
76.300,12.000,12.000,0.000,2580.552,0.000,0.000,0.000,0.000,0.000,117585.4,4.179,1.00,5.00
76.310,12.000,12.000,0.000,2580.552,0.000,0.000,0.000,0.000,0.000,117585.4,4.179,1.00,5.00
76.320,12.000,12.000,0.000,2580.552,0.000,0.000,0.000,0.000,0.000,117585.4,4.179,1.00,5.00
76.330,12.000,12.000,0.000,2580.552,0.000,0.000,0.000,0.000,0.000,117585.4,4.179,1.00,5.00
76.340,12.000,12.000,0.000,2580.552,0.000,0.000,0.000,0.000,0.000,117585.4,4.179,1.00,5.00
76.350,12.000,12.000,0.000,2580.552,0.000,0.000,0.000,0.000,0.000,117585.4,4.179,1.00,5.00
76.360,12.000,12.000,0.000,2580.552,0.000,0.000,0.000,0.000,0.000,117585.4,4.179,1.00,5.00
76.370,12.000,12.000,0.000,2580.552,0.000,0.000,0.000,0.000,0.000,117585.4,4.179,1.00,5.00
76.380,12.000,12.000,0.000,2580.552,0.000,0.000,0.000,0.000,0.000,117585.4,4.179,1.00,5.00
76.390,12.000,12.000,0.000,2580.552,0.000,0.000,0.000,0.000,0.000,117585.4,4.179,1.00,5.00
76.400,12.000,12.000,0.000,2580.552,0.000,0.000,0.000,0.000,0.000,117585.4,4.179,1.00,5.00
76.410,12.000,12.000,0.000,2580.552,0.000,0.000,0.000,0.000,0.000,117585.4,4.179,1.00,5.00
76.420,12.000,12.000,0.000,2580.552,0.000,0.000,0.000,0.000,0.000,117585.4,4.179,1.00,5.00
76.430,12.000,12.000,0.000,2580.552,0.000,0.000,0.000,0.000,0.000,117585.4,4.179,1.00,5.00
76.440,12.000,12.000,0.000,2580.552,0.000,0.000,0.000,0.000,0.000,117585.4,4.179,1.00,5.00
76.450,12.000,12.000,0.000,2580.552,0.000,0.000,0.000,0.000,0.000,117585.4,4.179,1.00,5.00
76.460,12.000,12.000,0.000,2580.552,0.000,0.000,0.000,0.000,0.000,117585.4,4.179,1.00,5.00
76.470,12.000,12.000,0.000,2580.552,0.000,0.000,0.000,0.000,0.000,117585.4,4.179,1.00,5.00
76.480,12.000,12.000,0.000,2580.552,0.000,0.000,0.000,0.000,0.000,117585.4,4.179,1.00,5.00
76.490,12.000,12.000,0.000,2580.552,0.000,0.000,0.000,0.000,0.000,117585.4,4.179,1.00,5.00
76.500,12.000,12.000,0.000,2580.552,0.000,0.000,0.000,0.000,0.000,117585.4,4.179,1.00,5.00
76.510,12.000,12.000,0.000,2580.552,0.000,0.000,0.000,0.000,0.000,117585.4,4.179,1.00,5.00
76.520,12.000,12.000,0.000,2580.552,0.000,0.000,0.000,0.000,0.000,117585.4,4.179,1.00,5.00
76.530,12.000,12.000,0.000,2580.552,0.000,0.000,0.000,0.000,0.000,117585.4,4.179,1.00,5.00
76.540,12.000,12.000,0.000,2580.552,0.000,0.000,0.000,0.000,0.000,117585.4,4.179,1.00,5.00
76.550,12.000,12.000,0.000,2580.552,0.000,0.000,0.000,0.000,0.000,117585.4,4.179,1.00,5.00
76.560,12.000,12.000,0.000,2580.552,0.000,0.000,0.000,0.000,0.000,117585.4,4.179,1.00,5.00
76.570,12.000,12.000,0.000,2580.552,0.000,0.000,0.000,0.000,0.000,117585.4,4.179,1.00,5.00
76.580,12.000,12.000,0.000,2580.552,0.000,0.000,0.000,0.000,0.000,117585.4,4.179,1.00,5.00
76.590,12.000,12.000,0.000,2580.552,0.000,0.000,0.000,0.000,0.000,117585.4,4.179,1.00,5.00
76.600,12.000,12.000,0.000,2580.552,0.000,0.000,0.000,0.000,0.000,117585.4,4.179,1.00,5.00
76.610,12.000,12.000,0.000,2580.552,0.000,0.000,0.000,0.000,0.000,117585.4,4.179,1.00,5.00
76.620,12.000,12.000,0.000,2580.552,0.000,0.000,0.000,0.000,0.000,117585.4,4.179,1.00,5.00
76.630,12.000,12.000,0.000,2580.552,0.000,0.000,0.000,0.000,0.000,117585.4,4.179,1.00,5.00
76.640,12.000,12.000,0.000,2580.552,0.000,0.000,0.000,0.000,0.000,117585.4,4.179,1.00,5.00
76.650,12.000,12.000,0.000,2580.552,0.000,0.000,0.000,0.000,0.000,117585.4,4.179,1.00,5.00
76.660,12.000,12.000,0.000,2580.552,0.000,0.000,0.000,0.000,0.000,117585.4,4.179,1.00,5.00
76.670,12.000,12.000,0.000,2580.552,0.000,0.000,0.000,0.000,0.000,117585.4,4.179,1.00,5.00
76.680,12.000,12.000,0.000,2580.552,0.000,0.000,0.000,0.000,0.000,117585.4,4.179,1.00,5.00
76.690,12.000,12.000,0.000,2580.552,0.000,0.000,0.000,0.000,0.000,117585.4,4.179,1.00,5.00
76.700,12.000,12.010,-0.010,0.000,34.420,0.000,0.000,0.000,0.000,117581.1,4.107,1.00,5.00
76.710,12.000,12.000,0.000,20214.601,0.000,0.000,0.000,0.000,0.000,117581.1,4.107,1.00,5.00
76.720,12.000,12.000,0.000,2580.330,0.000,0.000,0.000,0.000,0.000,117581.1,4.174,1.00,5.00
76.730,12.000,12.000,0.000,2581.885,0.000,0.000,0.000,0.000,0.000,117597.9,4.210,1.00,5.00
76.740,12.000,12.000,0.000,2581.885,0.000,0.000,0.000,0.000,0.000,117597.9,4.210,1.00,5.00
76.750,12.000,12.000,0.000,2581.885,0.000,0.000,0.000,0.000,0.000,117597.9,4.210,1.00,5.00
76.760,12.000,12.000,0.000,2581.885,0.000,0.000,0.000,0.000,0.000,117597.9,4.210,1.00,5.00
76.770,12.000,12.000,0.000,2581.885,0.000,0.000,0.000,0.000,0.000,117597.9,4.210,1.00,5.00
76.780,12.000,12.010,-0.010,0.000,34.422,0.000,0.000,0.000,0.000,117593.6,4.138,1.00,5.00
76.790,12.000,12.010,-0.010,0.000,1.762,0.000,0.000,0.000,0.000,117589.3,4.066,1.00,5.00
76.800,12.000,12.000,0.000,20216.947,0.000,0.000,0.000,0.000,0.000,117589.3,4.133,1.00,5.00
76.810,12.000,12.000,0.000,2581.440,0.000,0.000,0.000,0.000,0.000,117589.3,4.200,1.00,5.00
76.820,12.000,12.000,0.000,2582.995,0.000,0.000,0.000,0.000,0.000,117606.1,4.236,1.00,5.00
76.830,12.000,12.000,0.000,2582.995,0.000,0.000,0.000,0.000,0.000,117606.1,4.236,1.00,5.00
76.840,12.000,12.000,0.000,2582.995,0.000,0.000,0.000,0.000,0.000,117606.1,4.236,1.00,5.00
76.850,12.000,12.000,0.000,2582.995,0.000,0.000,0.000,0.000,0.000,117606.1,4.236,1.00,5.00
76.860,12.000,12.000,0.000,2582.995,0.000,0.000,0.000,0.000,0.000,117606.1,4.236,1.00,5.00
76.870,12.000,12.000,0.000,2582.995,0.000,0.000,0.000,0.000,0.000,117606.1,4.236,1.00,5.00
76.880,12.000,12.000,0.000,2582.995,0.000,0.000,0.000,0.000,0.000,117606.1,4.236,1.00,5.00
76.890,12.000,12.000,0.000,2582.995,0.000,0.000,0.000,0.000,0.000,117606.1,4.236,1.00,5.00
76.900,12.000,12.000,0.000,2582.995,0.000,0.000,0.000,0.000,0.000,117606.1,4.236,1.00,5.00
76.910,12.000,12.000,0.000,2582.995,0.000,0.000,0.000,0.000,0.000,117606.1,4.236,1.00,5.00
76.920,12.000,12.000,0.000,2582.995,0.000,0.000,0.000,0.000,0.000,117606.1,4.236,1.00,5.00
76.930,12.000,12.000,0.000,2582.995,0.000,0.000,0.000,0.000,0.000,117606.1,4.236,1.00,5.00
76.940,12.000,12.000,0.000,2582.995,0.000,0.000,0.000,0.000,0.000,117606.1,4.236,1.00,5.00
76.950,12.000,12.000,0.000,2582.995,0.000,0.000,0.000,0.000,0.000,117606.1,4.236,1.00,5.00
76.960,12.000,12.000,0.000,2582.995,0.000,0.000,0.000,0.000,0.000,117606.1,4.236,1.00,5.00
76.970,12.000,12.000,0.000,2582.995,0.000,0.000,0.000,0.000,0.000,117606.1,4.236,1.00,5.00
76.980,12.000,12.000,0.000,2582.995,0.000,0.000,0.000,0.000,0.000,117606.1,4.236,1.00,5.00
77.000,12.000,12.000,0.000,2582.995,0.000,0.000,0.000,0.000,0.000,117606.1,4.236,1.00,5.00
77.010,12.000,12.000,0.000,2582.995,0.000,0.000,0.000,0.000,0.000,117606.1,4.236,1.00,5.00
77.020,12.000,12.000,0.000,2582.995,0.000,0.000,0.000,0.000,0.000,117606.1,4.236,1.00,5.00
77.030,12.000,12.000,0.000,2582.995,0.000,0.000,0.000,0.000,0.000,117606.1,4.236,1.00,5.00
77.040,12.000,12.000,0.000,2582.995,0.000,0.000,0.000,0.000,0.000,117606.1,4.236,1.00,5.00
77.050,12.000,12.000,0.000,2582.995,0.000,0.000,0.000,0.000,0.000,117606.1,4.236,1.00,5.00
77.060,12.000,12.000,0.000,2582.995,0.000,0.000,0.000,0.000,0.000,117606.1,4.236,1.00,5.00
77.070,12.000,12.000,0.000,2582.995,0.000,0.000,0.000,0.000,0.000,117606.1,4.236,1.00,5.00
77.080,12.000,12.000,0.000,2582.995,0.000,0.000,0.000,0.000,0.000,117606.1,4.236,1.00,5.00
77.090,12.000,12.000,0.000,2582.995,0.000,0.000,0.000,0.000,0.000,117606.1,4.236,1.00,5.00
77.100,12.000,12.000,0.000,2582.995,0.000,0.000,0.000,0.000,0.000,117606.1,4.236,1.00,5.00
77.110,12.000,12.000,0.000,2582.995,0.000,0.000,0.000,0.000,0.000,117606.1,4.236,1.00,5.00
77.120,12.000,12.000,0.000,2582.995,0.000,0.000,0.000,0.000,0.000,117606.1,4.236,1.00,5.00
77.130,12.000,12.000,0.000,2582.995,0.000,0.000,0.000,0.000,0.000,117606.1,4.236,1.00,5.00
77.140,12.000,12.000,0.000,2582.995,0.000,0.000,0.000,0.000,0.000,117606.1,4.236,1.00,5.00
77.150,12.000,12.000,0.000,2582.995,0.000,0.000,0.000,0.000,0.000,117606.1,4.236,1.00,5.00
77.160,12.000,12.000,0.000,2582.995,0.000,0.000,0.000,0.000,0.000,117606.1,4.236,1.00,5.00
77.170,12.000,12.000,0.000,2582.995,0.000,0.000,0.000,0.000,0.000,117606.1,4.236,1.00,5.00
77.180,12.000,12.000,0.000,2582.995,0.000,0.000,0.000,0.000,0.000,117606.1,4.236,1.00,5.00
77.190,12.000,12.000,0.000,2582.995,0.000,0.000,0.000,0.000,0.000,117606.1,4.236,1.00,5.00
77.200,12.000,12.000,0.000,2582.995,0.000,0.000,0.000,0.000,0.000,117606.1,4.236,1.00,5.00
77.210,12.000,12.000,0.000,2582.995,0.000,0.000,0.000,0.000,0.000,117606.1,4.236,1.00,5.00
77.220,12.000,12.000,0.000,2582.995,0.000,0.000,0.000,0.000,0.000,117606.1,4.236,1.00,5.00
77.230,12.000,12.000,0.000,2582.995,0.000,0.000,0.000,0.000,0.000,117606.1,4.236,1.00,5.00
77.240,12.000,12.000,0.000,2582.995,0.000,0.000,0.000,0.000,0.000,117606.1,4.236,1.00,5.00
77.250,12.000,12.000,0.000,2582.995,0.000,0.000,0.000,0.000,0.000,117606.1,4.236,1.00,5.00
77.260,12.000,12.000,0.000,2582.995,0.000,0.000,0.000,0.000,0.000,117606.1,4.236,1.00,5.00
77.270,12.000,12.000,0.000,2582.995,0.000,0.000,0.000,0.000,0.000,117606.1,4.236,1.00,5.00
77.280,12.000,12.000,0.000,2582.995,0.000,0.000,0.000,0.000,0.000,117606.1,4.236,1.00,5.00
77.290,12.000,12.000,0.000,2582.995,0.000,0.000,0.000,0.000,0.000,117606.1,4.236,1.00,5.00
77.300,12.000,12.000,0.000,2582.995,0.000,0.000,0.000,0.000,0.000,117606.1,4.236,1.00,5.00
77.310,12.000,12.000,0.000,2582.995,0.000,0.000,0.000,0.000,0.000,117606.1,4.236,1.00,5.00
77.320,12.000,12.000,0.000,2582.995,0.000,0.000,0.000,0.000,0.000,117606.1,4.236,1.00,5.00
77.330,12.000,12.000,0.000,2582.995,0.000,0.000,0.000,0.000,0.000,117606.1,4.236,1.00,5.00
77.340,12.000,12.000,0.000,2582.995,0.000,0.000,0.000,0.000,0.000,117606.1,4.236,1.00,5.00
77.350,12.000,12.000,0.000,2582.995,0.000,0.000,0.000,0.000,0.000,117606.1,4.236,1.00,5.00
77.360,12.000,12.000,0.000,2582.995,0.000,0.000,0.000,0.000,0.000,117606.1,4.236,1.00,5.00
77.370,12.000,12.000,0.000,2582.995,0.000,0.000,0.000,0.000,0.000,117606.1,4.236,1.00,5.00
77.380,12.000,12.000,0.000,2582.995,0.000,0.000,0.000,0.000,0.000,117606.1,4.236,1.00,5.00
77.390,12.000,12.000,0.000,2582.995,0.000,0.000,0.000,0.000,0.000,117606.1,4.236,1.00,5.00
77.400,12.000,12.000,0.000,2582.995,0.000,0.000,0.000,0.000,0.000,117606.1,4.236,1.00,5.00
77.410,12.000,12.000,0.000,2582.995,0.000,0.000,0.000,0.000,0.000,117606.1,4.236,1.00,5.00
77.420,12.000,12.000,0.000,2582.995,0.000,0.000,0.000,0.000,0.000,117606.1,4.236,1.00,5.00
77.430,12.000,12.000,0.000,2582.995,0.000,0.000,0.000,0.000,0.000,117606.1,4.236,1.00,5.00
77.440,12.000,12.000,0.000,2582.995,0.000,0.000,0.000,0.000,0.000,117606.1,4.236,1.00,5.00
77.450,12.000,12.000,0.000,2582.995,0.000,0.000,0.000,0.000,0.000,117606.1,4.236,1.00,5.00
77.460,12.000,12.000,0.000,2582.995,0.000,0.000,0.000,0.000,0.000,117606.1,4.236,1.00,5.00
77.470,12.000,12.000,0.000,2582.995,0.000,0.000,0.000,0.000,0.000,117606.1,4.236,1.00,5.00
77.480,12.000,12.000,0.000,2582.995,0.000,0.000,0.000,0.000,0.000,117606.1,4.236,1.00,5.00
77.490,12.000,12.000,0.000,2582.995,0.000,0.000,0.000,0.000,0.000,117606.1,4.236,1.00,5.00
77.500,12.000,12.000,0.000,2582.995,0.000,0.000,0.000,0.000,0.000,117606.1,4.236,1.00,5.00
77.510,12.000,12.010,-0.010,0.000,34.422,0.000,0.000,0.000,0.000,117601.8,4.164,1.00,5.00
77.520,12.000,12.010,-0.010,0.000,1.761,0.000,0.000,0.000,0.000,117597.5,4.092,1.00,5.00
77.530,12.000,12.010,-0.010,0.000,1.761,0.000,0.000,0.000,0.000,117597.5,4.087,1.00,5.00
77.540,12.000,11.990,0.010,37861.505,0.000,0.000,0.000,0.000,0.000,117597.5,4.226,1.00,5.00
77.550,12.000,11.990,0.010,6116.165,0.000,0.000,0.000,0.000,0.000,117597.5,4.365,1.00,5.00
77.560,12.000,12.000,0.000,0.000,27.872,0.000,0.000,0.000,0.000,117597.5,4.365,1.00,5.00
77.570,12.000,12.000,0.000,2585.759,0.000,0.000,0.000,0.000,0.000,117588.3,4.300,1.00,5.00
77.580,12.000,12.000,0.000,2585.531,0.000,0.000,0.000,0.000,0.000,117588.3,4.295,1.00,5.00
77.590,12.000,12.000,0.000,2585.531,0.000,0.000,0.000,0.000,0.000,117588.3,4.295,1.00,5.00
77.600,12.000,12.000,0.000,2585.531,0.000,0.000,0.000,0.000,0.000,117588.3,4.295,1.00,5.00
77.610,12.000,12.000,0.000,2585.531,0.000,0.000,0.000,0.000,0.000,117588.3,4.295,1.00,5.00
77.620,12.000,12.000,0.000,2585.531,0.000,0.000,0.000,0.000,0.000,117588.3,4.295,1.00,5.00
77.630,12.000,12.000,0.000,2585.531,0.000,0.000,0.000,0.000,0.000,117588.3,4.295,1.00,5.00
77.640,12.000,12.000,0.000,2585.531,0.000,0.000,0.000,0.000,0.000,117588.3,4.295,1.00,5.00
77.650,12.000,12.000,0.000,2585.531,0.000,0.000,0.000,0.000,0.000,117588.3,4.295,1.00,5.00
77.660,12.000,12.000,0.000,2585.531,0.000,0.000,0.000,0.000,0.000,117588.3,4.295,1.00,5.00
77.670,12.000,12.000,0.000,2585.531,0.000,0.000,0.000,0.000,0.000,117588.3,4.295,1.00,5.00
77.680,12.000,12.000,0.000,2585.531,0.000,0.000,0.000,0.000,0.000,117588.3,4.295,1.00,5.00
77.690,12.000,12.000,0.000,2585.531,0.000,0.000,0.000,0.000,0.000,117588.3,4.295,1.00,5.00
77.700,12.000,12.000,0.000,2585.531,0.000,0.000,0.000,0.000,0.000,117588.3,4.295,1.00,5.00
77.710,12.000,12.000,0.000,2585.531,0.000,0.000,0.000,0.000,0.000,117588.3,4.295,1.00,5.00
77.720,12.000,12.000,0.000,2585.531,0.000,0.000,0.000,0.000,0.000,117588.3,4.295,1.00,5.00
77.730,12.000,12.000,0.000,2585.531,0.000,0.000,0.000,0.000,0.000,117588.3,4.295,1.00,5.00
77.750,12.000,12.000,0.000,2585.531,0.000,0.000,0.000,0.000,0.000,117588.3,4.295,1.00,5.00
77.760,12.000,12.000,0.000,2585.531,0.000,0.000,0.000,0.000,0.000,117588.3,4.295,1.00,5.00
77.770,12.000,12.000,0.000,2585.531,0.000,0.000,0.000,0.000,0.000,117588.3,4.295,1.00,5.00
77.780,12.000,12.000,0.000,2585.531,0.000,0.000,0.000,0.000,0.000,117588.3,4.295,1.00,5.00
77.800,12.000,12.000,0.000,2585.531,0.000,0.000,0.000,0.000,0.000,117588.3,4.295,1.00,5.00
77.810,12.000,12.000,0.000,2585.531,0.000,0.000,0.000,0.000,0.000,117588.3,4.295,1.00,5.00
77.820,12.000,12.000,0.000,2585.531,0.000,0.000,0.000,0.000,0.000,117588.3,4.295,1.00,5.00
77.830,12.000,12.000,0.000,2585.531,0.000,0.000,0.000,0.000,0.000,117588.3,4.295,1.00,5.00
77.840,12.000,12.000,0.000,2585.531,0.000,0.000,0.000,0.000,0.000,117588.3,4.295,1.00,5.00
77.850,12.000,12.000,0.000,2585.531,0.000,0.000,0.000,0.000,0.000,117588.3,4.295,1.00,5.00
77.860,12.000,12.000,0.000,2585.531,0.000,0.000,0.000,0.000,0.000,117588.3,4.295,1.00,5.00
77.870,12.000,12.000,0.000,2585.531,0.000,0.000,0.000,0.000,0.000,117588.3,4.295,1.00,5.00
77.880,12.000,12.000,0.000,2585.531,0.000,0.000,0.000,0.000,0.000,117588.3,4.295,1.00,5.00
77.890,12.000,12.000,0.000,2585.531,0.000,0.000,0.000,0.000,0.000,117588.3,4.295,1.00,5.00
77.900,12.000,12.000,0.000,2585.531,0.000,0.000,0.000,0.000,0.000,117588.3,4.295,1.00,5.00
77.910,12.000,12.000,0.000,2585.531,0.000,0.000,0.000,0.000,0.000,117588.3,4.295,1.00,5.00
77.920,12.000,12.000,0.000,2585.531,0.000,0.000,0.000,0.000,0.000,117588.3,4.295,1.00,5.00
77.930,12.000,12.000,0.000,2585.531,0.000,0.000,0.000,0.000,0.000,117588.3,4.295,1.00,5.00
77.940,12.000,12.000,0.000,2585.531,0.000,0.000,0.000,0.000,0.000,117588.3,4.295,1.00,5.00
77.950,12.000,12.000,0.000,2585.531,0.000,0.000,0.000,0.000,0.000,117588.3,4.295,1.00,5.00
77.960,12.000,12.000,0.000,2585.531,0.000,0.000,0.000,0.000,0.000,117588.3,4.295,1.00,5.00
77.970,12.000,12.000,0.000,2585.531,0.000,0.000,0.000,0.000,0.000,117588.3,4.295,1.00,5.00
77.980,12.000,12.000,0.000,2585.531,0.000,0.000,0.000,0.000,0.000,117588.3,4.295,1.00,5.00
77.990,12.000,12.000,0.000,2585.531,0.000,0.000,0.000,0.000,0.000,117588.3,4.295,1.00,5.00
78.000,12.000,12.000,0.000,2585.531,0.000,0.000,0.000,0.000,0.000,117588.3,4.295,1.00,5.00
78.010,12.000,12.000,0.000,2585.531,0.000,0.000,0.000,0.000,0.000,117588.3,4.295,1.00,5.00
78.020,12.000,12.000,0.000,2585.531,0.000,0.000,0.000,0.000,0.000,117588.3,4.295,1.00,5.00
78.030,12.000,12.000,0.000,2585.531,0.000,0.000,0.000,0.000,0.000,117588.3,4.295,1.00,5.00
78.040,12.000,12.000,0.000,2585.531,0.000,0.000,0.000,0.000,0.000,117588.3,4.295,1.00,5.00
78.050,12.000,12.000,0.000,2585.531,0.000,0.000,0.000,0.000,0.000,117588.3,4.295,1.00,5.00
78.060,12.000,12.000,0.000,2585.531,0.000,0.000,0.000,0.000,0.000,117588.3,4.295,1.00,5.00
78.070,12.000,12.000,0.000,2585.531,0.000,0.000,0.000,0.000,0.000,117588.3,4.295,1.00,5.00
78.080,12.000,12.000,0.000,2585.531,0.000,0.000,0.000,0.000,0.000,117588.3,4.295,1.00,5.00
78.090,12.000,12.000,0.000,2585.531,0.000,0.000,0.000,0.000,0.000,117588.3,4.295,1.00,5.00
78.100,12.000,12.000,0.000,2585.531,0.000,0.000,0.000,0.000,0.000,117588.3,4.295,1.00,5.00
78.110,12.000,12.000,0.000,2585.531,0.000,0.000,0.000,0.000,0.000,117588.3,4.295,1.00,5.00
78.120,12.000,12.000,0.000,2585.531,0.000,0.000,0.000,0.000,0.000,117588.3,4.295,1.00,5.00
78.130,12.000,12.000,0.000,2585.531,0.000,0.000,0.000,0.000,0.000,117588.3,4.295,1.00,5.00
78.140,12.000,12.000,0.000,2585.531,0.000,0.000,0.000,0.000,0.000,117588.3,4.295,1.00,5.00
78.150,12.000,12.000,0.000,2585.531,0.000,0.000,0.000,0.000,0.000,117588.3,4.295,1.00,5.00
78.160,12.000,12.000,0.000,2585.531,0.000,0.000,0.000,0.000,0.000,117588.3,4.295,1.00,5.00
78.170,12.000,12.000,0.000,2585.531,0.000,0.000,0.000,0.000,0.000,117588.3,4.295,1.00,5.00
78.180,12.000,12.000,0.000,2585.531,0.000,0.000,0.000,0.000,0.000,117588.3,4.295,1.00,5.00
78.190,12.000,12.000,0.000,2585.531,0.000,0.000,0.000,0.000,0.000,117588.3,4.295,1.00,5.00
78.200,12.000,12.000,0.000,2585.531,0.000,0.000,0.000,0.000,0.000,117588.3,4.295,1.00,5.00
78.210,12.000,12.000,0.000,2585.531,0.000,0.000,0.000,0.000,0.000,117588.3,4.295,1.00,5.00
78.220,12.000,12.000,0.000,2585.531,0.000,0.000,0.000,0.000,0.000,117588.3,4.295,1.00,5.00
78.230,12.000,12.000,0.000,2585.531,0.000,0.000,0.000,0.000,0.000,117588.3,4.295,1.00,5.00
78.240,12.000,12.000,0.000,2585.531,0.000,0.000,0.000,0.000,0.000,117588.3,4.295,1.00,5.00
78.250,12.000,12.000,0.000,2585.531,0.000,0.000,0.000,0.000,0.000,117588.3,4.295,1.00,5.00
78.260,12.000,12.000,0.000,2585.531,0.000,0.000,0.000,0.000,0.000,117588.3,4.295,1.00,5.00
78.270,12.000,12.000,0.000,2585.531,0.000,0.000,0.000,0.000,0.000,117588.3,4.295,1.00,5.00
78.280,12.000,12.000,0.000,2585.531,0.000,0.000,0.000,0.000,0.000,117588.3,4.295,1.00,5.00
78.290,12.000,12.000,0.000,2585.531,0.000,0.000,0.000,0.000,0.000,117588.3,4.295,1.00,5.00
78.300,12.000,12.000,0.000,2585.531,0.000,0.000,0.000,0.000,0.000,117588.3,4.295,1.00,5.00
78.310,12.000,12.000,0.000,2585.531,0.000,0.000,0.000,0.000,0.000,117588.3,4.295,1.00,5.00
78.320,12.000,12.000,0.000,2585.531,0.000,0.000,0.000,0.000,0.000,117588.3,4.295,1.00,5.00
78.330,12.000,12.000,0.000,2585.531,0.000,0.000,0.000,0.000,0.000,117588.3,4.295,1.00,5.00
78.340,12.000,12.000,0.000,2585.531,0.000,0.000,0.000,0.000,0.000,117588.3,4.295,1.00,5.00
78.350,12.000,12.000,0.000,2585.531,0.000,0.000,0.000,0.000,0.000,117588.3,4.295,1.00,5.00
78.360,12.000,12.000,0.000,2585.531,0.000,0.000,0.000,0.000,0.000,117588.3,4.295,1.00,5.00
78.370,12.000,12.000,0.000,2585.531,0.000,0.000,0.000,0.000,0.000,117588.3,4.295,1.00,5.00
78.380,12.000,12.000,0.000,2585.531,0.000,0.000,0.000,0.000,0.000,117588.3,4.295,1.00,5.00
78.390,12.000,12.000,0.000,2585.531,0.000,0.000,0.000,0.000,0.000,117588.3,4.295,1.00,5.00
78.400,12.000,12.000,0.000,2585.531,0.000,0.000,0.000,0.000,0.000,117588.3,4.295,1.00,5.00
78.410,12.000,12.000,0.000,2585.531,0.000,0.000,0.000,0.000,0.000,117588.3,4.295,1.00,5.00
78.420,12.000,12.000,0.000,2585.531,0.000,0.000,0.000,0.000,0.000,117588.3,4.295,1.00,5.00
78.430,12.000,12.000,0.000,2585.531,0.000,0.000,0.000,0.000,0.000,117588.3,4.295,1.00,5.00
78.440,12.000,12.000,0.000,2585.531,0.000,0.000,0.000,0.000,0.000,117588.3,4.295,1.00,5.00
78.450,12.000,12.000,0.000,2585.531,0.000,0.000,0.000,0.000,0.000,117588.3,4.295,1.00,5.00
78.460,12.000,12.000,0.000,2585.531,0.000,0.000,0.000,0.000,0.000,117588.3,4.295,1.00,5.00
78.470,12.000,12.000,0.000,2585.531,0.000,0.000,0.000,0.000,0.000,117588.3,4.295,1.00,5.00
78.480,12.000,12.000,0.000,2585.531,0.000,0.000,0.000,0.000,0.000,117588.3,4.295,1.00,5.00
78.490,12.000,12.000,0.000,2585.531,0.000,0.000,0.000,0.000,0.000,117588.3,4.295,1.00,5.00
78.500,12.000,12.000,0.000,2585.531,0.000,0.000,0.000,0.000,0.000,117588.3,4.295,1.00,5.00
78.510,12.000,12.000,0.000,2585.531,0.000,0.000,0.000,0.000,0.000,117588.3,4.295,1.00,5.00
78.520,12.000,12.000,0.000,2585.531,0.000,0.000,0.000,0.000,0.000,117588.3,4.295,1.00,5.00
78.530,12.000,12.000,0.000,2585.531,0.000,0.000,0.000,0.000,0.000,117588.3,4.295,1.00,5.00
78.540,12.000,12.000,0.000,2585.531,0.000,0.000,0.000,0.000,0.000,117588.3,4.295,1.00,5.00
78.550,12.000,12.000,0.000,2585.531,0.000,0.000,0.000,0.000,0.000,117588.3,4.295,1.00,5.00
78.560,12.000,12.000,0.000,2585.531,0.000,0.000,0.000,0.000,0.000,117588.3,4.295,1.00,5.00
78.570,12.000,12.000,0.000,2585.531,0.000,0.000,0.000,0.000,0.000,117588.3,4.295,1.00,5.00
78.580,12.000,12.000,0.000,2585.531,0.000,0.000,0.000,0.000,0.000,117588.3,4.295,1.00,5.00
78.590,12.000,12.000,0.000,2585.531,0.000,0.000,0.000,0.000,0.000,117588.3,4.295,1.00,5.00
78.600,12.000,12.000,0.000,2585.531,0.000,0.000,0.000,0.000,0.000,117588.3,4.295,1.00,5.00
78.610,12.000,12.000,0.000,2585.531,0.000,0.000,0.000,0.000,0.000,117588.3,4.295,1.00,5.00
78.620,12.000,12.000,0.000,2585.531,0.000,0.000,0.000,0.000,0.000,117588.3,4.295,1.00,5.00
78.630,12.000,12.000,0.000,2585.531,0.000,0.000,0.000,0.000,0.000,117588.3,4.295,1.00,5.00
78.640,12.000,12.000,0.000,2585.531,0.000,0.000,0.000,0.000,0.000,117588.3,4.295,1.00,5.00
78.650,12.000,12.000,0.000,2585.531,0.000,0.000,0.000,0.000,0.000,117588.3,4.295,1.00,5.00
78.660,12.000,12.000,0.000,2585.531,0.000,0.000,0.000,0.000,0.000,117588.3,4.295,1.00,5.00
78.670,12.000,12.000,0.000,2585.531,0.000,0.000,0.000,0.000,0.000,117588.3,4.295,1.00,5.00
78.680,12.000,12.000,0.000,2585.531,0.000,0.000,0.000,0.000,0.000,117588.3,4.295,1.00,5.00
78.690,12.000,12.000,0.000,2585.531,0.000,0.000,0.000,0.000,0.000,117588.3,4.295,1.00,5.00
78.700,12.000,12.000,0.000,2585.531,0.000,0.000,0.000,0.000,0.000,117588.3,4.295,1.00,5.00
78.710,12.000,12.000,0.000,2585.531,0.000,0.000,0.000,0.000,0.000,117588.3,4.295,1.00,5.00
78.720,12.000,12.000,0.000,2585.531,0.000,0.000,0.000,0.000,0.000,117588.3,4.295,1.00,5.00
78.730,12.000,12.000,0.000,2585.531,0.000,0.000,0.000,0.000,0.000,117588.3,4.295,1.00,5.00
78.740,12.000,12.000,0.000,2585.531,0.000,0.000,0.000,0.000,0.000,117588.3,4.295,1.00,5.00
78.750,12.000,12.000,0.000,2585.531,0.000,0.000,0.000,0.000,0.000,117588.3,4.295,1.00,5.00
78.760,12.000,12.000,0.000,2585.531,0.000,0.000,0.000,0.000,0.000,117588.3,4.295,1.00,5.00
78.770,12.000,12.000,0.000,2585.531,0.000,0.000,0.000,0.000,0.000,117588.3,4.295,1.00,5.00
78.780,12.000,12.000,0.000,2585.531,0.000,0.000,0.000,0.000,0.000,117588.3,4.295,1.00,5.00
78.790,12.000,12.000,0.000,2585.531,0.000,0.000,0.000,0.000,0.000,117588.3,4.295,1.00,5.00
78.800,12.000,12.000,0.000,2585.531,0.000,0.000,0.000,0.000,0.000,117588.3,4.295,1.00,5.00
78.810,12.000,12.000,0.000,2585.531,0.000,0.000,0.000,0.000,0.000,117588.3,4.295,1.00,5.00
78.820,12.000,12.000,0.000,2585.531,0.000,0.000,0.000,0.000,0.000,117588.3,4.295,1.00,5.00
78.830,12.000,12.010,-0.010,0.000,34.412,0.000,0.000,0.000,0.000,117584.0,4.223,1.00,5.00
78.840,12.000,12.010,-0.010,0.000,1.755,0.000,0.000,0.000,0.000,117579.7,4.151,1.00,5.00
78.850,12.000,12.000,0.000,20219.157,0.000,0.000,0.000,0.000,0.000,117579.7,4.218,1.00,5.00
78.860,12.000,12.000,0.000,2585.085,0.000,0.000,0.000,0.000,0.000,117579.7,4.284,1.00,5.00
78.870,12.000,12.000,0.000,2586.640,0.000,0.000,0.000,0.000,0.000,117596.6,4.320,1.00,5.00
78.880,12.000,12.000,0.000,2586.640,0.000,0.000,0.000,0.000,0.000,117596.6,4.320,1.00,5.00
78.890,12.000,12.000,0.000,2586.640,0.000,0.000,0.000,0.000,0.000,117596.6,4.320,1.00,5.00
78.900,12.000,12.000,0.000,2586.640,0.000,0.000,0.000,0.000,0.000,117596.6,4.320,1.00,5.00
78.910,12.000,12.000,0.000,2586.640,0.000,0.000,0.000,0.000,0.000,117596.6,4.320,1.00,5.00
78.920,12.000,12.000,0.000,2586.640,0.000,0.000,0.000,0.000,0.000,117596.6,4.320,1.00,5.00
78.930,12.000,12.000,0.000,2586.640,0.000,0.000,0.000,0.000,0.000,117596.6,4.320,1.00,5.00
78.940,12.000,12.000,0.000,2586.640,0.000,0.000,0.000,0.000,0.000,117596.6,4.320,1.00,5.00
78.950,12.000,12.000,0.000,2586.640,0.000,0.000,0.000,0.000,0.000,117596.6,4.320,1.00,5.00
78.960,12.000,12.000,0.000,2586.640,0.000,0.000,0.000,0.000,0.000,117596.6,4.320,1.00,5.00
78.970,12.000,12.000,0.000,2586.640,0.000,0.000,0.000,0.000,0.000,117596.6,4.320,1.00,5.00
78.980,12.000,12.000,0.000,2586.640,0.000,0.000,0.000,0.000,0.000,117596.6,4.320,1.00,5.00
78.990,12.000,12.000,0.000,2586.640,0.000,0.000,0.000,0.000,0.000,117596.6,4.320,1.00,5.00
79.000,12.000,12.000,0.000,2586.640,0.000,0.000,0.000,0.000,0.000,117596.6,4.320,1.00,5.00
79.010,12.000,12.000,0.000,2586.640,0.000,0.000,0.000,0.000,0.000,117596.6,4.320,1.00,5.00
79.020,12.000,12.000,0.000,2586.640,0.000,0.000,0.000,0.000,0.000,117596.6,4.320,1.00,5.00
79.030,12.000,12.000,0.000,2586.640,0.000,0.000,0.000,0.000,0.000,117596.6,4.320,1.00,5.00
79.040,12.000,12.000,0.000,2586.640,0.000,0.000,0.000,0.000,0.000,117596.6,4.320,1.00,5.00
79.050,12.000,12.000,0.000,2586.640,0.000,0.000,0.000,0.000,0.000,117596.6,4.320,1.00,5.00
79.060,12.000,12.000,0.000,2586.640,0.000,0.000,0.000,0.000,0.000,117596.6,4.320,1.00,5.00
79.070,12.000,12.000,0.000,2586.640,0.000,0.000,0.000,0.000,0.000,117596.6,4.320,1.00,5.00
79.080,12.000,12.000,0.000,2586.640,0.000,0.000,0.000,0.000,0.000,117596.6,4.320,1.00,5.00
79.090,12.000,12.000,0.000,2586.640,0.000,0.000,0.000,0.000,0.000,117596.6,4.320,1.00,5.00
79.100,12.000,12.000,0.000,2586.640,0.000,0.000,0.000,0.000,0.000,117596.6,4.320,1.00,5.00
79.110,12.000,12.000,0.000,2586.640,0.000,0.000,0.000,0.000,0.000,117596.6,4.320,1.00,5.00
79.120,12.000,12.000,0.000,2586.640,0.000,0.000,0.000,0.000,0.000,117596.6,4.320,1.00,5.00
79.130,12.000,12.000,0.000,2586.640,0.000,0.000,0.000,0.000,0.000,117596.6,4.320,1.00,5.00
79.140,12.000,12.000,0.000,2586.640,0.000,0.000,0.000,0.000,0.000,117596.6,4.320,1.00,5.00
79.150,12.000,12.000,0.000,2586.640,0.000,0.000,0.000,0.000,0.000,117596.6,4.320,1.00,5.00
79.160,12.000,12.000,0.000,2586.640,0.000,0.000,0.000,0.000,0.000,117596.6,4.320,1.00,5.00
79.170,12.000,12.000,0.000,2586.640,0.000,0.000,0.000,0.000,0.000,117596.6,4.320,1.00,5.00
79.180,12.000,12.000,0.000,2586.640,0.000,0.000,0.000,0.000,0.000,117596.6,4.320,1.00,5.00
79.190,12.000,12.000,0.000,2586.640,0.000,0.000,0.000,0.000,0.000,117596.6,4.320,1.00,5.00
79.200,12.000,12.000,0.000,2586.640,0.000,0.000,0.000,0.000,0.000,117596.6,4.320,1.00,5.00
79.210,12.000,12.000,0.000,2586.640,0.000,0.000,0.000,0.000,0.000,117596.6,4.320,1.00,5.00
79.220,12.000,12.000,0.000,2586.640,0.000,0.000,0.000,0.000,0.000,117596.6,4.320,1.00,5.00
79.230,12.000,12.000,0.000,2586.640,0.000,0.000,0.000,0.000,0.000,117596.6,4.320,1.00,5.00
79.240,12.000,12.000,0.000,2586.640,0.000,0.000,0.000,0.000,0.000,117596.6,4.320,1.00,5.00
79.250,12.000,12.000,0.000,2586.640,0.000,0.000,0.000,0.000,0.000,117596.6,4.320,1.00,5.00
79.260,12.000,12.000,0.000,2586.640,0.000,0.000,0.000,0.000,0.000,117596.6,4.320,1.00,5.00
79.270,12.000,12.000,0.000,2586.640,0.000,0.000,0.000,0.000,0.000,117596.6,4.320,1.00,5.00
79.280,12.000,12.000,0.000,2586.640,0.000,0.000,0.000,0.000,0.000,117596.6,4.320,1.00,5.00
79.290,12.000,12.000,0.000,2586.640,0.000,0.000,0.000,0.000,0.000,117596.6,4.320,1.00,5.00
79.300,12.000,12.000,0.000,2586.640,0.000,0.000,0.000,0.000,0.000,117596.6,4.320,1.00,5.00
79.310,12.000,12.000,0.000,2586.640,0.000,0.000,0.000,0.000,0.000,117596.6,4.320,1.00,5.00
79.320,12.000,12.000,0.000,2586.640,0.000,0.000,0.000,0.000,0.000,117596.6,4.320,1.00,5.00
79.330,12.000,12.000,0.000,2586.640,0.000,0.000,0.000,0.000,0.000,117596.6,4.320,1.00,5.00
79.340,12.000,12.000,0.000,2586.640,0.000,0.000,0.000,0.000,0.000,117596.6,4.320,1.00,5.00
79.350,12.000,12.000,0.000,2586.640,0.000,0.000,0.000,0.000,0.000,117596.6,4.320,1.00,5.00
79.360,12.000,12.000,0.000,2586.640,0.000,0.000,0.000,0.000,0.000,117596.6,4.320,1.00,5.00
79.370,12.000,12.000,0.000,2586.640,0.000,0.000,0.000,0.000,0.000,117596.6,4.320,1.00,5.00
79.380,12.000,12.000,0.000,2586.640,0.000,0.000,0.000,0.000,0.000,117596.6,4.320,1.00,5.00
79.390,12.000,12.000,0.000,2586.640,0.000,0.000,0.000,0.000,0.000,117596.6,4.320,1.00,5.00
79.400,12.000,12.000,0.000,2586.640,0.000,0.000,0.000,0.000,0.000,117596.6,4.320,1.00,5.00
79.410,12.000,12.000,0.000,2586.640,0.000,0.000,0.000,0.000,0.000,117596.6,4.320,1.00,5.00
79.420,12.000,12.000,0.000,2586.640,0.000,0.000,0.000,0.000,0.000,117596.6,4.320,1.00,5.00
79.430,12.000,12.000,0.000,2586.640,0.000,0.000,0.000,0.000,0.000,117596.6,4.320,1.00,5.00
79.440,12.000,12.000,0.000,2586.640,0.000,0.000,0.000,0.000,0.000,117596.6,4.320,1.00,5.00
79.450,12.000,12.000,0.000,2586.640,0.000,0.000,0.000,0.000,0.000,117596.6,4.320,1.00,5.00
79.460,12.000,12.000,0.000,2586.640,0.000,0.000,0.000,0.000,0.000,117596.6,4.320,1.00,5.00
79.470,12.000,12.000,0.000,2586.640,0.000,0.000,0.000,0.000,0.000,117596.6,4.320,1.00,5.00
79.480,12.000,12.000,0.000,2586.640,0.000,0.000,0.000,0.000,0.000,117596.6,4.320,1.00,5.00
79.490,12.000,12.000,0.000,2586.640,0.000,0.000,0.000,0.000,0.000,117596.6,4.320,1.00,5.00
79.500,12.000,12.000,0.000,2586.640,0.000,0.000,0.000,0.000,0.000,117596.6,4.320,1.00,5.00
79.510,12.000,12.000,0.000,2586.640,0.000,0.000,0.000,0.000,0.000,117596.6,4.320,1.00,5.00
79.520,12.000,12.000,0.000,2586.640,0.000,0.000,0.000,0.000,0.000,117596.6,4.320,1.00,5.00
79.530,12.000,12.000,0.000,2586.640,0.000,0.000,0.000,0.000,0.000,117596.6,4.320,1.00,5.00
79.540,12.000,12.010,-0.010,0.000,34.413,0.000,0.000,0.000,0.000,117592.3,4.248,1.00,5.00
79.550,12.000,12.010,-0.010,0.000,1.754,0.000,0.000,0.000,0.000,117588.0,4.176,1.00,5.00
79.560,12.000,12.000,0.000,20221.500,0.000,0.000,0.000,0.000,0.000,117588.0,4.243,1.00,5.00
79.570,12.000,12.000,0.000,2586.195,0.000,0.000,0.000,0.000,0.000,117588.0,4.310,1.00,5.00
79.580,12.000,12.000,0.000,2587.750,0.000,0.000,0.000,0.000,0.000,117604.8,4.346,1.00,5.00
79.590,12.000,12.000,0.000,2587.749,0.000,0.000,0.000,0.000,0.000,117604.8,4.346,1.00,5.00
79.600,12.000,12.000,0.000,2587.749,0.000,0.000,0.000,0.000,0.000,117604.8,4.346,1.00,5.00
79.610,12.000,12.000,0.000,2587.749,0.000,0.000,0.000,0.000,0.000,117604.8,4.346,1.00,5.00
79.620,12.000,12.000,0.000,2587.749,0.000,0.000,0.000,0.000,0.000,117604.8,4.346,1.00,5.00
79.630,12.000,12.000,0.000,2587.749,0.000,0.000,0.000,0.000,0.000,117604.8,4.346,1.00,5.00
79.640,12.000,12.000,0.000,2587.749,0.000,0.000,0.000,0.000,0.000,117604.8,4.346,1.00,5.00
79.650,12.000,12.000,0.000,2587.749,0.000,0.000,0.000,0.000,0.000,117604.8,4.346,1.00,5.00
79.660,12.000,12.000,0.000,2587.749,0.000,0.000,0.000,0.000,0.000,117604.8,4.346,1.00,5.00
79.670,12.000,12.000,0.000,2587.749,0.000,0.000,0.000,0.000,0.000,117604.8,4.346,1.00,5.00
79.680,12.000,12.000,0.000,2587.749,0.000,0.000,0.000,0.000,0.000,117604.8,4.346,1.00,5.00
79.690,12.000,12.000,0.000,2587.749,0.000,0.000,0.000,0.000,0.000,117604.8,4.346,1.00,5.00
79.700,12.000,12.000,0.000,2587.749,0.000,0.000,0.000,0.000,0.000,117604.8,4.346,1.00,5.00
79.710,12.000,12.000,0.000,2587.749,0.000,0.000,0.000,0.000,0.000,117604.8,4.346,1.00,5.00
79.720,12.000,12.000,0.000,2587.749,0.000,0.000,0.000,0.000,0.000,117604.8,4.346,1.00,5.00
79.730,12.000,12.000,0.000,2587.749,0.000,0.000,0.000,0.000,0.000,117604.8,4.346,1.00,5.00
79.740,12.000,12.000,0.000,2587.749,0.000,0.000,0.000,0.000,0.000,117604.8,4.346,1.00,5.00
79.750,12.000,12.000,0.000,2587.749,0.000,0.000,0.000,0.000,0.000,117604.8,4.346,1.00,5.00
79.760,12.000,12.000,0.000,2587.749,0.000,0.000,0.000,0.000,0.000,117604.8,4.346,1.00,5.00
79.770,12.000,12.000,0.000,2587.749,0.000,0.000,0.000,0.000,0.000,117604.8,4.346,1.00,5.00
79.780,12.000,12.000,0.000,2587.749,0.000,0.000,0.000,0.000,0.000,117604.8,4.346,1.00,5.00
79.790,12.000,12.000,0.000,2587.749,0.000,0.000,0.000,0.000,0.000,117604.8,4.346,1.00,5.00
79.800,12.000,12.000,0.000,2587.749,0.000,0.000,0.000,0.000,0.000,117604.8,4.346,1.00,5.00
79.810,12.000,12.000,0.000,2587.749,0.000,0.000,0.000,0.000,0.000,117604.8,4.346,1.00,5.00
79.820,12.000,12.000,0.000,2587.749,0.000,0.000,0.000,0.000,0.000,117604.8,4.346,1.00,5.00
79.830,12.000,12.000,0.000,2587.749,0.000,0.000,0.000,0.000,0.000,117604.8,4.346,1.00,5.00
79.840,12.000,12.000,0.000,2587.749,0.000,0.000,0.000,0.000,0.000,117604.8,4.346,1.00,5.00
79.850,12.000,12.000,0.000,2587.749,0.000,0.000,0.000,0.000,0.000,117604.8,4.346,1.00,5.00
79.860,12.000,12.000,0.000,2587.749,0.000,0.000,0.000,0.000,0.000,117604.8,4.346,1.00,5.00
79.870,12.000,12.000,0.000,2587.749,0.000,0.000,0.000,0.000,0.000,117604.8,4.346,1.00,5.00
79.880,12.000,12.000,0.000,2587.749,0.000,0.000,0.000,0.000,0.000,117604.8,4.346,1.00,5.00
79.890,12.000,12.000,0.000,2587.749,0.000,0.000,0.000,0.000,0.000,117604.8,4.346,1.00,5.00
79.900,12.000,12.000,0.000,2587.749,0.000,0.000,0.000,0.000,0.000,117604.8,4.346,1.00,5.00
79.910,12.000,12.000,0.000,2587.749,0.000,0.000,0.000,0.000,0.000,117604.8,4.346,1.00,5.00
79.920,12.000,12.000,0.000,2587.749,0.000,0.000,0.000,0.000,0.000,117604.8,4.346,1.00,5.00
79.930,12.000,12.000,0.000,2587.749,0.000,0.000,0.000,0.000,0.000,117604.8,4.346,1.00,5.00
79.940,12.000,12.000,0.000,2587.749,0.000,0.000,0.000,0.000,0.000,117604.8,4.346,1.00,5.00
79.950,12.000,12.000,0.000,2587.749,0.000,0.000,0.000,0.000,0.000,117604.8,4.346,1.00,5.00
79.960,12.000,12.000,0.000,2587.749,0.000,0.000,0.000,0.000,0.000,117604.8,4.346,1.00,5.00
79.970,12.000,12.000,0.000,2587.749,0.000,0.000,0.000,0.000,0.000,117604.8,4.346,1.00,5.00
79.980,12.000,12.000,0.000,2587.749,0.000,0.000,0.000,0.000,0.000,117604.8,4.346,1.00,5.00
79.990,12.000,12.000,0.000,2587.749,0.000,0.000,0.000,0.000,0.000,117604.8,4.346,1.00,5.00
80.000,12.000,12.000,0.000,2587.749,0.000,0.000,0.000,0.000,0.000,117604.8,4.346,1.00,5.00
80.010,12.000,12.000,0.000,2587.749,0.000,0.000,0.000,0.000,0.000,117604.8,4.346,1.00,5.00
80.020,12.000,12.000,0.000,2587.749,0.000,0.000,0.000,0.000,0.000,117604.8,4.346,1.00,5.00
80.030,12.000,12.000,0.000,2587.749,0.000,0.000,0.000,0.000,0.000,117604.8,4.346,1.00,5.00
80.040,12.000,12.000,0.000,2587.749,0.000,0.000,0.000,0.000,0.000,117604.8,4.346,1.00,5.00
80.050,12.000,12.000,0.000,2587.749,0.000,0.000,0.000,0.000,0.000,117604.8,4.346,1.00,5.00
80.060,12.000,12.000,0.000,2587.749,0.000,0.000,0.000,0.000,0.000,117604.8,4.346,1.00,5.00
80.070,12.000,12.000,0.000,2587.749,0.000,0.000,0.000,0.000,0.000,117604.8,4.346,1.00,5.00
80.080,12.000,12.000,0.000,2587.749,0.000,0.000,0.000,0.000,0.000,117604.8,4.346,1.00,5.00
80.090,12.000,12.000,0.000,2587.749,0.000,0.000,0.000,0.000,0.000,117604.8,4.346,1.00,5.00
80.100,12.000,12.000,0.000,2587.749,0.000,0.000,0.000,0.000,0.000,117604.8,4.346,1.00,5.00
80.110,12.000,12.000,0.000,2587.749,0.000,0.000,0.000,0.000,0.000,117604.8,4.346,1.00,5.00
80.120,12.000,12.000,0.000,2587.749,0.000,0.000,0.000,0.000,0.000,117604.8,4.346,1.00,5.00
80.130,12.000,12.000,0.000,2587.749,0.000,0.000,0.000,0.000,0.000,117604.8,4.346,1.00,5.00
80.140,12.000,12.000,0.000,2587.749,0.000,0.000,0.000,0.000,0.000,117604.8,4.346,1.00,5.00
80.150,12.000,12.000,0.000,2587.749,0.000,0.000,0.000,0.000,0.000,117604.8,4.346,1.00,5.00
80.160,12.000,12.000,0.000,2587.749,0.000,0.000,0.000,0.000,0.000,117604.8,4.346,1.00,5.00
80.170,12.000,12.000,0.000,2587.749,0.000,0.000,0.000,0.000,0.000,117604.8,4.346,1.00,5.00
80.180,12.000,12.000,0.000,2587.749,0.000,0.000,0.000,0.000,0.000,117604.8,4.346,1.00,5.00
80.190,12.000,12.000,0.000,2587.749,0.000,0.000,0.000,0.000,0.000,117604.8,4.346,1.00,5.00
80.200,12.000,12.000,0.000,2587.749,0.000,0.000,0.000,0.000,0.000,117604.8,4.346,1.00,5.00
80.210,12.000,12.000,0.000,2587.749,0.000,0.000,0.000,0.000,0.000,117604.8,4.346,1.00,5.00
80.220,12.000,12.000,0.000,2587.749,0.000,0.000,0.000,0.000,0.000,117604.8,4.346,1.00,5.00
80.230,12.000,12.000,0.000,2587.749,0.000,0.000,0.000,0.000,0.000,117604.8,4.346,1.00,5.00
80.240,12.000,12.000,0.000,2587.749,0.000,0.000,0.000,0.000,0.000,117604.8,4.346,1.00,5.00
80.250,12.000,12.010,-0.010,0.000,34.413,0.000,0.000,0.000,0.000,117600.5,4.274,1.00,5.00
80.260,12.000,12.000,0.000,20224.712,0.000,0.000,0.000,0.000,0.000,117600.5,4.274,1.00,5.00
80.270,12.000,12.000,0.000,2587.527,0.000,0.000,0.000,0.000,0.000,117600.5,4.341,1.00,5.00
80.280,12.000,12.000,0.000,2589.082,0.000,0.000,0.000,0.000,0.000,117617.3,4.377,1.00,5.00
80.290,12.000,12.000,0.000,2589.081,0.000,0.000,0.000,0.000,0.000,117617.3,4.377,1.00,5.00
80.300,12.000,12.000,0.000,2589.081,0.000,0.000,0.000,0.000,0.000,117617.3,4.377,1.00,5.00
80.310,12.000,12.000,0.000,2589.081,0.000,0.000,0.000,0.000,0.000,117617.3,4.377,1.00,5.00
80.320,12.000,12.000,0.000,2589.081,0.000,0.000,0.000,0.000,0.000,117617.3,4.377,1.00,5.00
80.330,12.000,12.000,0.000,2589.081,0.000,0.000,0.000,0.000,0.000,117617.3,4.377,1.00,5.00
80.340,12.000,12.000,0.000,2589.081,0.000,0.000,0.000,0.000,0.000,117617.3,4.377,1.00,5.00
80.350,12.000,12.010,-0.010,0.000,34.415,0.000,0.000,0.000,0.000,117613.0,4.305,1.00,5.00
80.360,12.000,12.000,0.000,20227.925,0.000,0.000,0.000,0.000,0.000,117613.0,4.305,1.00,5.00
80.370,12.000,12.000,0.000,2588.858,0.000,0.000,0.000,0.000,0.000,117613.0,4.372,1.00,5.00
80.380,12.000,12.000,0.000,2590.413,0.000,0.000,0.000,0.000,0.000,117629.9,4.408,1.00,5.00
80.390,12.000,12.000,0.000,2590.413,0.000,0.000,0.000,0.000,0.000,117629.9,4.408,1.00,5.00
80.400,12.000,12.010,-0.010,0.000,34.417,0.000,0.000,0.000,0.000,117625.6,4.336,1.00,5.00
80.410,12.000,12.010,-0.010,0.000,1.748,0.000,0.000,0.000,0.000,117621.2,4.264,1.00,5.00
80.420,12.000,12.000,0.000,20230.266,0.000,0.000,0.000,0.000,0.000,117621.2,4.331,1.00,5.00
80.430,12.000,12.000,0.000,2589.967,0.000,0.000,0.000,0.000,0.000,117621.2,4.397,1.00,5.00
80.440,12.000,12.000,0.000,2591.522,0.000,0.000,0.000,0.000,0.000,117638.1,4.433,1.00,5.00
80.450,12.000,12.000,0.000,2591.522,0.000,0.000,0.000,0.000,0.000,117638.1,4.433,1.00,5.00
80.460,12.000,12.000,0.000,2591.522,0.000,0.000,0.000,0.000,0.000,117638.1,4.433,1.00,5.00
80.470,12.000,12.000,0.000,2591.522,0.000,0.000,0.000,0.000,0.000,117638.1,4.433,1.00,5.00
80.480,12.000,12.000,0.000,2591.522,0.000,0.000,0.000,0.000,0.000,117638.1,4.433,1.00,5.00
80.490,12.000,12.000,0.000,2591.522,0.000,0.000,0.000,0.000,0.000,117638.1,4.433,1.00,5.00
80.500,12.000,12.000,0.000,2591.522,0.000,0.000,0.000,0.000,0.000,117638.1,4.433,1.00,5.00
80.510,12.000,12.000,0.000,2591.522,0.000,0.000,0.000,0.000,0.000,117638.1,4.433,1.00,5.00
80.520,12.000,12.000,0.000,2591.522,0.000,0.000,0.000,0.000,0.000,117638.1,4.433,1.00,5.00
80.530,12.000,12.000,0.000,2591.522,0.000,0.000,0.000,0.000,0.000,117638.1,4.433,1.00,5.00
80.540,12.000,12.000,0.000,2591.522,0.000,0.000,0.000,0.000,0.000,117638.1,4.433,1.00,5.00
80.550,12.000,12.000,0.000,2591.522,0.000,0.000,0.000,0.000,0.000,117638.1,4.433,1.00,5.00
80.560,12.000,12.000,0.000,2591.522,0.000,0.000,0.000,0.000,0.000,117638.1,4.433,1.00,5.00
80.570,12.000,12.000,0.000,2591.522,0.000,0.000,0.000,0.000,0.000,117638.1,4.433,1.00,5.00
80.580,12.000,12.000,0.000,2591.522,0.000,0.000,0.000,0.000,0.000,117638.1,4.433,1.00,5.00
80.590,12.000,12.000,0.000,2591.522,0.000,0.000,0.000,0.000,0.000,117638.1,4.433,1.00,5.00
80.600,12.000,12.000,0.000,2591.522,0.000,0.000,0.000,0.000,0.000,117638.1,4.433,1.00,5.00
80.610,12.000,12.000,0.000,2591.522,0.000,0.000,0.000,0.000,0.000,117638.1,4.433,1.00,5.00
80.620,12.000,12.000,0.000,2591.522,0.000,0.000,0.000,0.000,0.000,117638.1,4.433,1.00,5.00
80.630,12.000,12.000,0.000,2591.522,0.000,0.000,0.000,0.000,0.000,117638.1,4.433,1.00,5.00
80.640,12.000,12.000,0.000,2591.522,0.000,0.000,0.000,0.000,0.000,117638.1,4.433,1.00,5.00
80.650,12.000,12.000,0.000,2591.522,0.000,0.000,0.000,0.000,0.000,117638.1,4.433,1.00,5.00
80.660,12.000,12.000,0.000,2591.522,0.000,0.000,0.000,0.000,0.000,117638.1,4.433,1.00,5.00
80.670,12.000,12.000,0.000,2591.522,0.000,0.000,0.000,0.000,0.000,117638.1,4.433,1.00,5.00
80.680,12.000,12.000,0.000,2591.522,0.000,0.000,0.000,0.000,0.000,117638.1,4.433,1.00,5.00
80.690,12.000,12.000,0.000,2591.522,0.000,0.000,0.000,0.000,0.000,117638.1,4.433,1.00,5.00
80.700,12.000,12.000,0.000,2591.522,0.000,0.000,0.000,0.000,0.000,117638.1,4.433,1.00,5.00
80.710,12.000,12.000,0.000,2591.522,0.000,0.000,0.000,0.000,0.000,117638.1,4.433,1.00,5.00
80.720,12.000,12.000,0.000,2591.522,0.000,0.000,0.000,0.000,0.000,117638.1,4.433,1.00,5.00
80.730,12.000,12.000,0.000,2591.522,0.000,0.000,0.000,0.000,0.000,117638.1,4.433,1.00,5.00
80.740,12.000,12.000,0.000,2591.522,0.000,0.000,0.000,0.000,0.000,117638.1,4.433,1.00,5.00
80.750,12.000,12.000,0.000,2591.522,0.000,0.000,0.000,0.000,0.000,117638.1,4.433,1.00,5.00
80.760,12.000,12.000,0.000,2591.522,0.000,0.000,0.000,0.000,0.000,117638.1,4.433,1.00,5.00
80.770,12.000,12.000,0.000,2591.522,0.000,0.000,0.000,0.000,0.000,117638.1,4.433,1.00,5.00
80.780,12.000,12.000,0.000,2591.522,0.000,0.000,0.000,0.000,0.000,117638.1,4.433,1.00,5.00
80.790,12.000,12.000,0.000,2591.522,0.000,0.000,0.000,0.000,0.000,117638.1,4.433,1.00,5.00
80.800,12.000,12.000,0.000,2591.522,0.000,0.000,0.000,0.000,0.000,117638.1,4.433,1.00,5.00
80.810,12.000,12.000,0.000,2591.522,0.000,0.000,0.000,0.000,0.000,117638.1,4.433,1.00,5.00
80.820,12.000,12.000,0.000,2591.522,0.000,0.000,0.000,0.000,0.000,117638.1,4.433,1.00,5.00
80.830,12.000,12.000,0.000,2591.522,0.000,0.000,0.000,0.000,0.000,117638.1,4.433,1.00,5.00
80.840,12.000,12.000,0.000,2591.522,0.000,0.000,0.000,0.000,0.000,117638.1,4.433,1.00,5.00
80.850,12.000,12.000,0.000,2591.522,0.000,0.000,0.000,0.000,0.000,117638.1,4.433,1.00,5.00
80.860,12.000,12.000,0.000,2591.522,0.000,0.000,0.000,0.000,0.000,117638.1,4.433,1.00,5.00
80.870,12.000,12.000,0.000,2591.522,0.000,0.000,0.000,0.000,0.000,117638.1,4.433,1.00,5.00
80.880,12.000,12.000,0.000,2591.522,0.000,0.000,0.000,0.000,0.000,117638.1,4.433,1.00,5.00
80.890,12.000,12.000,0.000,2591.522,0.000,0.000,0.000,0.000,0.000,117638.1,4.433,1.00,5.00
80.900,12.000,12.000,0.000,2591.522,0.000,0.000,0.000,0.000,0.000,117638.1,4.433,1.00,5.00
80.910,12.000,12.000,0.000,2591.522,0.000,0.000,0.000,0.000,0.000,117638.1,4.433,1.00,5.00
80.920,12.000,12.000,0.000,2591.522,0.000,0.000,0.000,0.000,0.000,117638.1,4.433,1.00,5.00
80.930,12.000,12.000,0.000,2591.522,0.000,0.000,0.000,0.000,0.000,117638.1,4.433,1.00,5.00
80.940,12.000,12.000,0.000,2591.522,0.000,0.000,0.000,0.000,0.000,117638.1,4.433,1.00,5.00
80.950,12.000,12.000,0.000,2591.522,0.000,0.000,0.000,0.000,0.000,117638.1,4.433,1.00,5.00
80.960,12.000,12.000,0.000,2591.522,0.000,0.000,0.000,0.000,0.000,117638.1,4.433,1.00,5.00
80.970,12.000,12.000,0.000,2591.522,0.000,0.000,0.000,0.000,0.000,117638.1,4.433,1.00,5.00
80.980,12.000,12.000,0.000,2591.522,0.000,0.000,0.000,0.000,0.000,117638.1,4.433,1.00,5.00
80.990,12.000,12.000,0.000,2591.522,0.000,0.000,0.000,0.000,0.000,117638.1,4.433,1.00,5.00
81.000,12.000,12.000,0.000,2591.522,0.000,0.000,0.000,0.000,0.000,117638.1,4.433,1.00,5.00
81.010,12.000,12.000,0.000,2591.522,0.000,0.000,0.000,0.000,0.000,117638.1,4.433,1.00,5.00
81.020,12.000,12.000,0.000,2591.522,0.000,0.000,0.000,0.000,0.000,117638.1,4.433,1.00,5.00
81.030,12.000,12.000,0.000,2591.522,0.000,0.000,0.000,0.000,0.000,117638.1,4.433,1.00,5.00
81.040,12.000,12.000,0.000,2591.522,0.000,0.000,0.000,0.000,0.000,117638.1,4.433,1.00,5.00
81.050,12.000,12.000,0.000,2591.522,0.000,0.000,0.000,0.000,0.000,117638.1,4.433,1.00,5.00
81.060,12.000,12.000,0.000,2591.522,0.000,0.000,0.000,0.000,0.000,117638.1,4.433,1.00,5.00
81.070,12.000,12.000,0.000,2591.522,0.000,0.000,0.000,0.000,0.000,117638.1,4.433,1.00,5.00
81.080,12.000,12.000,0.000,2591.522,0.000,0.000,0.000,0.000,0.000,117638.1,4.433,1.00,5.00
81.090,12.000,12.000,0.000,2591.522,0.000,0.000,0.000,0.000,0.000,117638.1,4.433,1.00,5.00
81.100,12.000,12.000,0.000,2591.522,0.000,0.000,0.000,0.000,0.000,117638.1,4.433,1.00,5.00
81.110,12.000,12.000,0.000,2591.522,0.000,0.000,0.000,0.000,0.000,117638.1,4.433,1.00,5.00
81.120,12.000,12.010,-0.010,0.000,34.417,0.000,0.000,0.000,0.000,117633.8,4.361,1.00,5.00
81.130,12.000,12.010,-0.010,0.000,1.747,0.000,0.000,0.000,0.000,117629.5,4.289,1.00,5.00
81.140,12.000,12.010,-0.010,0.000,1.747,0.000,0.000,0.000,0.000,117629.5,4.284,1.00,5.00
81.150,12.000,12.000,0.000,20232.380,0.000,0.000,0.000,0.000,0.000,117629.5,4.351,1.00,5.00
81.160,12.000,11.990,0.010,23766.943,0.000,0.000,0.000,0.000,0.000,117629.5,4.490,1.00,5.00
81.170,12.000,12.000,0.000,0.000,27.873,0.000,0.000,0.000,0.000,117646.3,4.526,1.00,5.00
81.180,12.000,12.000,0.000,2594.275,0.000,0.000,0.000,0.000,0.000,117630.5,4.497,1.00,5.00
81.190,12.000,12.000,0.000,2594.047,0.000,0.000,0.000,0.000,0.000,117630.5,4.492,1.00,5.00
81.200,12.000,12.000,0.000,2594.047,0.000,0.000,0.000,0.000,0.000,117630.5,4.492,1.00,5.00
81.210,12.000,12.000,0.000,2594.047,0.000,0.000,0.000,0.000,0.000,117630.5,4.492,1.00,5.00
81.220,12.000,12.000,0.000,2594.047,0.000,0.000,0.000,0.000,0.000,117630.5,4.492,1.00,5.00
81.230,12.000,12.000,0.000,2594.047,0.000,0.000,0.000,0.000,0.000,117630.5,4.492,1.00,5.00
81.240,12.000,12.000,0.000,2594.047,0.000,0.000,0.000,0.000,0.000,117630.5,4.492,1.00,5.00
81.250,12.000,12.000,0.000,2594.047,0.000,0.000,0.000,0.000,0.000,117630.5,4.492,1.00,5.00
81.260,12.000,12.000,0.000,2594.047,0.000,0.000,0.000,0.000,0.000,117630.5,4.492,1.00,5.00
81.270,12.000,12.000,0.000,2594.047,0.000,0.000,0.000,0.000,0.000,117630.5,4.492,1.00,5.00
81.280,12.000,12.000,0.000,2594.047,0.000,0.000,0.000,0.000,0.000,117630.5,4.492,1.00,5.00
81.290,12.000,12.000,0.000,2594.047,0.000,0.000,0.000,0.000,0.000,117630.5,4.492,1.00,5.00
81.300,12.000,12.000,0.000,2594.047,0.000,0.000,0.000,0.000,0.000,117630.5,4.492,1.00,5.00
81.310,12.000,12.000,0.000,2594.047,0.000,0.000,0.000,0.000,0.000,117630.5,4.492,1.00,5.00
81.320,12.000,12.000,0.000,2594.047,0.000,0.000,0.000,0.000,0.000,117630.5,4.492,1.00,5.00
81.330,12.000,12.000,0.000,2594.047,0.000,0.000,0.000,0.000,0.000,117630.5,4.492,1.00,5.00
81.340,12.000,12.000,0.000,2594.047,0.000,0.000,0.000,0.000,0.000,117630.5,4.492,1.00,5.00
81.350,12.000,12.000,0.000,2594.047,0.000,0.000,0.000,0.000,0.000,117630.5,4.492,1.00,5.00
81.360,12.000,12.000,0.000,2594.047,0.000,0.000,0.000,0.000,0.000,117630.5,4.492,1.00,5.00
81.370,12.000,12.000,0.000,2594.047,0.000,0.000,0.000,0.000,0.000,117630.5,4.492,1.00,5.00
81.380,12.000,12.000,0.000,2594.047,0.000,0.000,0.000,0.000,0.000,117630.5,4.492,1.00,5.00
81.390,12.000,12.000,0.000,2594.047,0.000,0.000,0.000,0.000,0.000,117630.5,4.492,1.00,5.00
81.400,12.000,12.000,0.000,2594.047,0.000,0.000,0.000,0.000,0.000,117630.5,4.492,1.00,5.00
81.410,12.000,12.000,0.000,2594.047,0.000,0.000,0.000,0.000,0.000,117630.5,4.492,1.00,5.00
81.420,12.000,12.000,0.000,2594.047,0.000,0.000,0.000,0.000,0.000,117630.5,4.492,1.00,5.00
81.430,12.000,12.000,0.000,2594.047,0.000,0.000,0.000,0.000,0.000,117630.5,4.492,1.00,5.00
81.440,12.000,12.000,0.000,2594.047,0.000,0.000,0.000,0.000,0.000,117630.5,4.492,1.00,5.00
81.450,12.000,12.000,0.000,2594.047,0.000,0.000,0.000,0.000,0.000,117630.5,4.492,1.00,5.00
81.460,12.000,12.000,0.000,2594.047,0.000,0.000,0.000,0.000,0.000,117630.5,4.492,1.00,5.00
81.470,12.000,12.000,0.000,2594.047,0.000,0.000,0.000,0.000,0.000,117630.5,4.492,1.00,5.00
81.480,12.000,12.000,0.000,2594.047,0.000,0.000,0.000,0.000,0.000,117630.5,4.492,1.00,5.00
81.490,12.000,12.000,0.000,2594.047,0.000,0.000,0.000,0.000,0.000,117630.5,4.492,1.00,5.00
81.500,12.000,12.000,0.000,2594.047,0.000,0.000,0.000,0.000,0.000,117630.5,4.492,1.00,5.00
81.510,12.000,12.000,0.000,2594.047,0.000,0.000,0.000,0.000,0.000,117630.5,4.492,1.00,5.00
81.520,12.000,12.000,0.000,2594.047,0.000,0.000,0.000,0.000,0.000,117630.5,4.492,1.00,5.00
81.530,12.000,12.000,0.000,2594.047,0.000,0.000,0.000,0.000,0.000,117630.5,4.492,1.00,5.00
81.540,12.000,12.000,0.000,2594.047,0.000,0.000,0.000,0.000,0.000,117630.5,4.492,1.00,5.00
81.550,12.000,12.000,0.000,2594.047,0.000,0.000,0.000,0.000,0.000,117630.5,4.492,1.00,5.00
81.560,12.000,12.000,0.000,2594.047,0.000,0.000,0.000,0.000,0.000,117630.5,4.492,1.00,5.00
81.570,12.000,12.000,0.000,2594.047,0.000,0.000,0.000,0.000,0.000,117630.5,4.492,1.00,5.00
81.580,12.000,12.000,0.000,2594.047,0.000,0.000,0.000,0.000,0.000,117630.5,4.492,1.00,5.00
81.590,12.000,12.000,0.000,2594.047,0.000,0.000,0.000,0.000,0.000,117630.5,4.492,1.00,5.00
81.600,12.000,12.000,0.000,2594.047,0.000,0.000,0.000,0.000,0.000,117630.5,4.492,1.00,5.00
81.610,12.000,12.000,0.000,2594.047,0.000,0.000,0.000,0.000,0.000,117630.5,4.492,1.00,5.00
81.620,12.000,12.000,0.000,2594.047,0.000,0.000,0.000,0.000,0.000,117630.5,4.492,1.00,5.00
81.630,12.000,12.000,0.000,2594.047,0.000,0.000,0.000,0.000,0.000,117630.5,4.492,1.00,5.00
81.640,12.000,12.000,0.000,2594.047,0.000,0.000,0.000,0.000,0.000,117630.5,4.492,1.00,5.00
81.650,12.000,12.000,0.000,2594.047,0.000,0.000,0.000,0.000,0.000,117630.5,4.492,1.00,5.00
81.660,12.000,12.000,0.000,2594.047,0.000,0.000,0.000,0.000,0.000,117630.5,4.492,1.00,5.00
81.670,12.000,12.000,0.000,2594.047,0.000,0.000,0.000,0.000,0.000,117630.5,4.492,1.00,5.00
81.680,12.000,12.000,0.000,2594.047,0.000,0.000,0.000,0.000,0.000,117630.5,4.492,1.00,5.00
81.690,12.000,12.000,0.000,2594.047,0.000,0.000,0.000,0.000,0.000,117630.5,4.492,1.00,5.00
81.700,12.000,12.000,0.000,2594.047,0.000,0.000,0.000,0.000,0.000,117630.5,4.492,1.00,5.00
81.710,12.000,12.000,0.000,2594.047,0.000,0.000,0.000,0.000,0.000,117630.5,4.492,1.00,5.00
81.720,12.000,12.000,0.000,2594.047,0.000,0.000,0.000,0.000,0.000,117630.5,4.492,1.00,5.00
81.730,12.000,12.000,0.000,2594.047,0.000,0.000,0.000,0.000,0.000,117630.5,4.492,1.00,5.00
81.740,12.000,12.000,0.000,2594.047,0.000,0.000,0.000,0.000,0.000,117630.5,4.492,1.00,5.00
81.750,12.000,12.000,0.000,2594.047,0.000,0.000,0.000,0.000,0.000,117630.5,4.492,1.00,5.00
81.760,12.000,12.000,0.000,2594.047,0.000,0.000,0.000,0.000,0.000,117630.5,4.492,1.00,5.00
81.770,12.000,12.000,0.000,2594.047,0.000,0.000,0.000,0.000,0.000,117630.5,4.492,1.00,5.00
81.780,12.000,12.000,0.000,2594.047,0.000,0.000,0.000,0.000,0.000,117630.5,4.492,1.00,5.00
81.790,12.000,12.000,0.000,2594.047,0.000,0.000,0.000,0.000,0.000,117630.5,4.492,1.00,5.00
81.800,12.000,12.000,0.000,2594.047,0.000,0.000,0.000,0.000,0.000,117630.5,4.492,1.00,5.00
81.810,12.000,12.000,0.000,2594.047,0.000,0.000,0.000,0.000,0.000,117630.5,4.492,1.00,5.00
81.820,12.000,12.000,0.000,2594.047,0.000,0.000,0.000,0.000,0.000,117630.5,4.492,1.00,5.00
81.830,12.000,12.000,0.000,2594.047,0.000,0.000,0.000,0.000,0.000,117630.5,4.492,1.00,5.00
81.840,12.000,12.000,0.000,2594.047,0.000,0.000,0.000,0.000,0.000,117630.5,4.492,1.00,5.00
81.850,12.000,12.000,0.000,2594.047,0.000,0.000,0.000,0.000,0.000,117630.5,4.492,1.00,5.00
81.860,12.000,12.000,0.000,2594.047,0.000,0.000,0.000,0.000,0.000,117630.5,4.492,1.00,5.00
81.870,12.000,12.000,0.000,2594.047,0.000,0.000,0.000,0.000,0.000,117630.5,4.492,1.00,5.00
81.880,12.000,12.000,0.000,2594.047,0.000,0.000,0.000,0.000,0.000,117630.5,4.492,1.00,5.00
81.890,12.000,12.000,0.000,2594.047,0.000,0.000,0.000,0.000,0.000,117630.5,4.492,1.00,5.00
81.900,12.000,12.000,0.000,2594.047,0.000,0.000,0.000,0.000,0.000,117630.5,4.492,1.00,5.00
81.910,12.000,12.000,0.000,2594.047,0.000,0.000,0.000,0.000,0.000,117630.5,4.492,1.00,5.00
81.920,12.000,12.000,0.000,2594.047,0.000,0.000,0.000,0.000,0.000,117630.5,4.492,1.00,5.00
81.930,12.000,12.000,0.000,2594.047,0.000,0.000,0.000,0.000,0.000,117630.5,4.492,1.00,5.00
81.940,12.000,12.000,0.000,2594.047,0.000,0.000,0.000,0.000,0.000,117630.5,4.492,1.00,5.00
81.950,12.000,12.000,0.000,2594.047,0.000,0.000,0.000,0.000,0.000,117630.5,4.492,1.00,5.00
81.960,12.000,12.000,0.000,2594.047,0.000,0.000,0.000,0.000,0.000,117630.5,4.492,1.00,5.00
81.970,12.000,12.000,0.000,2594.047,0.000,0.000,0.000,0.000,0.000,117630.5,4.492,1.00,5.00
81.980,12.000,12.000,0.000,2594.047,0.000,0.000,0.000,0.000,0.000,117630.5,4.492,1.00,5.00
81.990,12.000,12.000,0.000,2594.047,0.000,0.000,0.000,0.000,0.000,117630.5,4.492,1.00,5.00
82.000,12.000,12.000,0.000,2594.047,0.000,0.000,0.000,0.000,0.000,117630.5,4.492,1.00,5.00
82.010,12.000,12.000,0.000,2594.047,0.000,0.000,0.000,0.000,0.000,117630.5,4.492,1.00,5.00
82.020,12.000,12.000,0.000,2594.047,0.000,0.000,0.000,0.000,0.000,117630.5,4.492,1.00,5.00
82.030,12.000,12.000,0.000,2594.047,0.000,0.000,0.000,0.000,0.000,117630.5,4.492,1.00,5.00
82.040,12.000,12.000,0.000,2594.047,0.000,0.000,0.000,0.000,0.000,117630.5,4.492,1.00,5.00
82.050,12.000,12.000,0.000,2594.047,0.000,0.000,0.000,0.000,0.000,117630.5,4.492,1.00,5.00
82.060,12.000,12.000,0.000,2594.047,0.000,0.000,0.000,0.000,0.000,117630.5,4.492,1.00,5.00
82.070,12.000,12.000,0.000,2594.047,0.000,0.000,0.000,0.000,0.000,117630.5,4.492,1.00,5.00
82.080,12.000,12.000,0.000,2594.047,0.000,0.000,0.000,0.000,0.000,117630.5,4.492,1.00,5.00
82.090,12.000,12.000,0.000,2594.047,0.000,0.000,0.000,0.000,0.000,117630.5,4.492,1.00,5.00
82.100,12.000,12.000,0.000,2594.047,0.000,0.000,0.000,0.000,0.000,117630.5,4.492,1.00,5.00
82.110,12.000,12.000,0.000,2594.047,0.000,0.000,0.000,0.000,0.000,117630.5,4.492,1.00,5.00
82.120,12.000,12.000,0.000,2594.047,0.000,0.000,0.000,0.000,0.000,117630.5,4.492,1.00,5.00
82.130,12.000,12.000,0.000,2594.047,0.000,0.000,0.000,0.000,0.000,117630.5,4.492,1.00,5.00
82.140,12.000,12.000,0.000,2594.047,0.000,0.000,0.000,0.000,0.000,117630.5,4.492,1.00,5.00
82.150,12.000,12.000,0.000,2594.047,0.000,0.000,0.000,0.000,0.000,117630.5,4.492,1.00,5.00
82.160,12.000,12.000,0.000,2594.047,0.000,0.000,0.000,0.000,0.000,117630.5,4.492,1.00,5.00
82.170,12.000,12.000,0.000,2594.047,0.000,0.000,0.000,0.000,0.000,117630.5,4.492,1.00,5.00
82.180,12.000,12.000,0.000,2594.047,0.000,0.000,0.000,0.000,0.000,117630.5,4.492,1.00,5.00
82.190,12.000,12.000,0.000,2594.047,0.000,0.000,0.000,0.000,0.000,117630.5,4.492,1.00,5.00
82.200,12.000,12.000,0.000,2594.047,0.000,0.000,0.000,0.000,0.000,117630.5,4.492,1.00,5.00
82.210,12.000,12.000,0.000,2594.047,0.000,0.000,0.000,0.000,0.000,117630.5,4.492,1.00,5.00
82.220,12.000,12.000,0.000,2594.047,0.000,0.000,0.000,0.000,0.000,117630.5,4.492,1.00,5.00
82.230,12.000,12.000,0.000,2594.047,0.000,0.000,0.000,0.000,0.000,117630.5,4.492,1.00,5.00
82.240,12.000,12.000,0.000,2594.047,0.000,0.000,0.000,0.000,0.000,117630.5,4.492,1.00,5.00
82.250,12.000,12.000,0.000,2594.047,0.000,0.000,0.000,0.000,0.000,117630.5,4.492,1.00,5.00
82.260,12.000,12.000,0.000,2594.047,0.000,0.000,0.000,0.000,0.000,117630.5,4.492,1.00,5.00
82.270,12.000,12.000,0.000,2594.047,0.000,0.000,0.000,0.000,0.000,117630.5,4.492,1.00,5.00
82.280,12.000,12.000,0.000,2594.047,0.000,0.000,0.000,0.000,0.000,117630.5,4.492,1.00,5.00
82.290,12.000,12.000,0.000,2594.047,0.000,0.000,0.000,0.000,0.000,117630.5,4.492,1.00,5.00
82.300,12.000,12.000,0.000,2594.047,0.000,0.000,0.000,0.000,0.000,117630.5,4.492,1.00,5.00
82.310,12.000,12.000,0.000,2594.047,0.000,0.000,0.000,0.000,0.000,117630.5,4.492,1.00,5.00
82.320,12.000,12.000,0.000,2594.047,0.000,0.000,0.000,0.000,0.000,117630.5,4.492,1.00,5.00
82.330,12.000,12.000,0.000,2594.047,0.000,0.000,0.000,0.000,0.000,117630.5,4.492,1.00,5.00
82.340,12.000,12.000,0.000,2594.047,0.000,0.000,0.000,0.000,0.000,117630.5,4.492,1.00,5.00
82.350,12.000,12.000,0.000,2594.047,0.000,0.000,0.000,0.000,0.000,117630.5,4.492,1.00,5.00
82.360,12.000,12.000,0.000,2594.047,0.000,0.000,0.000,0.000,0.000,117630.5,4.492,1.00,5.00
82.370,12.000,12.000,0.000,2594.047,0.000,0.000,0.000,0.000,0.000,117630.5,4.492,1.00,5.00
82.380,12.000,12.000,0.000,2594.047,0.000,0.000,0.000,0.000,0.000,117630.5,4.492,1.00,5.00
82.390,12.000,12.000,0.000,2594.047,0.000,0.000,0.000,0.000,0.000,117630.5,4.492,1.00,5.00
82.400,12.000,12.000,0.000,2594.047,0.000,0.000,0.000,0.000,0.000,117630.5,4.492,1.00,5.00
82.410,12.000,12.000,0.000,2594.047,0.000,0.000,0.000,0.000,0.000,117630.5,4.492,1.00,5.00
82.420,12.000,12.000,0.000,2594.047,0.000,0.000,0.000,0.000,0.000,117630.5,4.492,1.00,5.00
82.430,12.000,12.000,0.000,2594.047,0.000,0.000,0.000,0.000,0.000,117630.5,4.492,1.00,5.00
82.440,12.000,12.000,0.000,2594.047,0.000,0.000,0.000,0.000,0.000,117630.5,4.492,1.00,5.00
82.450,12.000,12.000,0.000,2594.047,0.000,0.000,0.000,0.000,0.000,117630.5,4.492,1.00,5.00
82.460,12.000,12.010,-0.010,0.000,34.410,0.000,0.000,0.000,0.000,117626.1,4.420,1.00,5.00
82.470,12.000,12.000,0.000,20234.858,0.000,0.000,0.000,0.000,0.000,117626.1,4.420,1.00,5.00
82.480,12.000,12.000,0.000,2593.823,0.000,0.000,0.000,0.000,0.000,117626.1,4.487,1.00,5.00
82.490,12.000,12.000,0.000,2595.378,0.000,0.000,0.000,0.000,0.000,117643.0,4.523,1.00,5.00
82.500,12.000,12.000,0.000,2595.378,0.000,0.000,0.000,0.000,0.000,117643.0,4.523,1.00,5.00
82.510,12.000,12.000,0.000,2595.378,0.000,0.000,0.000,0.000,0.000,117643.0,4.523,1.00,5.00
82.520,12.000,12.000,0.000,2595.378,0.000,0.000,0.000,0.000,0.000,117643.0,4.523,1.00,5.00
82.530,12.000,12.000,0.000,2595.378,0.000,0.000,0.000,0.000,0.000,117643.0,4.523,1.00,5.00
82.540,12.000,12.000,0.000,2595.378,0.000,0.000,0.000,0.000,0.000,117643.0,4.523,1.00,5.00
82.550,12.000,12.000,0.000,2595.378,0.000,0.000,0.000,0.000,0.000,117643.0,4.523,1.00,5.00
82.560,12.000,12.000,0.000,2595.378,0.000,0.000,0.000,0.000,0.000,117643.0,4.523,1.00,5.00
82.570,12.000,12.000,0.000,2595.378,0.000,0.000,0.000,0.000,0.000,117643.0,4.523,1.00,5.00
82.580,12.000,12.000,0.000,2595.378,0.000,0.000,0.000,0.000,0.000,117643.0,4.523,1.00,5.00
82.590,12.000,12.000,0.000,2595.378,0.000,0.000,0.000,0.000,0.000,117643.0,4.523,1.00,5.00
82.600,12.000,12.000,0.000,2595.378,0.000,0.000,0.000,0.000,0.000,117643.0,4.523,1.00,5.00
82.610,12.000,12.000,0.000,2595.378,0.000,0.000,0.000,0.000,0.000,117643.0,4.523,1.00,5.00
82.620,12.000,12.000,0.000,2595.378,0.000,0.000,0.000,0.000,0.000,117643.0,4.523,1.00,5.00
82.630,12.000,12.000,0.000,2595.378,0.000,0.000,0.000,0.000,0.000,117643.0,4.523,1.00,5.00
82.640,12.000,12.000,0.000,2595.378,0.000,0.000,0.000,0.000,0.000,117643.0,4.523,1.00,5.00
82.650,12.000,12.000,0.000,2595.378,0.000,0.000,0.000,0.000,0.000,117643.0,4.523,1.00,5.00
82.660,12.000,12.000,0.000,2595.378,0.000,0.000,0.000,0.000,0.000,117643.0,4.523,1.00,5.00
82.670,12.000,12.000,0.000,2595.378,0.000,0.000,0.000,0.000,0.000,117643.0,4.523,1.00,5.00
82.680,12.000,12.000,0.000,2595.378,0.000,0.000,0.000,0.000,0.000,117643.0,4.523,1.00,5.00
82.690,12.000,12.000,0.000,2595.378,0.000,0.000,0.000,0.000,0.000,117643.0,4.523,1.00,5.00
82.700,12.000,12.000,0.000,2595.378,0.000,0.000,0.000,0.000,0.000,117643.0,4.523,1.00,5.00
82.710,12.000,12.000,0.000,2595.378,0.000,0.000,0.000,0.000,0.000,117643.0,4.523,1.00,5.00
82.720,12.000,12.000,0.000,2595.378,0.000,0.000,0.000,0.000,0.000,117643.0,4.523,1.00,5.00
82.730,12.000,12.000,0.000,2595.378,0.000,0.000,0.000,0.000,0.000,117643.0,4.523,1.00,5.00
82.740,12.000,12.000,0.000,2595.378,0.000,0.000,0.000,0.000,0.000,117643.0,4.523,1.00,5.00
82.750,12.000,12.000,0.000,2595.378,0.000,0.000,0.000,0.000,0.000,117643.0,4.523,1.00,5.00
82.760,12.000,12.000,0.000,2595.378,0.000,0.000,0.000,0.000,0.000,117643.0,4.523,1.00,5.00
82.770,12.000,12.000,0.000,2595.378,0.000,0.000,0.000,0.000,0.000,117643.0,4.523,1.00,5.00
82.780,12.000,12.000,0.000,2595.378,0.000,0.000,0.000,0.000,0.000,117643.0,4.523,1.00,5.00
82.790,12.000,12.000,0.000,2595.378,0.000,0.000,0.000,0.000,0.000,117643.0,4.523,1.00,5.00
82.800,12.000,12.000,0.000,2595.378,0.000,0.000,0.000,0.000,0.000,117643.0,4.523,1.00,5.00
82.810,12.000,12.000,0.000,2595.378,0.000,0.000,0.000,0.000,0.000,117643.0,4.523,1.00,5.00
82.820,12.000,12.000,0.000,2595.378,0.000,0.000,0.000,0.000,0.000,117643.0,4.523,1.00,5.00
82.840,12.000,12.000,0.000,2595.378,0.000,0.000,0.000,0.000,0.000,117643.0,4.523,1.00,5.00
82.850,12.000,12.000,0.000,2595.378,0.000,0.000,0.000,0.000,0.000,117643.0,4.523,1.00,5.00
82.860,12.000,12.000,0.000,2595.378,0.000,0.000,0.000,0.000,0.000,117643.0,4.523,1.00,5.00
82.870,12.000,12.000,0.000,2595.378,0.000,0.000,0.000,0.000,0.000,117643.0,4.523,1.00,5.00
82.880,12.000,12.000,0.000,2595.378,0.000,0.000,0.000,0.000,0.000,117643.0,4.523,1.00,5.00
82.890,12.000,12.000,0.000,2595.378,0.000,0.000,0.000,0.000,0.000,117643.0,4.523,1.00,5.00
82.900,12.000,12.000,0.000,2595.378,0.000,0.000,0.000,0.000,0.000,117643.0,4.523,1.00,5.00
82.910,12.000,12.000,0.000,2595.378,0.000,0.000,0.000,0.000,0.000,117643.0,4.523,1.00,5.00
82.920,12.000,12.000,0.000,2595.378,0.000,0.000,0.000,0.000,0.000,117643.0,4.523,1.00,5.00
82.930,12.000,12.000,0.000,2595.378,0.000,0.000,0.000,0.000,0.000,117643.0,4.523,1.00,5.00
82.940,12.000,12.000,0.000,2595.378,0.000,0.000,0.000,0.000,0.000,117643.0,4.523,1.00,5.00
82.950,12.000,12.000,0.000,2595.378,0.000,0.000,0.000,0.000,0.000,117643.0,4.523,1.00,5.00
82.960,12.000,12.000,0.000,2595.378,0.000,0.000,0.000,0.000,0.000,117643.0,4.523,1.00,5.00
82.970,12.000,12.000,0.000,2595.378,0.000,0.000,0.000,0.000,0.000,117643.0,4.523,1.00,5.00
82.980,12.000,12.000,0.000,2595.378,0.000,0.000,0.000,0.000,0.000,117643.0,4.523,1.00,5.00
82.990,12.000,12.000,0.000,2595.378,0.000,0.000,0.000,0.000,0.000,117643.0,4.523,1.00,5.00
83.000,12.000,12.000,0.000,2595.378,0.000,0.000,0.000,0.000,0.000,117643.0,4.523,1.00,5.00
83.010,12.000,12.000,0.000,2595.378,0.000,0.000,0.000,0.000,0.000,117643.0,4.523,1.00,5.00
83.020,12.000,12.000,0.000,2595.378,0.000,0.000,0.000,0.000,0.000,117643.0,4.523,1.00,5.00
83.030,12.000,12.000,0.000,2595.378,0.000,0.000,0.000,0.000,0.000,117643.0,4.523,1.00,5.00
83.040,12.000,12.000,0.000,2595.378,0.000,0.000,0.000,0.000,0.000,117643.0,4.523,1.00,5.00
83.050,12.000,12.000,0.000,2595.378,0.000,0.000,0.000,0.000,0.000,117643.0,4.523,1.00,5.00
83.060,12.000,12.000,0.000,2595.378,0.000,0.000,0.000,0.000,0.000,117643.0,4.523,1.00,5.00
83.070,12.000,12.000,0.000,2595.378,0.000,0.000,0.000,0.000,0.000,117643.0,4.523,1.00,5.00
83.080,12.000,12.000,0.000,2595.378,0.000,0.000,0.000,0.000,0.000,117643.0,4.523,1.00,5.00
83.090,12.000,12.000,0.000,2595.378,0.000,0.000,0.000,0.000,0.000,117643.0,4.523,1.00,5.00
83.100,12.000,12.000,0.000,2595.378,0.000,0.000,0.000,0.000,0.000,117643.0,4.523,1.00,5.00
83.110,12.000,12.000,0.000,2595.378,0.000,0.000,0.000,0.000,0.000,117643.0,4.523,1.00,5.00
83.120,12.000,12.000,0.000,2595.378,0.000,0.000,0.000,0.000,0.000,117643.0,4.523,1.00,5.00
83.130,12.000,12.000,0.000,2595.378,0.000,0.000,0.000,0.000,0.000,117643.0,4.523,1.00,5.00
83.140,12.000,12.000,0.000,2595.378,0.000,0.000,0.000,0.000,0.000,117643.0,4.523,1.00,5.00
83.150,12.000,12.000,0.000,2595.378,0.000,0.000,0.000,0.000,0.000,117643.0,4.523,1.00,5.00
83.160,12.000,12.000,0.000,2595.378,0.000,0.000,0.000,0.000,0.000,117643.0,4.523,1.00,5.00
83.170,12.000,12.000,0.000,2595.378,0.000,0.000,0.000,0.000,0.000,117643.0,4.523,1.00,5.00
83.180,12.000,12.000,0.000,2595.378,0.000,0.000,0.000,0.000,0.000,117643.0,4.523,1.00,5.00
83.190,12.000,12.000,0.000,2595.378,0.000,0.000,0.000,0.000,0.000,117643.0,4.523,1.00,5.00
83.200,12.000,12.000,0.000,2595.378,0.000,0.000,0.000,0.000,0.000,117643.0,4.523,1.00,5.00
83.210,12.000,12.000,0.000,2595.378,0.000,0.000,0.000,0.000,0.000,117643.0,4.523,1.00,5.00
83.220,12.000,12.000,0.000,2595.378,0.000,0.000,0.000,0.000,0.000,117643.0,4.523,1.00,5.00
83.230,12.000,12.000,0.000,2595.378,0.000,0.000,0.000,0.000,0.000,117643.0,4.523,1.00,5.00
83.240,12.000,12.000,0.000,2595.378,0.000,0.000,0.000,0.000,0.000,117643.0,4.523,1.00,5.00
83.250,12.000,12.000,0.000,2595.378,0.000,0.000,0.000,0.000,0.000,117643.0,4.523,1.00,5.00
83.260,12.000,12.000,0.000,2595.378,0.000,0.000,0.000,0.000,0.000,117643.0,4.523,1.00,5.00
83.270,12.000,12.000,0.000,2595.378,0.000,0.000,0.000,0.000,0.000,117643.0,4.523,1.00,5.00
83.280,12.000,12.000,0.000,2595.378,0.000,0.000,0.000,0.000,0.000,117643.0,4.523,1.00,5.00
83.290,12.000,12.000,0.000,2595.378,0.000,0.000,0.000,0.000,0.000,117643.0,4.523,1.00,5.00
83.300,12.000,12.000,0.000,2595.378,0.000,0.000,0.000,0.000,0.000,117643.0,4.523,1.00,5.00
83.310,12.000,12.000,0.000,2595.378,0.000,0.000,0.000,0.000,0.000,117643.0,4.523,1.00,5.00
83.320,12.000,12.000,0.000,2595.378,0.000,0.000,0.000,0.000,0.000,117643.0,4.523,1.00,5.00
83.330,12.000,12.000,0.000,2595.378,0.000,0.000,0.000,0.000,0.000,117643.0,4.523,1.00,5.00
83.340,12.000,12.000,0.000,2595.378,0.000,0.000,0.000,0.000,0.000,117643.0,4.523,1.00,5.00
83.350,12.000,12.000,0.000,2595.378,0.000,0.000,0.000,0.000,0.000,117643.0,4.523,1.00,5.00
83.360,12.000,12.000,0.000,2595.378,0.000,0.000,0.000,0.000,0.000,117643.0,4.523,1.00,5.00
83.370,12.000,12.000,0.000,2595.378,0.000,0.000,0.000,0.000,0.000,117643.0,4.523,1.00,5.00
83.380,12.000,12.000,0.000,2595.378,0.000,0.000,0.000,0.000,0.000,117643.0,4.523,1.00,5.00
83.390,12.000,12.000,0.000,2595.378,0.000,0.000,0.000,0.000,0.000,117643.0,4.523,1.00,5.00
83.400,12.000,12.000,0.000,2595.378,0.000,0.000,0.000,0.000,0.000,117643.0,4.523,1.00,5.00
83.410,12.000,12.000,0.000,2595.378,0.000,0.000,0.000,0.000,0.000,117643.0,4.523,1.00,5.00
83.420,12.000,12.000,0.000,2595.378,0.000,0.000,0.000,0.000,0.000,117643.0,4.523,1.00,5.00
83.430,12.000,12.000,0.000,2595.378,0.000,0.000,0.000,0.000,0.000,117643.0,4.523,1.00,5.00
83.440,12.000,12.000,0.000,2595.378,0.000,0.000,0.000,0.000,0.000,117643.0,4.523,1.00,5.00
83.450,12.000,12.000,0.000,2595.378,0.000,0.000,0.000,0.000,0.000,117643.0,4.523,1.00,5.00
83.460,12.000,12.000,0.000,2595.378,0.000,0.000,0.000,0.000,0.000,117643.0,4.523,1.00,5.00
83.470,12.000,12.000,0.000,2595.378,0.000,0.000,0.000,0.000,0.000,117643.0,4.523,1.00,5.00
83.480,12.000,12.000,0.000,2595.378,0.000,0.000,0.000,0.000,0.000,117643.0,4.523,1.00,5.00
83.490,12.000,12.000,0.000,2595.378,0.000,0.000,0.000,0.000,0.000,117643.0,4.523,1.00,5.00
83.500,12.000,12.000,0.000,2595.378,0.000,0.000,0.000,0.000,0.000,117643.0,4.523,1.00,5.00
83.510,12.000,12.000,0.000,2595.378,0.000,0.000,0.000,0.000,0.000,117643.0,4.523,1.00,5.00
83.520,12.000,12.000,0.000,2595.378,0.000,0.000,0.000,0.000,0.000,117643.0,4.523,1.00,5.00
83.530,12.000,12.000,0.000,2595.378,0.000,0.000,0.000,0.000,0.000,117643.0,4.523,1.00,5.00
83.540,12.000,12.000,0.000,2595.378,0.000,0.000,0.000,0.000,0.000,117643.0,4.523,1.00,5.00
83.550,12.000,12.000,0.000,2595.378,0.000,0.000,0.000,0.000,0.000,117643.0,4.523,1.00,5.00
83.560,12.000,12.000,0.000,2595.378,0.000,0.000,0.000,0.000,0.000,117643.0,4.523,1.00,5.00
83.580,12.000,12.000,0.000,2595.378,0.000,0.000,0.000,0.000,0.000,117643.0,4.523,1.00,5.00
83.590,12.000,12.000,0.000,2595.378,0.000,0.000,0.000,0.000,0.000,117643.0,4.523,1.00,5.00
83.600,12.000,12.000,0.000,2595.378,0.000,0.000,0.000,0.000,0.000,117643.0,4.523,1.00,5.00
83.610,12.000,12.000,0.000,2595.378,0.000,0.000,0.000,0.000,0.000,117643.0,4.523,1.00,5.00
83.620,12.000,12.000,0.000,2595.378,0.000,0.000,0.000,0.000,0.000,117643.0,4.523,1.00,5.00
83.630,12.000,12.000,0.000,2595.378,0.000,0.000,0.000,0.000,0.000,117643.0,4.523,1.00,5.00
83.640,12.000,12.000,0.000,2595.378,0.000,0.000,0.000,0.000,0.000,117643.0,4.523,1.00,5.00
83.650,12.000,12.000,0.000,2595.378,0.000,0.000,0.000,0.000,0.000,117643.0,4.523,1.00,5.00
83.660,12.000,12.000,0.000,2595.378,0.000,0.000,0.000,0.000,0.000,117643.0,4.523,1.00,5.00
83.670,12.000,12.000,0.000,2595.378,0.000,0.000,0.000,0.000,0.000,117643.0,4.523,1.00,5.00
83.680,12.000,12.010,-0.010,0.000,34.412,0.000,0.000,0.000,0.000,117638.7,4.451,1.00,5.00
83.690,12.000,12.010,-0.010,0.000,1.740,0.000,0.000,0.000,0.000,117634.3,4.379,1.00,5.00
83.700,12.000,12.000,0.000,20237.197,0.000,0.000,0.000,0.000,0.000,117634.3,4.445,1.00,5.00
83.710,12.000,12.000,0.000,2594.931,0.000,0.000,0.000,0.000,0.000,117634.3,4.512,1.00,5.00
83.720,12.000,12.000,0.000,2596.486,0.000,0.000,0.000,0.000,0.000,117651.2,4.548,1.00,5.00
83.730,12.000,12.000,0.000,2596.486,0.000,0.000,0.000,0.000,0.000,117651.2,4.548,1.00,5.00
83.740,12.000,12.000,0.000,2596.486,0.000,0.000,0.000,0.000,0.000,117651.2,4.548,1.00,5.00
83.750,12.000,12.000,0.000,2596.486,0.000,0.000,0.000,0.000,0.000,117651.2,4.548,1.00,5.00
83.760,12.000,12.000,0.000,2596.486,0.000,0.000,0.000,0.000,0.000,117651.2,4.548,1.00,5.00
83.770,12.000,12.000,0.000,2596.486,0.000,0.000,0.000,0.000,0.000,117651.2,4.548,1.00,5.00
83.780,12.000,12.000,0.000,2596.486,0.000,0.000,0.000,0.000,0.000,117651.2,4.548,1.00,5.00
83.790,12.000,12.000,0.000,2596.486,0.000,0.000,0.000,0.000,0.000,117651.2,4.548,1.00,5.00
83.800,12.000,12.000,0.000,2596.486,0.000,0.000,0.000,0.000,0.000,117651.2,4.548,1.00,5.00
83.810,12.000,12.000,0.000,2596.486,0.000,0.000,0.000,0.000,0.000,117651.2,4.548,1.00,5.00
83.820,12.000,12.000,0.000,2596.486,0.000,0.000,0.000,0.000,0.000,117651.2,4.548,1.00,5.00
83.830,12.000,12.000,0.000,2596.486,0.000,0.000,0.000,0.000,0.000,117651.2,4.548,1.00,5.00
83.840,12.000,12.000,0.000,2596.486,0.000,0.000,0.000,0.000,0.000,117651.2,4.548,1.00,5.00
83.850,12.000,12.000,0.000,2596.486,0.000,0.000,0.000,0.000,0.000,117651.2,4.548,1.00,5.00
83.860,12.000,12.000,0.000,2596.486,0.000,0.000,0.000,0.000,0.000,117651.2,4.548,1.00,5.00
83.870,12.000,12.000,0.000,2596.486,0.000,0.000,0.000,0.000,0.000,117651.2,4.548,1.00,5.00
83.880,12.000,12.000,0.000,2596.486,0.000,0.000,0.000,0.000,0.000,117651.2,4.548,1.00,5.00
83.890,12.000,12.000,0.000,2596.486,0.000,0.000,0.000,0.000,0.000,117651.2,4.548,1.00,5.00
83.900,12.000,12.000,0.000,2596.486,0.000,0.000,0.000,0.000,0.000,117651.2,4.548,1.00,5.00
83.910,12.000,12.000,0.000,2596.486,0.000,0.000,0.000,0.000,0.000,117651.2,4.548,1.00,5.00
83.920,12.000,12.000,0.000,2596.486,0.000,0.000,0.000,0.000,0.000,117651.2,4.548,1.00,5.00
83.930,12.000,12.000,0.000,2596.486,0.000,0.000,0.000,0.000,0.000,117651.2,4.548,1.00,5.00
83.940,12.000,12.000,0.000,2596.486,0.000,0.000,0.000,0.000,0.000,117651.2,4.548,1.00,5.00
83.950,12.000,12.000,0.000,2596.486,0.000,0.000,0.000,0.000,0.000,117651.2,4.548,1.00,5.00
83.960,12.000,12.000,0.000,2596.486,0.000,0.000,0.000,0.000,0.000,117651.2,4.548,1.00,5.00
83.970,12.000,12.000,0.000,2596.486,0.000,0.000,0.000,0.000,0.000,117651.2,4.548,1.00,5.00
83.980,12.000,12.000,0.000,2596.486,0.000,0.000,0.000,0.000,0.000,117651.2,4.548,1.00,5.00
83.990,12.000,12.000,0.000,2596.486,0.000,0.000,0.000,0.000,0.000,117651.2,4.548,1.00,5.00
84.000,12.000,12.000,0.000,2596.486,0.000,0.000,0.000,0.000,0.000,117651.2,4.548,1.00,5.00
84.010,12.000,12.000,0.000,2596.486,0.000,0.000,0.000,0.000,0.000,117651.2,4.548,1.00,5.00
84.020,12.000,12.000,0.000,2596.486,0.000,0.000,0.000,0.000,0.000,117651.2,4.548,1.00,5.00
84.030,12.000,12.000,0.000,2596.486,0.000,0.000,0.000,0.000,0.000,117651.2,4.548,1.00,5.00
84.040,12.000,12.000,0.000,2596.486,0.000,0.000,0.000,0.000,0.000,117651.2,4.548,1.00,5.00
84.050,12.000,12.000,0.000,2596.486,0.000,0.000,0.000,0.000,0.000,117651.2,4.548,1.00,5.00
84.060,12.000,12.000,0.000,2596.486,0.000,0.000,0.000,0.000,0.000,117651.2,4.548,1.00,5.00
84.070,12.000,12.000,0.000,2596.486,0.000,0.000,0.000,0.000,0.000,117651.2,4.548,1.00,5.00
84.080,12.000,12.000,0.000,2596.486,0.000,0.000,0.000,0.000,0.000,117651.2,4.548,1.00,5.00
84.090,12.000,12.000,0.000,2596.486,0.000,0.000,0.000,0.000,0.000,117651.2,4.548,1.00,5.00
84.100,12.000,12.000,0.000,2596.486,0.000,0.000,0.000,0.000,0.000,117651.2,4.548,1.00,5.00
84.110,12.000,12.000,0.000,2596.486,0.000,0.000,0.000,0.000,0.000,117651.2,4.548,1.00,5.00
84.120,12.000,12.000,0.000,2596.486,0.000,0.000,0.000,0.000,0.000,117651.2,4.548,1.00,5.00
84.130,12.000,12.000,0.000,2596.486,0.000,0.000,0.000,0.000,0.000,117651.2,4.548,1.00,5.00
84.140,12.000,12.000,0.000,2596.486,0.000,0.000,0.000,0.000,0.000,117651.2,4.548,1.00,5.00
84.150,12.000,12.000,0.000,2596.486,0.000,0.000,0.000,0.000,0.000,117651.2,4.548,1.00,5.00
84.160,12.000,12.000,0.000,2596.486,0.000,0.000,0.000,0.000,0.000,117651.2,4.548,1.00,5.00
84.170,12.000,12.000,0.000,2596.486,0.000,0.000,0.000,0.000,0.000,117651.2,4.548,1.00,5.00
84.180,12.000,12.000,0.000,2596.486,0.000,0.000,0.000,0.000,0.000,117651.2,4.548,1.00,5.00
84.190,12.000,12.000,0.000,2596.486,0.000,0.000,0.000,0.000,0.000,117651.2,4.548,1.00,5.00
84.200,12.000,12.000,0.000,2596.486,0.000,0.000,0.000,0.000,0.000,117651.2,4.548,1.00,5.00
84.210,12.000,12.000,0.000,2596.486,0.000,0.000,0.000,0.000,0.000,117651.2,4.548,1.00,5.00
84.220,12.000,12.000,0.000,2596.486,0.000,0.000,0.000,0.000,0.000,117651.2,4.548,1.00,5.00
84.230,12.000,12.000,0.000,2596.486,0.000,0.000,0.000,0.000,0.000,117651.2,4.548,1.00,5.00
84.240,12.000,12.000,0.000,2596.486,0.000,0.000,0.000,0.000,0.000,117651.2,4.548,1.00,5.00
84.250,12.000,12.000,0.000,2596.486,0.000,0.000,0.000,0.000,0.000,117651.2,4.548,1.00,5.00
84.260,12.000,12.000,0.000,2596.486,0.000,0.000,0.000,0.000,0.000,117651.2,4.548,1.00,5.00
84.270,12.000,12.000,0.000,2596.486,0.000,0.000,0.000,0.000,0.000,117651.2,4.548,1.00,5.00
84.280,12.000,12.000,0.000,2596.486,0.000,0.000,0.000,0.000,0.000,117651.2,4.548,1.00,5.00
84.290,12.000,12.000,0.000,2596.486,0.000,0.000,0.000,0.000,0.000,117651.2,4.548,1.00,5.00
84.300,12.000,12.000,0.000,2596.486,0.000,0.000,0.000,0.000,0.000,117651.2,4.548,1.00,5.00
84.310,12.000,12.000,0.000,2596.486,0.000,0.000,0.000,0.000,0.000,117651.2,4.548,1.00,5.00
84.320,12.000,12.000,0.000,2596.486,0.000,0.000,0.000,0.000,0.000,117651.2,4.548,1.00,5.00
84.330,12.000,12.000,0.000,2596.486,0.000,0.000,0.000,0.000,0.000,117651.2,4.548,1.00,5.00
84.340,12.000,12.000,0.000,2596.486,0.000,0.000,0.000,0.000,0.000,117651.2,4.548,1.00,5.00
84.350,12.000,12.000,0.000,2596.486,0.000,0.000,0.000,0.000,0.000,117651.2,4.548,1.00,5.00
84.360,12.000,12.000,0.000,2596.486,0.000,0.000,0.000,0.000,0.000,117651.2,4.548,1.00,5.00
84.370,12.000,12.010,-0.010,0.000,34.412,0.000,0.000,0.000,0.000,117646.9,4.476,1.00,5.00
84.380,12.000,12.000,0.000,20240.409,0.000,0.000,0.000,0.000,0.000,117646.9,4.476,1.00,5.00
84.390,12.000,12.000,0.000,2596.263,0.000,0.000,0.000,0.000,0.000,117646.9,4.543,1.00,5.00
84.400,12.000,12.000,0.000,2597.818,0.000,0.000,0.000,0.000,0.000,117663.7,4.579,1.00,5.00
84.410,12.000,12.000,0.000,2597.818,0.000,0.000,0.000,0.000,0.000,117663.7,4.579,1.00,5.00
84.420,12.000,12.000,0.000,2597.818,0.000,0.000,0.000,0.000,0.000,117663.7,4.579,1.00,5.00
84.430,12.000,12.000,0.000,2597.818,0.000,0.000,0.000,0.000,0.000,117663.7,4.579,1.00,5.00
84.440,12.000,12.000,0.000,2597.818,0.000,0.000,0.000,0.000,0.000,117663.7,4.579,1.00,5.00
84.450,12.000,12.000,0.000,2597.818,0.000,0.000,0.000,0.000,0.000,117663.7,4.579,1.00,5.00
84.460,12.000,12.010,-0.010,0.000,34.414,0.000,0.000,0.000,0.000,117659.4,4.507,1.00,5.00
84.470,12.000,12.000,0.000,20243.620,0.000,0.000,0.000,0.000,0.000,117659.4,4.507,1.00,5.00
84.480,12.000,12.000,0.000,2597.594,0.000,0.000,0.000,0.000,0.000,117659.4,4.574,1.00,5.00
84.490,12.000,12.000,0.000,2599.149,0.000,0.000,0.000,0.000,0.000,117676.3,4.610,1.00,5.00
84.500,12.000,12.000,0.000,2599.149,0.000,0.000,0.000,0.000,0.000,117676.3,4.610,1.00,5.00
84.510,12.000,12.010,-0.010,0.000,34.416,0.000,0.000,0.000,0.000,117672.0,4.538,1.00,5.00
84.520,12.000,12.010,-0.010,0.000,1.735,0.000,0.000,0.000,0.000,117667.6,4.466,1.00,5.00
84.530,12.000,12.000,0.000,20245.958,0.000,0.000,0.000,0.000,0.000,117667.6,4.533,1.00,5.00
84.540,12.000,12.000,0.000,2598.701,0.000,0.000,0.000,0.000,0.000,117667.6,4.600,1.00,5.00
84.550,12.000,12.000,0.000,2600.256,0.000,0.000,0.000,0.000,0.000,117684.5,4.636,1.00,5.00
84.560,12.000,12.000,0.000,2600.256,0.000,0.000,0.000,0.000,0.000,117684.5,4.636,1.00,5.00
84.570,12.000,12.000,0.000,2600.256,0.000,0.000,0.000,0.000,0.000,117684.5,4.636,1.00,5.00
84.580,12.000,12.000,0.000,2600.256,0.000,0.000,0.000,0.000,0.000,117684.5,4.636,1.00,5.00
84.590,12.000,12.000,0.000,2600.256,0.000,0.000,0.000,0.000,0.000,117684.5,4.636,1.00,5.00
84.600,12.000,12.000,0.000,2600.256,0.000,0.000,0.000,0.000,0.000,117684.5,4.636,1.00,5.00
84.610,12.000,12.000,0.000,2600.256,0.000,0.000,0.000,0.000,0.000,117684.5,4.636,1.00,5.00
84.620,12.000,12.000,0.000,2600.256,0.000,0.000,0.000,0.000,0.000,117684.5,4.636,1.00,5.00
84.630,12.000,12.000,0.000,2600.256,0.000,0.000,0.000,0.000,0.000,117684.5,4.636,1.00,5.00
84.640,12.000,12.000,0.000,2600.256,0.000,0.000,0.000,0.000,0.000,117684.5,4.636,1.00,5.00
84.650,12.000,12.000,0.000,2600.256,0.000,0.000,0.000,0.000,0.000,117684.5,4.636,1.00,5.00
84.660,12.000,12.000,0.000,2600.256,0.000,0.000,0.000,0.000,0.000,117684.5,4.636,1.00,5.00
84.670,12.000,12.000,0.000,2600.256,0.000,0.000,0.000,0.000,0.000,117684.5,4.636,1.00,5.00
84.680,12.000,12.000,0.000,2600.256,0.000,0.000,0.000,0.000,0.000,117684.5,4.636,1.00,5.00
84.690,12.000,12.000,0.000,2600.256,0.000,0.000,0.000,0.000,0.000,117684.5,4.636,1.00,5.00
84.700,12.000,12.000,0.000,2600.256,0.000,0.000,0.000,0.000,0.000,117684.5,4.636,1.00,5.00
84.710,12.000,12.000,0.000,2600.256,0.000,0.000,0.000,0.000,0.000,117684.5,4.636,1.00,5.00
84.720,12.000,12.000,0.000,2600.256,0.000,0.000,0.000,0.000,0.000,117684.5,4.636,1.00,5.00
84.730,12.000,12.000,0.000,2600.256,0.000,0.000,0.000,0.000,0.000,117684.5,4.636,1.00,5.00
84.740,12.000,12.000,0.000,2600.256,0.000,0.000,0.000,0.000,0.000,117684.5,4.636,1.00,5.00
84.750,12.000,12.000,0.000,2600.256,0.000,0.000,0.000,0.000,0.000,117684.5,4.636,1.00,5.00
84.760,12.000,12.000,0.000,2600.256,0.000,0.000,0.000,0.000,0.000,117684.5,4.636,1.00,5.00
84.770,12.000,12.000,0.000,2600.256,0.000,0.000,0.000,0.000,0.000,117684.5,4.636,1.00,5.00
84.780,12.000,12.000,0.000,2600.256,0.000,0.000,0.000,0.000,0.000,117684.5,4.636,1.00,5.00
84.790,12.000,12.000,0.000,2600.256,0.000,0.000,0.000,0.000,0.000,117684.5,4.636,1.00,5.00
84.800,12.000,12.000,0.000,2600.256,0.000,0.000,0.000,0.000,0.000,117684.5,4.636,1.00,5.00
84.810,12.000,12.000,0.000,2600.256,0.000,0.000,0.000,0.000,0.000,117684.5,4.636,1.00,5.00
84.820,12.000,12.000,0.000,2600.256,0.000,0.000,0.000,0.000,0.000,117684.5,4.636,1.00,5.00
84.830,12.000,12.000,0.000,2600.256,0.000,0.000,0.000,0.000,0.000,117684.5,4.636,1.00,5.00
84.840,12.000,12.000,0.000,2600.256,0.000,0.000,0.000,0.000,0.000,117684.5,4.636,1.00,5.00
84.850,12.000,12.000,0.000,2600.256,0.000,0.000,0.000,0.000,0.000,117684.5,4.636,1.00,5.00
84.860,12.000,12.000,0.000,2600.256,0.000,0.000,0.000,0.000,0.000,117684.5,4.636,1.00,5.00
84.870,12.000,12.000,0.000,2600.256,0.000,0.000,0.000,0.000,0.000,117684.5,4.636,1.00,5.00
84.880,12.000,12.000,0.000,2600.256,0.000,0.000,0.000,0.000,0.000,117684.5,4.636,1.00,5.00
84.890,12.000,12.000,0.000,2600.256,0.000,0.000,0.000,0.000,0.000,117684.5,4.636,1.00,5.00
84.900,12.000,12.000,0.000,2600.256,0.000,0.000,0.000,0.000,0.000,117684.5,4.636,1.00,5.00
84.910,12.000,12.000,0.000,2600.256,0.000,0.000,0.000,0.000,0.000,117684.5,4.636,1.00,5.00
84.920,12.000,12.000,0.000,2600.256,0.000,0.000,0.000,0.000,0.000,117684.5,4.636,1.00,5.00
84.930,12.000,12.000,0.000,2600.256,0.000,0.000,0.000,0.000,0.000,117684.5,4.636,1.00,5.00
84.940,12.000,12.000,0.000,2600.256,0.000,0.000,0.000,0.000,0.000,117684.5,4.636,1.00,5.00
84.950,12.000,12.000,0.000,2600.256,0.000,0.000,0.000,0.000,0.000,117684.5,4.636,1.00,5.00
84.960,12.000,12.000,0.000,2600.256,0.000,0.000,0.000,0.000,0.000,117684.5,4.636,1.00,5.00
84.970,12.000,12.000,0.000,2600.256,0.000,0.000,0.000,0.000,0.000,117684.5,4.636,1.00,5.00
84.980,12.000,12.000,0.000,2600.256,0.000,0.000,0.000,0.000,0.000,117684.5,4.636,1.00,5.00
84.990,12.000,12.000,0.000,2600.256,0.000,0.000,0.000,0.000,0.000,117684.5,4.636,1.00,5.00
85.000,12.000,12.000,0.000,2600.256,0.000,0.000,0.000,0.000,0.000,117684.5,4.636,1.00,-5.00
85.010,12.000,12.000,0.000,2600.256,0.000,0.000,0.000,0.000,0.000,117684.5,4.636,1.00,-5.00
85.020,12.000,12.000,0.000,2600.256,0.000,0.000,0.000,0.000,0.000,117684.5,4.636,1.00,-5.00
85.030,12.000,12.000,0.000,2600.256,0.000,0.000,0.000,0.000,0.000,117684.5,4.636,1.00,-5.00
85.040,12.000,12.000,0.000,2600.256,0.000,0.000,0.000,0.000,0.000,117684.5,4.636,1.00,-5.00
85.050,12.000,12.000,0.000,2600.256,0.000,0.000,0.000,0.000,0.000,117684.5,4.636,1.00,-5.00
85.060,12.000,12.000,0.000,2600.256,0.000,0.000,0.000,0.000,0.000,117684.5,4.636,1.00,-5.00
85.070,12.000,12.000,0.000,2600.256,0.000,0.000,0.000,0.000,0.000,117684.5,4.636,1.00,-5.00
85.080,12.000,12.000,0.000,2600.256,0.000,0.000,0.000,0.000,0.000,117684.5,4.636,1.00,-5.00
85.090,12.000,12.000,0.000,2600.256,0.000,0.000,0.000,0.000,0.000,117684.5,4.636,1.00,-5.00
85.100,12.000,12.000,0.000,2600.256,0.000,0.000,0.000,0.000,0.000,117684.5,4.636,1.00,-5.00
85.110,12.000,12.000,0.000,2600.256,0.000,0.000,0.000,0.000,0.000,117684.5,4.636,1.00,-5.00
85.120,12.000,12.000,0.000,2600.256,0.000,0.000,0.000,0.000,0.000,117684.5,4.636,1.00,-5.00
85.130,12.000,12.000,0.000,2600.256,0.000,0.000,0.000,0.000,0.000,117684.5,4.636,1.00,-5.00
85.140,12.000,12.000,0.000,2600.256,0.000,0.000,0.000,0.000,0.000,117684.5,4.636,1.00,-5.00
85.150,12.000,12.000,0.000,2600.256,0.000,0.000,0.000,0.000,0.000,117684.5,4.636,1.00,-5.00
85.160,12.000,12.000,0.000,2600.256,0.000,0.000,0.000,0.000,0.000,117684.5,4.636,1.00,-5.00
85.170,12.000,12.000,0.000,2600.256,0.000,0.000,0.000,0.000,0.000,117684.5,4.636,1.00,-5.00
85.180,12.000,12.000,0.000,2600.256,0.000,0.000,0.000,0.000,0.000,117684.5,4.636,1.00,-5.00
85.190,12.000,12.000,0.000,2600.256,0.000,0.000,0.000,0.000,0.000,117684.5,4.636,1.00,-5.00
85.200,12.000,12.000,0.000,2600.256,0.000,0.000,0.000,0.000,0.000,117684.5,4.636,1.00,-5.00
85.210,12.000,12.000,0.000,2600.256,0.000,0.000,0.000,0.000,0.000,117684.5,4.636,1.00,-5.00
85.220,12.000,12.010,-0.010,0.000,34.417,0.000,0.000,0.000,0.000,117680.2,4.564,1.00,-5.00
85.230,12.000,12.000,0.000,20249.170,0.000,0.000,0.000,0.000,0.000,117680.2,4.564,1.00,-5.00
85.240,12.000,12.000,0.000,2600.032,0.000,0.000,0.000,0.000,0.000,117680.2,4.630,1.00,-5.00
85.250,12.000,12.000,0.000,2601.587,0.000,0.000,0.000,0.000,0.000,117697.0,4.666,1.00,-5.00
85.260,12.000,12.000,0.000,2601.587,0.000,0.000,0.000,0.000,0.000,117697.0,4.666,1.00,-5.00
85.270,12.000,12.000,0.000,2601.587,0.000,0.000,0.000,0.000,0.000,117697.0,4.666,1.00,-5.00
85.280,12.000,12.010,-0.010,0.000,34.418,0.000,0.000,0.000,0.000,117692.7,4.594,1.00,-5.00
85.290,12.000,12.010,-0.010,0.000,1.731,0.000,0.000,0.000,0.000,117688.4,4.522,1.00,-5.00
85.300,12.000,12.000,0.000,20251.507,0.000,0.000,0.000,0.000,0.000,117688.4,4.589,1.00,-5.00
85.310,12.000,12.000,0.000,2601.140,0.000,0.000,0.000,0.000,0.000,117688.4,4.656,1.00,-5.00
85.320,12.000,12.000,0.000,2602.695,0.000,0.000,0.000,0.000,0.000,117705.2,4.692,1.00,-5.00
85.330,12.000,12.000,0.000,2602.694,0.000,0.000,0.000,0.000,0.000,117705.2,4.692,1.00,-5.00
85.340,12.000,12.000,0.000,2602.694,0.000,0.000,0.000,0.000,0.000,117705.2,4.692,1.00,-5.00
85.350,12.000,12.000,0.000,2602.694,0.000,0.000,0.000,0.000,0.000,117705.2,4.692,1.00,-5.00
85.360,12.000,12.000,0.000,2602.694,0.000,0.000,0.000,0.000,0.000,117705.2,4.692,1.00,-5.00
85.370,12.000,12.000,0.000,2602.694,0.000,0.000,0.000,0.000,0.000,117705.2,4.692,1.00,-5.00
85.380,12.000,12.000,0.000,2602.694,0.000,0.000,0.000,0.000,0.000,117705.2,4.692,1.00,-5.00
85.390,12.000,12.000,0.000,2602.694,0.000,0.000,0.000,0.000,0.000,117705.2,4.692,1.00,-5.00
85.400,12.000,12.000,0.000,2602.694,0.000,0.000,0.000,0.000,0.000,117705.2,4.692,1.00,-5.00
85.410,12.000,12.000,0.000,2602.694,0.000,0.000,0.000,0.000,0.000,117705.2,4.692,1.00,-5.00
85.420,12.000,12.000,0.000,2602.694,0.000,0.000,0.000,0.000,0.000,117705.2,4.692,1.00,-5.00
85.430,12.000,12.000,0.000,2602.694,0.000,0.000,0.000,0.000,0.000,117705.2,4.692,1.00,-5.00
85.440,12.000,12.000,0.000,2602.694,0.000,0.000,0.000,0.000,0.000,117705.2,4.692,1.00,-5.00
85.450,12.000,12.000,0.000,2602.694,0.000,0.000,0.000,0.000,0.000,117705.2,4.692,1.00,-5.00
85.460,12.000,12.000,0.000,2602.694,0.000,0.000,0.000,0.000,0.000,117705.2,4.692,1.00,-5.00
85.470,12.000,12.000,0.000,2602.694,0.000,0.000,0.000,0.000,0.000,117705.2,4.692,1.00,-5.00
85.480,12.000,12.000,0.000,2602.694,0.000,0.000,0.000,0.000,0.000,117705.2,4.692,1.00,-5.00
85.490,12.000,12.000,0.000,2602.694,0.000,0.000,0.000,0.000,0.000,117705.2,4.692,1.00,-5.00
85.500,12.000,12.000,0.000,2602.694,0.000,0.000,0.000,0.000,0.000,117705.2,4.692,1.00,-5.00
85.510,12.000,12.000,0.000,2602.694,0.000,0.000,0.000,0.000,0.000,117705.2,4.692,1.00,-5.00
85.520,12.000,12.000,0.000,2602.694,0.000,0.000,0.000,0.000,0.000,117705.2,4.692,1.00,-5.00
85.530,12.000,12.000,0.000,2602.694,0.000,0.000,0.000,0.000,0.000,117705.2,4.692,1.00,-5.00
85.540,12.000,12.000,0.000,2602.694,0.000,0.000,0.000,0.000,0.000,117705.2,4.692,1.00,-5.00
85.550,12.000,12.000,0.000,2602.694,0.000,0.000,0.000,0.000,0.000,117705.2,4.692,1.00,-5.00
85.560,12.000,12.000,0.000,2602.694,0.000,0.000,0.000,0.000,0.000,117705.2,4.692,1.00,-5.00
85.570,12.000,12.000,0.000,2602.694,0.000,0.000,0.000,0.000,0.000,117705.2,4.692,1.00,-5.00
85.580,12.000,12.000,0.000,2602.694,0.000,0.000,0.000,0.000,0.000,117705.2,4.692,1.00,-5.00
85.590,12.000,12.000,0.000,2602.694,0.000,0.000,0.000,0.000,0.000,117705.2,4.692,1.00,-5.00
85.600,12.000,12.000,0.000,2602.694,0.000,0.000,0.000,0.000,0.000,117705.2,4.692,1.00,-5.00
85.610,12.000,12.000,0.000,2602.694,0.000,0.000,0.000,0.000,0.000,117705.2,4.692,1.00,-5.00
85.620,12.000,12.000,0.000,2602.694,0.000,0.000,0.000,0.000,0.000,117705.2,4.692,1.00,-5.00
85.630,12.000,12.000,0.000,2602.694,0.000,0.000,0.000,0.000,0.000,117705.2,4.692,1.00,-5.00
85.640,12.000,12.000,0.000,2602.694,0.000,0.000,0.000,0.000,0.000,117705.2,4.692,1.00,-5.00
85.650,12.000,12.000,0.000,2602.694,0.000,0.000,0.000,0.000,0.000,117705.2,4.692,1.00,-5.00
85.660,12.000,12.000,0.000,2602.694,0.000,0.000,0.000,0.000,0.000,117705.2,4.692,1.00,-5.00
85.670,12.000,12.000,0.000,2602.694,0.000,0.000,0.000,0.000,0.000,117705.2,4.692,1.00,-5.00
85.680,12.000,12.000,0.000,2602.694,0.000,0.000,0.000,0.000,0.000,117705.2,4.692,1.00,-5.00
85.690,12.000,12.000,0.000,2602.694,0.000,0.000,0.000,0.000,0.000,117705.2,4.692,1.00,-5.00
85.700,12.000,12.000,0.000,2602.694,0.000,0.000,0.000,0.000,0.000,117705.2,4.692,1.00,-5.00
85.710,12.000,12.000,0.000,2602.694,0.000,0.000,0.000,0.000,0.000,117705.2,4.692,1.00,-5.00
85.720,12.000,12.000,0.000,2602.694,0.000,0.000,0.000,0.000,0.000,117705.2,4.692,1.00,-5.00
85.730,12.000,12.000,0.000,2602.694,0.000,0.000,0.000,0.000,0.000,117705.2,4.692,1.00,-5.00
85.740,12.000,12.000,0.000,2602.694,0.000,0.000,0.000,0.000,0.000,117705.2,4.692,1.00,-5.00
85.750,12.000,12.000,0.000,2602.694,0.000,0.000,0.000,0.000,0.000,117705.2,4.692,1.00,-5.00
85.760,12.000,12.000,0.000,2602.694,0.000,0.000,0.000,0.000,0.000,117705.2,4.692,1.00,-5.00
85.770,12.000,12.000,0.000,2602.694,0.000,0.000,0.000,0.000,0.000,117705.2,4.692,1.00,-5.00
85.780,12.000,12.000,0.000,2602.694,0.000,0.000,0.000,0.000,0.000,117705.2,4.692,1.00,-5.00
85.790,12.000,12.000,0.000,2602.694,0.000,0.000,0.000,0.000,0.000,117705.2,4.692,1.00,-5.00
85.800,12.000,12.000,0.000,2602.694,0.000,0.000,0.000,0.000,0.000,117705.2,4.692,1.00,-5.00
85.810,12.000,12.000,0.000,2602.694,0.000,0.000,0.000,0.000,0.000,117705.2,4.692,1.00,-5.00
85.820,12.000,12.000,0.000,2602.694,0.000,0.000,0.000,0.000,0.000,117705.2,4.692,1.00,-5.00
85.830,12.000,12.000,0.000,2602.694,0.000,0.000,0.000,0.000,0.000,117705.2,4.692,1.00,-5.00
85.840,12.000,12.000,0.000,2602.694,0.000,0.000,0.000,0.000,0.000,117705.2,4.692,1.00,-5.00
85.850,12.000,12.000,0.000,2602.694,0.000,0.000,0.000,0.000,0.000,117705.2,4.692,1.00,-5.00
85.860,12.000,12.000,0.000,2602.694,0.000,0.000,0.000,0.000,0.000,117705.2,4.692,1.00,-5.00
85.870,12.000,12.000,0.000,2602.694,0.000,0.000,0.000,0.000,0.000,117705.2,4.692,1.00,-5.00
85.880,12.000,12.000,0.000,2602.694,0.000,0.000,0.000,0.000,0.000,117705.2,4.692,1.00,-5.00
85.890,12.000,12.000,0.000,2602.694,0.000,0.000,0.000,0.000,0.000,117705.2,4.692,1.00,-5.00
85.900,12.000,12.000,0.000,2602.694,0.000,0.000,0.000,0.000,0.000,117705.2,4.692,1.00,-5.00
85.910,12.000,12.000,0.000,2602.694,0.000,0.000,0.000,0.000,0.000,117705.2,4.692,1.00,-5.00
85.920,12.000,12.000,0.000,2602.694,0.000,0.000,0.000,0.000,0.000,117705.2,4.692,1.00,-5.00
85.930,12.000,12.000,0.000,2602.694,0.000,0.000,0.000,0.000,0.000,117705.2,4.692,1.00,-5.00
85.940,12.000,12.000,0.000,2602.694,0.000,0.000,0.000,0.000,0.000,117705.2,4.692,1.00,-5.00
85.950,12.000,12.000,0.000,2602.694,0.000,0.000,0.000,0.000,0.000,117705.2,4.692,1.00,-5.00
85.960,12.000,12.000,0.000,2602.694,0.000,0.000,0.000,0.000,0.000,117705.2,4.692,1.00,-5.00
85.970,12.000,12.010,-0.010,0.000,34.419,0.000,0.000,0.000,0.000,117700.9,4.620,1.00,-5.00
85.980,12.000,12.000,0.000,20254.718,0.000,0.000,0.000,0.000,0.000,117700.9,4.620,1.00,-5.00
85.990,12.000,12.000,0.000,2602.470,0.000,0.000,0.000,0.000,0.000,117700.9,4.687,1.00,-5.00
86.000,12.000,12.000,0.000,2604.025,0.000,0.000,0.000,0.000,0.000,117717.8,4.723,1.00,-5.00
86.010,12.000,12.000,0.000,2604.025,0.000,0.000,0.000,0.000,0.000,117717.8,4.723,1.00,-5.00
86.020,12.000,12.000,0.000,2604.025,0.000,0.000,0.000,0.000,0.000,117717.8,4.723,1.00,-5.00
86.030,12.000,12.000,0.000,2604.025,0.000,0.000,0.000,0.000,0.000,117717.8,4.723,1.00,-5.00
86.040,12.000,12.010,-0.010,0.000,34.421,0.000,0.000,0.000,0.000,117713.4,4.651,1.00,-5.00
86.050,12.000,12.010,-0.010,0.000,1.728,0.000,0.000,0.000,0.000,117709.1,4.579,1.00,-5.00
86.060,12.000,12.000,0.000,20257.054,0.000,0.000,0.000,0.000,0.000,117709.1,4.646,1.00,-5.00
86.070,12.000,12.000,0.000,2603.577,0.000,0.000,0.000,0.000,0.000,117709.1,4.712,1.00,-5.00
86.080,12.000,12.000,0.000,2605.132,0.000,0.000,0.000,0.000,0.000,117726.0,4.748,1.00,-5.00
86.090,12.000,12.000,0.000,2605.132,0.000,0.000,0.000,0.000,0.000,117726.0,4.748,1.00,-5.00
86.100,12.000,12.000,0.000,2605.132,0.000,0.000,0.000,0.000,0.000,117726.0,4.748,1.00,-5.00
86.110,12.000,12.000,0.000,2605.132,0.000,0.000,0.000,0.000,0.000,117726.0,4.748,1.00,-5.00
86.120,12.000,12.000,0.000,2605.132,0.000,0.000,0.000,0.000,0.000,117726.0,4.748,1.00,-5.00
86.130,12.000,12.000,0.000,2605.132,0.000,0.000,0.000,0.000,0.000,117726.0,4.748,1.00,-5.00
86.140,12.000,12.000,0.000,2605.132,0.000,0.000,0.000,0.000,0.000,117726.0,4.748,1.00,-5.00
86.150,12.000,12.000,0.000,2605.132,0.000,0.000,0.000,0.000,0.000,117726.0,4.748,1.00,-5.00
86.160,12.000,12.000,0.000,2605.132,0.000,0.000,0.000,0.000,0.000,117726.0,4.748,1.00,-5.00
86.170,12.000,12.000,0.000,2605.132,0.000,0.000,0.000,0.000,0.000,117726.0,4.748,1.00,-5.00
86.180,12.000,12.000,0.000,2605.132,0.000,0.000,0.000,0.000,0.000,117726.0,4.748,1.00,-5.00
86.190,12.000,12.000,0.000,2605.132,0.000,0.000,0.000,0.000,0.000,117726.0,4.748,1.00,-5.00
86.200,12.000,12.000,0.000,2605.132,0.000,0.000,0.000,0.000,0.000,117726.0,4.748,1.00,-5.00
86.210,12.000,12.000,0.000,2605.132,0.000,0.000,0.000,0.000,0.000,117726.0,4.748,1.00,-5.00
86.220,12.000,12.000,0.000,2605.132,0.000,0.000,0.000,0.000,0.000,117726.0,4.748,1.00,-5.00
86.230,12.000,12.000,0.000,2605.132,0.000,0.000,0.000,0.000,0.000,117726.0,4.748,1.00,-5.00
86.240,12.000,12.000,0.000,2605.132,0.000,0.000,0.000,0.000,0.000,117726.0,4.748,1.00,-5.00
86.250,12.000,12.000,0.000,2605.132,0.000,0.000,0.000,0.000,0.000,117726.0,4.748,1.00,-5.00
86.260,12.000,12.000,0.000,2605.132,0.000,0.000,0.000,0.000,0.000,117726.0,4.748,1.00,-5.00
86.270,12.000,12.000,0.000,2605.132,0.000,0.000,0.000,0.000,0.000,117726.0,4.748,1.00,-5.00
86.280,12.000,12.000,0.000,2605.132,0.000,0.000,0.000,0.000,0.000,117726.0,4.748,1.00,-5.00
86.290,12.000,12.000,0.000,2605.132,0.000,0.000,0.000,0.000,0.000,117726.0,4.748,1.00,-5.00
86.300,12.000,12.000,0.000,2605.132,0.000,0.000,0.000,0.000,0.000,117726.0,4.748,1.00,-5.00
86.310,12.000,12.000,0.000,2605.132,0.000,0.000,0.000,0.000,0.000,117726.0,4.748,1.00,-5.00
86.320,12.000,12.000,0.000,2605.132,0.000,0.000,0.000,0.000,0.000,117726.0,4.748,1.00,-5.00
86.330,12.000,12.000,0.000,2605.132,0.000,0.000,0.000,0.000,0.000,117726.0,4.748,1.00,-5.00
86.340,12.000,12.000,0.000,2605.132,0.000,0.000,0.000,0.000,0.000,117726.0,4.748,1.00,-5.00
86.350,12.000,12.000,0.000,2605.132,0.000,0.000,0.000,0.000,0.000,117726.0,4.748,1.00,-5.00
86.360,12.000,12.000,0.000,2605.132,0.000,0.000,0.000,0.000,0.000,117726.0,4.748,1.00,-5.00
86.370,12.000,12.000,0.000,2605.132,0.000,0.000,0.000,0.000,0.000,117726.0,4.748,1.00,-5.00
86.380,12.000,12.000,0.000,2605.132,0.000,0.000,0.000,0.000,0.000,117726.0,4.748,1.00,-5.00
86.390,12.000,12.000,0.000,2605.132,0.000,0.000,0.000,0.000,0.000,117726.0,4.748,1.00,-5.00
86.400,12.000,12.000,0.000,2605.132,0.000,0.000,0.000,0.000,0.000,117726.0,4.748,1.00,-5.00
86.410,12.000,12.000,0.000,2605.132,0.000,0.000,0.000,0.000,0.000,117726.0,4.748,1.00,-5.00
86.420,12.000,12.000,0.000,2605.132,0.000,0.000,0.000,0.000,0.000,117726.0,4.748,1.00,-5.00
86.430,12.000,12.000,0.000,2605.132,0.000,0.000,0.000,0.000,0.000,117726.0,4.748,1.00,-5.00
86.440,12.000,12.000,0.000,2605.132,0.000,0.000,0.000,0.000,0.000,117726.0,4.748,1.00,-5.00
86.450,12.000,12.000,0.000,2605.132,0.000,0.000,0.000,0.000,0.000,117726.0,4.748,1.00,-5.00
86.460,12.000,12.000,0.000,2605.132,0.000,0.000,0.000,0.000,0.000,117726.0,4.748,1.00,-5.00
86.470,12.000,12.000,0.000,2605.132,0.000,0.000,0.000,0.000,0.000,117726.0,4.748,1.00,-5.00
86.480,12.000,12.000,0.000,2605.132,0.000,0.000,0.000,0.000,0.000,117726.0,4.748,1.00,-5.00
86.490,12.000,12.000,0.000,2605.132,0.000,0.000,0.000,0.000,0.000,117726.0,4.748,1.00,-5.00
86.500,12.000,12.000,0.000,2605.132,0.000,0.000,0.000,0.000,0.000,117726.0,4.748,1.00,-5.00
86.510,12.000,12.000,0.000,2605.132,0.000,0.000,0.000,0.000,0.000,117726.0,4.748,1.00,-5.00
86.520,12.000,12.000,0.000,2605.132,0.000,0.000,0.000,0.000,0.000,117726.0,4.748,1.00,-5.00
86.530,12.000,12.000,0.000,2605.132,0.000,0.000,0.000,0.000,0.000,117726.0,4.748,1.00,-5.00
86.540,12.000,12.000,0.000,2605.132,0.000,0.000,0.000,0.000,0.000,117726.0,4.748,1.00,-5.00
86.550,12.000,12.000,0.000,2605.132,0.000,0.000,0.000,0.000,0.000,117726.0,4.748,1.00,-5.00
86.560,12.000,12.000,0.000,2605.132,0.000,0.000,0.000,0.000,0.000,117726.0,4.748,1.00,-5.00
86.570,12.000,12.000,0.000,2605.132,0.000,0.000,0.000,0.000,0.000,117726.0,4.748,1.00,-5.00
86.580,12.000,12.000,0.000,2605.132,0.000,0.000,0.000,0.000,0.000,117726.0,4.748,1.00,-5.00
86.590,12.000,12.000,0.000,2605.132,0.000,0.000,0.000,0.000,0.000,117726.0,4.748,1.00,-5.00
86.600,12.000,12.000,0.000,2605.132,0.000,0.000,0.000,0.000,0.000,117726.0,4.748,1.00,-5.00
86.610,12.000,12.000,0.000,2605.132,0.000,0.000,0.000,0.000,0.000,117726.0,4.748,1.00,-5.00
86.620,12.000,12.000,0.000,2605.132,0.000,0.000,0.000,0.000,0.000,117726.0,4.748,1.00,-5.00
86.630,12.000,12.000,0.000,2605.132,0.000,0.000,0.000,0.000,0.000,117726.0,4.748,1.00,-5.00
86.640,12.000,12.000,0.000,2605.132,0.000,0.000,0.000,0.000,0.000,117726.0,4.748,1.00,-5.00
86.650,12.000,12.000,0.000,2605.132,0.000,0.000,0.000,0.000,0.000,117726.0,4.748,1.00,-5.00
86.660,12.000,12.000,0.000,2605.132,0.000,0.000,0.000,0.000,0.000,117726.0,4.748,1.00,-5.00
86.670,12.000,12.000,0.000,2605.132,0.000,0.000,0.000,0.000,0.000,117726.0,4.748,1.00,-5.00
86.680,12.000,12.000,0.000,2605.132,0.000,0.000,0.000,0.000,0.000,117726.0,4.748,1.00,-5.00
86.690,12.000,12.000,0.000,2605.132,0.000,0.000,0.000,0.000,0.000,117726.0,4.748,1.00,-5.00
86.700,12.000,12.000,0.000,2605.132,0.000,0.000,0.000,0.000,0.000,117726.0,4.748,1.00,-5.00
86.710,12.000,12.010,-0.010,0.000,34.421,0.000,0.000,0.000,0.000,117721.6,4.676,1.00,-5.00
86.720,12.000,12.010,-0.010,0.000,1.726,0.000,0.000,0.000,0.000,117717.3,4.604,1.00,-5.00
86.730,12.000,12.000,0.000,20259.390,0.000,0.000,0.000,0.000,0.000,117717.3,4.671,1.00,-5.00
86.740,12.000,12.000,0.000,2604.684,0.000,0.000,0.000,0.000,0.000,117717.3,4.738,1.00,-5.00
86.750,12.000,12.000,0.000,2606.239,0.000,0.000,0.000,0.000,0.000,117734.2,4.774,1.00,-5.00
86.760,12.000,12.000,0.000,2606.239,0.000,0.000,0.000,0.000,0.000,117734.2,4.774,1.00,-5.00
86.770,12.000,12.000,0.000,2606.239,0.000,0.000,0.000,0.000,0.000,117734.2,4.774,1.00,-5.00
86.780,12.000,12.000,0.000,2606.239,0.000,0.000,0.000,0.000,0.000,117734.2,4.774,1.00,-5.00
86.790,12.000,12.000,0.000,2606.239,0.000,0.000,0.000,0.000,0.000,117734.2,4.774,1.00,-5.00
86.800,12.000,12.000,0.000,2606.239,0.000,0.000,0.000,0.000,0.000,117734.2,4.774,1.00,-5.00
86.810,12.000,12.000,0.000,2606.239,0.000,0.000,0.000,0.000,0.000,117734.2,4.774,1.00,-5.00
86.820,12.000,12.000,0.000,2606.239,0.000,0.000,0.000,0.000,0.000,117734.2,4.774,1.00,-5.00
86.830,12.000,12.000,0.000,2606.239,0.000,0.000,0.000,0.000,0.000,117734.2,4.774,1.00,-5.00
86.840,12.000,12.000,0.000,2606.239,0.000,0.000,0.000,0.000,0.000,117734.2,4.774,1.00,-5.00
86.850,12.000,12.000,0.000,2606.239,0.000,0.000,0.000,0.000,0.000,117734.2,4.774,1.00,-5.00
86.860,12.000,12.000,0.000,2606.239,0.000,0.000,0.000,0.000,0.000,117734.2,4.774,1.00,-5.00
86.870,12.000,12.000,0.000,2606.239,0.000,0.000,0.000,0.000,0.000,117734.2,4.774,1.00,-5.00
86.880,12.000,12.000,0.000,2606.239,0.000,0.000,0.000,0.000,0.000,117734.2,4.774,1.00,-5.00
86.890,12.000,12.000,0.000,2606.239,0.000,0.000,0.000,0.000,0.000,117734.2,4.774,1.00,-5.00
86.900,12.000,12.000,0.000,2606.239,0.000,0.000,0.000,0.000,0.000,117734.2,4.774,1.00,-5.00
86.910,12.000,12.000,0.000,2606.239,0.000,0.000,0.000,0.000,0.000,117734.2,4.774,1.00,-5.00
86.920,12.000,12.000,0.000,2606.239,0.000,0.000,0.000,0.000,0.000,117734.2,4.774,1.00,-5.00
86.930,12.000,12.000,0.000,2606.239,0.000,0.000,0.000,0.000,0.000,117734.2,4.774,1.00,-5.00
86.940,12.000,12.000,0.000,2606.239,0.000,0.000,0.000,0.000,0.000,117734.2,4.774,1.00,-5.00
86.950,12.000,12.000,0.000,2606.239,0.000,0.000,0.000,0.000,0.000,117734.2,4.774,1.00,-5.00
86.960,12.000,12.000,0.000,2606.239,0.000,0.000,0.000,0.000,0.000,117734.2,4.774,1.00,-5.00
86.970,12.000,12.000,0.000,2606.239,0.000,0.000,0.000,0.000,0.000,117734.2,4.774,1.00,-5.00
86.980,12.000,12.000,0.000,2606.239,0.000,0.000,0.000,0.000,0.000,117734.2,4.774,1.00,-5.00
86.990,12.000,12.000,0.000,2606.239,0.000,0.000,0.000,0.000,0.000,117734.2,4.774,1.00,-5.00
87.000,12.000,12.000,0.000,2606.239,0.000,0.000,0.000,0.000,0.000,117734.2,4.774,1.00,-5.00
87.010,12.000,12.000,0.000,2606.239,0.000,0.000,0.000,0.000,0.000,117734.2,4.774,1.00,-5.00
87.020,12.000,12.000,0.000,2606.239,0.000,0.000,0.000,0.000,0.000,117734.2,4.774,1.00,-5.00
87.030,12.000,12.000,0.000,2606.239,0.000,0.000,0.000,0.000,0.000,117734.2,4.774,1.00,-5.00
87.040,12.000,12.000,0.000,2606.239,0.000,0.000,0.000,0.000,0.000,117734.2,4.774,1.00,-5.00
87.050,12.000,12.000,0.000,2606.239,0.000,0.000,0.000,0.000,0.000,117734.2,4.774,1.00,-5.00
87.060,12.000,12.000,0.000,2606.239,0.000,0.000,0.000,0.000,0.000,117734.2,4.774,1.00,-5.00
87.070,12.000,12.000,0.000,2606.239,0.000,0.000,0.000,0.000,0.000,117734.2,4.774,1.00,-5.00
87.080,12.000,12.000,0.000,2606.239,0.000,0.000,0.000,0.000,0.000,117734.2,4.774,1.00,-5.00
87.090,12.000,12.000,0.000,2606.239,0.000,0.000,0.000,0.000,0.000,117734.2,4.774,1.00,-5.00
87.100,12.000,12.000,0.000,2606.239,0.000,0.000,0.000,0.000,0.000,117734.2,4.774,1.00,-5.00
87.110,12.000,12.000,0.000,2606.239,0.000,0.000,0.000,0.000,0.000,117734.2,4.774,1.00,-5.00
87.120,12.000,12.000,0.000,2606.239,0.000,0.000,0.000,0.000,0.000,117734.2,4.774,1.00,-5.00
87.130,12.000,12.000,0.000,2606.239,0.000,0.000,0.000,0.000,0.000,117734.2,4.774,1.00,-5.00
87.140,12.000,12.000,0.000,2606.239,0.000,0.000,0.000,0.000,0.000,117734.2,4.774,1.00,-5.00
87.150,12.000,12.000,0.000,2606.239,0.000,0.000,0.000,0.000,0.000,117734.2,4.774,1.00,-5.00
87.160,12.000,12.000,0.000,2606.239,0.000,0.000,0.000,0.000,0.000,117734.2,4.774,1.00,-5.00
87.170,12.000,12.000,0.000,2606.239,0.000,0.000,0.000,0.000,0.000,117734.2,4.774,1.00,-5.00
87.180,12.000,12.000,0.000,2606.239,0.000,0.000,0.000,0.000,0.000,117734.2,4.774,1.00,-5.00
87.190,12.000,12.000,0.000,2606.239,0.000,0.000,0.000,0.000,0.000,117734.2,4.774,1.00,-5.00
87.200,12.000,12.000,0.000,2606.239,0.000,0.000,0.000,0.000,0.000,117734.2,4.774,1.00,-5.00
87.210,12.000,12.000,0.000,2606.239,0.000,0.000,0.000,0.000,0.000,117734.2,4.774,1.00,-5.00
87.220,12.000,12.000,0.000,2606.239,0.000,0.000,0.000,0.000,0.000,117734.2,4.774,1.00,-5.00
87.230,12.000,12.000,0.000,2606.239,0.000,0.000,0.000,0.000,0.000,117734.2,4.774,1.00,-5.00
87.240,12.000,12.000,0.000,2606.239,0.000,0.000,0.000,0.000,0.000,117734.2,4.774,1.00,-5.00
87.250,12.000,12.000,0.000,2606.239,0.000,0.000,0.000,0.000,0.000,117734.2,4.774,1.00,-5.00
87.260,12.000,12.000,0.000,2606.239,0.000,0.000,0.000,0.000,0.000,117734.2,4.774,1.00,-5.00
87.270,12.000,12.000,0.000,2606.239,0.000,0.000,0.000,0.000,0.000,117734.2,4.774,1.00,-5.00
87.280,12.000,12.000,0.000,2606.239,0.000,0.000,0.000,0.000,0.000,117734.2,4.774,1.00,-5.00
87.290,12.000,12.000,0.000,2606.239,0.000,0.000,0.000,0.000,0.000,117734.2,4.774,1.00,-5.00
87.300,12.000,12.000,0.000,2606.239,0.000,0.000,0.000,0.000,0.000,117734.2,4.774,1.00,-5.00
87.310,12.000,12.000,0.000,2606.239,0.000,0.000,0.000,0.000,0.000,117734.2,4.774,1.00,-5.00
87.320,12.000,12.000,0.000,2606.239,0.000,0.000,0.000,0.000,0.000,117734.2,4.774,1.00,-5.00
87.330,12.000,12.000,0.000,2606.239,0.000,0.000,0.000,0.000,0.000,117734.2,4.774,1.00,-5.00
87.340,12.000,12.000,0.000,2606.239,0.000,0.000,0.000,0.000,0.000,117734.2,4.774,1.00,-5.00
87.350,12.000,12.000,0.000,2606.239,0.000,0.000,0.000,0.000,0.000,117734.2,4.774,1.00,-5.00
87.360,12.000,12.000,0.000,2606.239,0.000,0.000,0.000,0.000,0.000,117734.2,4.774,1.00,-5.00
87.370,12.000,12.000,0.000,2606.239,0.000,0.000,0.000,0.000,0.000,117734.2,4.774,1.00,-5.00
87.380,12.000,12.010,-0.010,0.000,34.422,0.000,0.000,0.000,0.000,117729.8,4.702,1.00,-5.00
87.390,12.000,12.010,-0.010,0.000,1.725,0.000,0.000,0.000,0.000,117725.5,4.630,1.00,-5.00
87.400,12.000,12.010,-0.010,0.000,1.725,0.000,0.000,0.000,0.000,117725.5,4.625,1.00,-5.00
87.410,12.000,12.000,0.000,20261.496,0.000,0.000,0.000,0.000,0.000,117725.5,4.692,1.00,-5.00
87.420,12.000,12.000,0.000,2605.561,0.000,0.000,0.000,0.000,0.000,117725.5,4.758,1.00,-5.00
87.430,12.000,12.000,0.000,2607.116,0.000,0.000,0.000,0.000,0.000,117742.4,4.794,1.00,-5.00
87.440,12.000,12.000,0.000,2607.116,0.000,0.000,0.000,0.000,0.000,117742.4,4.794,1.00,-5.00
87.450,12.000,12.000,0.000,2607.116,0.000,0.000,0.000,0.000,0.000,117742.4,4.794,1.00,-5.00
87.460,12.000,12.000,0.000,2607.116,0.000,0.000,0.000,0.000,0.000,117742.4,4.794,1.00,-5.00
87.470,12.000,12.000,0.000,2607.116,0.000,0.000,0.000,0.000,0.000,117742.4,4.794,1.00,-5.00
87.480,12.000,12.000,0.000,2607.116,0.000,0.000,0.000,0.000,0.000,117742.4,4.794,1.00,-5.00
87.490,12.000,12.000,0.000,2607.116,0.000,0.000,0.000,0.000,0.000,117742.4,4.794,1.00,-5.00
87.500,12.000,12.000,0.000,2607.116,0.000,0.000,0.000,0.000,0.000,117742.4,4.794,1.00,-5.00
87.510,12.000,12.000,0.000,2607.116,0.000,0.000,0.000,0.000,0.000,117742.4,4.794,1.00,-5.00
87.520,12.000,12.000,0.000,2607.116,0.000,0.000,0.000,0.000,0.000,117742.4,4.794,1.00,-5.00
87.530,12.000,12.000,0.000,2607.116,0.000,0.000,0.000,0.000,0.000,117742.4,4.794,1.00,-5.00
87.540,12.000,12.000,0.000,2607.116,0.000,0.000,0.000,0.000,0.000,117742.4,4.794,1.00,-5.00
87.550,12.000,12.000,0.000,2607.116,0.000,0.000,0.000,0.000,0.000,117742.4,4.794,1.00,-5.00
87.560,12.000,12.000,0.000,2607.116,0.000,0.000,0.000,0.000,0.000,117742.4,4.794,1.00,-5.00
87.570,12.000,12.000,0.000,2607.116,0.000,0.000,0.000,0.000,0.000,117742.4,4.794,1.00,-5.00
87.580,12.000,12.000,0.000,2607.116,0.000,0.000,0.000,0.000,0.000,117742.4,4.794,1.00,-5.00
87.590,12.000,12.000,0.000,2607.116,0.000,0.000,0.000,0.000,0.000,117742.4,4.794,1.00,-5.00
87.600,12.000,12.000,0.000,2607.116,0.000,0.000,0.000,0.000,0.000,117742.4,4.794,1.00,-5.00
87.610,12.000,12.000,0.000,2607.116,0.000,0.000,0.000,0.000,0.000,117742.4,4.794,1.00,-5.00
87.620,12.000,12.000,0.000,2607.116,0.000,0.000,0.000,0.000,0.000,117742.4,4.794,1.00,-5.00
87.630,12.000,12.000,0.000,2607.116,0.000,0.000,0.000,0.000,0.000,117742.4,4.794,1.00,-5.00
87.640,12.000,12.000,0.000,2607.116,0.000,0.000,0.000,0.000,0.000,117742.4,4.794,1.00,-5.00
87.650,12.000,12.000,0.000,2607.116,0.000,0.000,0.000,0.000,0.000,117742.4,4.794,1.00,-5.00
87.660,12.000,12.000,0.000,2607.116,0.000,0.000,0.000,0.000,0.000,117742.4,4.794,1.00,-5.00
87.670,12.000,12.000,0.000,2607.116,0.000,0.000,0.000,0.000,0.000,117742.4,4.794,1.00,-5.00
87.680,12.000,12.000,0.000,2607.116,0.000,0.000,0.000,0.000,0.000,117742.4,4.794,1.00,-5.00
87.690,12.000,12.000,0.000,2607.116,0.000,0.000,0.000,0.000,0.000,117742.4,4.794,1.00,-5.00
87.700,12.000,12.000,0.000,2607.116,0.000,0.000,0.000,0.000,0.000,117742.4,4.794,1.00,-5.00
87.710,12.000,12.000,0.000,2607.116,0.000,0.000,0.000,0.000,0.000,117742.4,4.794,1.00,-5.00
87.720,12.000,12.000,0.000,2607.116,0.000,0.000,0.000,0.000,0.000,117742.4,4.794,1.00,-5.00
87.730,12.000,12.000,0.000,2607.116,0.000,0.000,0.000,0.000,0.000,117742.4,4.794,1.00,-5.00
87.740,12.000,12.000,0.000,2607.116,0.000,0.000,0.000,0.000,0.000,117742.4,4.794,1.00,-5.00
87.750,12.000,12.000,0.000,2607.116,0.000,0.000,0.000,0.000,0.000,117742.4,4.794,1.00,-5.00
87.760,12.000,12.000,0.000,2607.116,0.000,0.000,0.000,0.000,0.000,117742.4,4.794,1.00,-5.00
87.770,12.000,12.000,0.000,2607.116,0.000,0.000,0.000,0.000,0.000,117742.4,4.794,1.00,-5.00
87.780,12.000,12.000,0.000,2607.116,0.000,0.000,0.000,0.000,0.000,117742.4,4.794,1.00,-5.00
87.790,12.000,12.000,0.000,2607.116,0.000,0.000,0.000,0.000,0.000,117742.4,4.794,1.00,-5.00
87.800,12.000,12.000,0.000,2607.116,0.000,0.000,0.000,0.000,0.000,117742.4,4.794,1.00,-5.00
87.810,12.000,12.000,0.000,2607.116,0.000,0.000,0.000,0.000,0.000,117742.4,4.794,1.00,-5.00
87.820,12.000,12.000,0.000,2607.116,0.000,0.000,0.000,0.000,0.000,117742.4,4.794,1.00,-5.00
87.830,12.000,12.000,0.000,2607.116,0.000,0.000,0.000,0.000,0.000,117742.4,4.794,1.00,-5.00
87.840,12.000,12.000,0.000,2607.116,0.000,0.000,0.000,0.000,0.000,117742.4,4.794,1.00,-5.00
87.850,12.000,12.000,0.000,2607.116,0.000,0.000,0.000,0.000,0.000,117742.4,4.794,1.00,-5.00
87.860,12.000,12.000,0.000,2607.116,0.000,0.000,0.000,0.000,0.000,117742.4,4.794,1.00,-5.00
87.870,12.000,12.000,0.000,2607.116,0.000,0.000,0.000,0.000,0.000,117742.4,4.794,1.00,-5.00
87.880,12.000,12.000,0.000,2607.116,0.000,0.000,0.000,0.000,0.000,117742.4,4.794,1.00,-5.00
87.890,12.000,12.000,0.000,2607.116,0.000,0.000,0.000,0.000,0.000,117742.4,4.794,1.00,-5.00
87.900,12.000,12.000,0.000,2607.116,0.000,0.000,0.000,0.000,0.000,117742.4,4.794,1.00,-5.00
87.910,12.000,12.000,0.000,2607.116,0.000,0.000,0.000,0.000,0.000,117742.4,4.794,1.00,-5.00
87.920,12.000,12.000,0.000,2607.116,0.000,0.000,0.000,0.000,0.000,117742.4,4.794,1.00,-5.00
87.930,12.000,12.000,0.000,2607.116,0.000,0.000,0.000,0.000,0.000,117742.4,4.794,1.00,-5.00
87.940,12.000,12.000,0.000,2607.116,0.000,0.000,0.000,0.000,0.000,117742.4,4.794,1.00,-5.00
87.950,12.000,12.000,0.000,2607.116,0.000,0.000,0.000,0.000,0.000,117742.4,4.794,1.00,-5.00
87.960,12.000,12.000,0.000,2607.116,0.000,0.000,0.000,0.000,0.000,117742.4,4.794,1.00,-5.00
87.970,12.000,12.000,0.000,2607.116,0.000,0.000,0.000,0.000,0.000,117742.4,4.794,1.00,-5.00
87.980,12.000,12.000,0.000,2607.116,0.000,0.000,0.000,0.000,0.000,117742.4,4.794,1.00,-5.00
87.990,12.000,12.000,0.000,2607.116,0.000,0.000,0.000,0.000,0.000,117742.4,4.794,1.00,-5.00
88.000,12.000,12.000,0.000,2607.116,0.000,0.000,0.000,0.000,0.000,117742.4,4.794,1.00,-5.00
88.010,12.000,12.000,0.000,2607.116,0.000,0.000,0.000,0.000,0.000,117742.4,4.794,1.00,-5.00
88.020,12.000,12.000,0.000,2607.116,0.000,0.000,0.000,0.000,0.000,117742.4,4.794,1.00,-5.00
88.030,12.000,12.000,0.000,2607.116,0.000,0.000,0.000,0.000,0.000,117742.4,4.794,1.00,-5.00
88.040,12.000,12.000,0.000,2607.116,0.000,0.000,0.000,0.000,0.000,117742.4,4.794,1.00,-5.00
88.050,12.000,12.000,0.000,2607.116,0.000,0.000,0.000,0.000,0.000,117742.4,4.794,1.00,-5.00
88.060,12.000,12.000,0.000,2607.116,0.000,0.000,0.000,0.000,0.000,117742.4,4.794,1.00,-5.00
88.070,12.000,12.000,0.000,2607.116,0.000,0.000,0.000,0.000,0.000,117742.4,4.794,1.00,-5.00
88.080,12.000,12.000,0.000,2607.116,0.000,0.000,0.000,0.000,0.000,117742.4,4.794,1.00,-5.00
88.090,12.000,12.000,0.000,2607.116,0.000,0.000,0.000,0.000,0.000,117742.4,4.794,1.00,-5.00
88.100,12.000,12.000,0.000,2607.116,0.000,0.000,0.000,0.000,0.000,117742.4,4.794,1.00,-5.00
88.110,12.000,12.000,0.000,2607.116,0.000,0.000,0.000,0.000,0.000,117742.4,4.794,1.00,-5.00
88.120,12.000,12.000,0.000,2607.116,0.000,0.000,0.000,0.000,0.000,117742.4,4.794,1.00,-5.00
88.130,12.000,12.000,0.000,2607.116,0.000,0.000,0.000,0.000,0.000,117742.4,4.794,1.00,-5.00
88.140,12.000,12.000,0.000,2607.116,0.000,0.000,0.000,0.000,0.000,117742.4,4.794,1.00,-5.00
88.150,12.000,12.000,0.000,2607.116,0.000,0.000,0.000,0.000,0.000,117742.4,4.794,1.00,-5.00
88.160,12.000,12.000,0.000,2607.116,0.000,0.000,0.000,0.000,0.000,117742.4,4.794,1.00,-5.00
88.170,12.000,12.000,0.000,2607.116,0.000,0.000,0.000,0.000,0.000,117742.4,4.794,1.00,-5.00
88.180,12.000,12.000,0.000,2607.116,0.000,0.000,0.000,0.000,0.000,117742.4,4.794,1.00,-5.00
88.190,12.000,12.000,0.000,2607.116,0.000,0.000,0.000,0.000,0.000,117742.4,4.794,1.00,-5.00
88.200,12.000,12.000,0.000,2607.116,0.000,0.000,0.000,0.000,0.000,117742.4,4.794,1.00,-5.00
88.210,12.000,12.000,0.000,2607.116,0.000,0.000,0.000,0.000,0.000,117742.4,4.794,1.00,-5.00
88.220,12.000,12.000,0.000,2607.116,0.000,0.000,0.000,0.000,0.000,117742.4,4.794,1.00,-5.00
88.230,12.000,12.000,0.000,2607.116,0.000,0.000,0.000,0.000,0.000,117742.4,4.794,1.00,-5.00
88.240,12.000,12.000,0.000,2607.116,0.000,0.000,0.000,0.000,0.000,117742.4,4.794,1.00,-5.00
88.250,12.000,12.000,0.000,2607.116,0.000,0.000,0.000,0.000,0.000,117742.4,4.794,1.00,-5.00
88.260,12.000,12.000,0.000,2607.116,0.000,0.000,0.000,0.000,0.000,117742.4,4.794,1.00,-5.00
88.270,12.000,12.000,0.000,2607.116,0.000,0.000,0.000,0.000,0.000,117742.4,4.794,1.00,-5.00
88.280,12.000,12.000,0.000,2607.116,0.000,0.000,0.000,0.000,0.000,117742.4,4.794,1.00,-5.00
88.290,12.000,12.000,0.000,2607.116,0.000,0.000,0.000,0.000,0.000,117742.4,4.794,1.00,-5.00
88.300,12.000,12.000,0.000,2607.116,0.000,0.000,0.000,0.000,0.000,117742.4,4.794,1.00,-5.00
88.310,12.000,12.000,0.000,2607.116,0.000,0.000,0.000,0.000,0.000,117742.4,4.794,1.00,-5.00
88.320,12.000,12.000,0.000,2607.116,0.000,0.000,0.000,0.000,0.000,117742.4,4.794,1.00,-5.00
88.330,12.000,12.000,0.000,2607.116,0.000,0.000,0.000,0.000,0.000,117742.4,4.794,1.00,-5.00
88.340,12.000,12.000,0.000,2607.116,0.000,0.000,0.000,0.000,0.000,117742.4,4.794,1.00,-5.00
88.350,12.000,12.000,0.000,2607.116,0.000,0.000,0.000,0.000,0.000,117742.4,4.794,1.00,-5.00
88.360,12.000,12.000,0.000,2607.116,0.000,0.000,0.000,0.000,0.000,117742.4,4.794,1.00,-5.00
88.370,12.000,12.000,0.000,2607.116,0.000,0.000,0.000,0.000,0.000,117742.4,4.794,1.00,-5.00
88.380,12.000,12.000,0.000,2607.116,0.000,0.000,0.000,0.000,0.000,117742.4,4.794,1.00,-5.00
88.390,12.000,12.000,0.000,2607.116,0.000,0.000,0.000,0.000,0.000,117742.4,4.794,1.00,-5.00
88.400,12.000,12.000,0.000,2607.116,0.000,0.000,0.000,0.000,0.000,117742.4,4.794,1.00,-5.00
88.410,12.000,12.000,0.000,2607.116,0.000,0.000,0.000,0.000,0.000,117742.4,4.794,1.00,-5.00
88.420,12.000,12.000,0.000,2607.116,0.000,0.000,0.000,0.000,0.000,117742.4,4.794,1.00,-5.00
88.430,12.000,12.000,0.000,2607.116,0.000,0.000,0.000,0.000,0.000,117742.4,4.794,1.00,-5.00
88.440,12.000,12.000,0.000,2607.116,0.000,0.000,0.000,0.000,0.000,117742.4,4.794,1.00,-5.00
88.450,12.000,12.000,0.000,2607.116,0.000,0.000,0.000,0.000,0.000,117742.4,4.794,1.00,-5.00
88.460,12.000,12.000,0.000,2607.116,0.000,0.000,0.000,0.000,0.000,117742.4,4.794,1.00,-5.00
88.470,12.000,12.000,0.000,2607.116,0.000,0.000,0.000,0.000,0.000,117742.4,4.794,1.00,-5.00
88.480,12.000,12.000,0.000,2607.116,0.000,0.000,0.000,0.000,0.000,117742.4,4.794,1.00,-5.00
88.490,12.000,12.000,0.000,2607.116,0.000,0.000,0.000,0.000,0.000,117742.4,4.794,1.00,-5.00
88.500,12.000,12.000,0.000,2607.116,0.000,0.000,0.000,0.000,0.000,117742.4,4.794,1.00,-5.00
88.510,12.000,12.000,0.000,2607.116,0.000,0.000,0.000,0.000,0.000,117742.4,4.794,1.00,-5.00
88.520,12.000,12.000,0.000,2607.116,0.000,0.000,0.000,0.000,0.000,117742.4,4.794,1.00,-5.00
88.530,12.000,12.000,0.000,2607.116,0.000,0.000,0.000,0.000,0.000,117742.4,4.794,1.00,-5.00
88.540,12.000,12.000,0.000,2607.116,0.000,0.000,0.000,0.000,0.000,117742.4,4.794,1.00,-5.00
88.550,12.000,12.000,0.000,2607.116,0.000,0.000,0.000,0.000,0.000,117742.4,4.794,1.00,-5.00
88.560,12.000,12.000,0.000,2607.116,0.000,0.000,0.000,0.000,0.000,117742.4,4.794,1.00,-5.00
88.570,12.000,12.000,0.000,2607.116,0.000,0.000,0.000,0.000,0.000,117742.4,4.794,1.00,-5.00
88.580,12.000,12.000,0.000,2607.116,0.000,0.000,0.000,0.000,0.000,117742.4,4.794,1.00,-5.00
88.590,12.000,12.000,0.000,2607.116,0.000,0.000,0.000,0.000,0.000,117742.4,4.794,1.00,-5.00
88.600,12.000,12.000,0.000,2607.116,0.000,0.000,0.000,0.000,0.000,117742.4,4.794,1.00,-5.00
88.610,12.000,12.000,0.000,2607.116,0.000,0.000,0.000,0.000,0.000,117742.4,4.794,1.00,-5.00
88.620,12.000,12.000,0.000,2607.116,0.000,0.000,0.000,0.000,0.000,117742.4,4.794,1.00,-5.00
88.630,12.000,12.000,0.000,2607.116,0.000,0.000,0.000,0.000,0.000,117742.4,4.794,1.00,-5.00
88.640,12.000,12.000,0.000,2607.116,0.000,0.000,0.000,0.000,0.000,117742.4,4.794,1.00,-5.00
88.650,12.000,12.010,-0.010,0.000,34.423,0.000,0.000,0.000,0.000,117738.0,4.722,1.00,-5.00
88.660,12.000,12.000,0.000,20264.708,0.000,0.000,0.000,0.000,0.000,117738.0,4.722,1.00,-5.00
88.670,12.000,12.000,0.000,2606.891,0.000,0.000,0.000,0.000,0.000,117738.0,4.789,1.00,-5.00
88.680,12.000,12.000,0.000,2608.446,0.000,0.000,0.000,0.000,0.000,117754.9,4.825,1.00,-5.00
88.690,12.000,12.000,0.000,2608.446,0.000,0.000,0.000,0.000,0.000,117754.9,4.825,1.00,-5.00
88.700,12.000,12.000,0.000,2608.446,0.000,0.000,0.000,0.000,0.000,117754.9,4.825,1.00,-5.00
88.710,12.000,12.000,0.000,2608.446,0.000,0.000,0.000,0.000,0.000,117754.9,4.825,1.00,-5.00
88.720,12.000,12.000,0.000,2608.446,0.000,0.000,0.000,0.000,0.000,117754.9,4.825,1.00,-5.00
88.730,12.000,12.000,0.000,2608.446,0.000,0.000,0.000,0.000,0.000,117754.9,4.825,1.00,-5.00
88.740,12.000,12.010,-0.010,0.000,34.425,0.000,0.000,0.000,0.000,117750.6,4.753,1.00,-5.00
88.750,12.000,12.010,-0.010,0.000,1.722,0.000,0.000,0.000,0.000,117746.2,4.681,1.00,-5.00
88.760,12.000,12.000,0.000,20267.042,0.000,0.000,0.000,0.000,0.000,117746.2,4.748,1.00,-5.00
88.770,12.000,12.000,0.000,2607.997,0.000,0.000,0.000,0.000,0.000,117746.2,4.815,1.00,-5.00
88.780,12.000,12.000,0.000,2609.552,0.000,0.000,0.000,0.000,0.000,117763.1,4.851,1.00,-5.00
88.790,12.000,12.000,0.000,2609.552,0.000,0.000,0.000,0.000,0.000,117763.1,4.851,1.00,-5.00
88.800,12.000,12.000,0.000,2609.552,0.000,0.000,0.000,0.000,0.000,117763.1,4.851,1.00,-5.00
88.810,12.000,12.000,0.000,2609.552,0.000,0.000,0.000,0.000,0.000,117763.1,4.851,1.00,-5.00
88.820,12.000,12.000,0.000,2609.552,0.000,0.000,0.000,0.000,0.000,117763.1,4.851,1.00,-5.00
88.830,12.000,12.000,0.000,2609.552,0.000,0.000,0.000,0.000,0.000,117763.1,4.851,1.00,-5.00
88.840,12.000,12.000,0.000,2609.552,0.000,0.000,0.000,0.000,0.000,117763.1,4.851,1.00,-5.00
88.850,12.000,12.000,0.000,2609.552,0.000,0.000,0.000,0.000,0.000,117763.1,4.851,1.00,-5.00
88.860,12.000,12.000,0.000,2609.552,0.000,0.000,0.000,0.000,0.000,117763.1,4.851,1.00,-5.00
88.870,12.000,12.000,0.000,2609.552,0.000,0.000,0.000,0.000,0.000,117763.1,4.851,1.00,-5.00
88.880,12.000,12.000,0.000,2609.552,0.000,0.000,0.000,0.000,0.000,117763.1,4.851,1.00,-5.00
88.890,12.000,12.000,0.000,2609.552,0.000,0.000,0.000,0.000,0.000,117763.1,4.851,1.00,-5.00
88.900,12.000,12.000,0.000,2609.552,0.000,0.000,0.000,0.000,0.000,117763.1,4.851,1.00,-5.00
88.910,12.000,12.000,0.000,2609.552,0.000,0.000,0.000,0.000,0.000,117763.1,4.851,1.00,-5.00
88.920,12.000,12.000,0.000,2609.552,0.000,0.000,0.000,0.000,0.000,117763.1,4.851,1.00,-5.00
88.930,12.000,12.000,0.000,2609.552,0.000,0.000,0.000,0.000,0.000,117763.1,4.851,1.00,-5.00
88.940,12.000,12.000,0.000,2609.552,0.000,0.000,0.000,0.000,0.000,117763.1,4.851,1.00,-5.00
88.950,12.000,12.000,0.000,2609.552,0.000,0.000,0.000,0.000,0.000,117763.1,4.851,1.00,-5.00
88.960,12.000,12.000,0.000,2609.552,0.000,0.000,0.000,0.000,0.000,117763.1,4.851,1.00,-5.00
88.970,12.000,12.000,0.000,2609.552,0.000,0.000,0.000,0.000,0.000,117763.1,4.851,1.00,-5.00
88.980,12.000,12.000,0.000,2609.552,0.000,0.000,0.000,0.000,0.000,117763.1,4.851,1.00,-5.00
88.990,12.000,12.000,0.000,2609.552,0.000,0.000,0.000,0.000,0.000,117763.1,4.851,1.00,-5.00
89.000,12.000,12.000,0.000,2609.552,0.000,0.000,0.000,0.000,0.000,117763.1,4.851,1.00,-5.00
89.010,12.000,12.000,0.000,2609.552,0.000,0.000,0.000,0.000,0.000,117763.1,4.851,1.00,-5.00
89.020,12.000,12.000,0.000,2609.552,0.000,0.000,0.000,0.000,0.000,117763.1,4.851,1.00,-5.00
89.030,12.000,12.000,0.000,2609.552,0.000,0.000,0.000,0.000,0.000,117763.1,4.851,1.00,-5.00
89.040,12.000,12.000,0.000,2609.552,0.000,0.000,0.000,0.000,0.000,117763.1,4.851,1.00,-5.00
89.050,12.000,12.000,0.000,2609.552,0.000,0.000,0.000,0.000,0.000,117763.1,4.851,1.00,-5.00
89.060,12.000,12.000,0.000,2609.552,0.000,0.000,0.000,0.000,0.000,117763.1,4.851,1.00,-5.00
89.070,12.000,12.000,0.000,2609.552,0.000,0.000,0.000,0.000,0.000,117763.1,4.851,1.00,-5.00
89.080,12.000,12.000,0.000,2609.552,0.000,0.000,0.000,0.000,0.000,117763.1,4.851,1.00,-5.00
89.090,12.000,12.000,0.000,2609.552,0.000,0.000,0.000,0.000,0.000,117763.1,4.851,1.00,-5.00
89.100,12.000,12.000,0.000,2609.552,0.000,0.000,0.000,0.000,0.000,117763.1,4.851,1.00,-5.00
89.110,12.000,12.000,0.000,2609.552,0.000,0.000,0.000,0.000,0.000,117763.1,4.851,1.00,-5.00
89.120,12.000,12.000,0.000,2609.552,0.000,0.000,0.000,0.000,0.000,117763.1,4.851,1.00,-5.00
89.130,12.000,12.000,0.000,2609.552,0.000,0.000,0.000,0.000,0.000,117763.1,4.851,1.00,-5.00
89.140,12.000,12.000,0.000,2609.552,0.000,0.000,0.000,0.000,0.000,117763.1,4.851,1.00,-5.00
89.150,12.000,12.000,0.000,2609.552,0.000,0.000,0.000,0.000,0.000,117763.1,4.851,1.00,-5.00
89.160,12.000,12.000,0.000,2609.552,0.000,0.000,0.000,0.000,0.000,117763.1,4.851,1.00,-5.00
89.170,12.000,12.000,0.000,2609.552,0.000,0.000,0.000,0.000,0.000,117763.1,4.851,1.00,-5.00
89.180,12.000,12.000,0.000,2609.552,0.000,0.000,0.000,0.000,0.000,117763.1,4.851,1.00,-5.00
89.190,12.000,12.000,0.000,2609.552,0.000,0.000,0.000,0.000,0.000,117763.1,4.851,1.00,-5.00
89.200,12.000,12.000,0.000,2609.552,0.000,0.000,0.000,0.000,0.000,117763.1,4.851,1.00,-5.00
89.210,12.000,12.000,0.000,2609.552,0.000,0.000,0.000,0.000,0.000,117763.1,4.851,1.00,-5.00
89.220,12.000,12.000,0.000,2609.552,0.000,0.000,0.000,0.000,0.000,117763.1,4.851,1.00,-5.00
89.230,12.000,12.000,0.000,2609.552,0.000,0.000,0.000,0.000,0.000,117763.1,4.851,1.00,-5.00
89.240,12.000,12.000,0.000,2609.552,0.000,0.000,0.000,0.000,0.000,117763.1,4.851,1.00,-5.00
89.250,12.000,12.000,0.000,2609.552,0.000,0.000,0.000,0.000,0.000,117763.1,4.851,1.00,-5.00
89.260,12.000,12.000,0.000,2609.552,0.000,0.000,0.000,0.000,0.000,117763.1,4.851,1.00,-5.00
89.270,12.000,12.000,0.000,2609.552,0.000,0.000,0.000,0.000,0.000,117763.1,4.851,1.00,-5.00
89.280,12.000,12.000,0.000,2609.552,0.000,0.000,0.000,0.000,0.000,117763.1,4.851,1.00,-5.00
89.290,12.000,12.000,0.000,2609.552,0.000,0.000,0.000,0.000,0.000,117763.1,4.851,1.00,-5.00
89.300,12.000,12.000,0.000,2609.552,0.000,0.000,0.000,0.000,0.000,117763.1,4.851,1.00,-5.00
89.310,12.000,12.000,0.000,2609.552,0.000,0.000,0.000,0.000,0.000,117763.1,4.851,1.00,-5.00
89.320,12.000,12.000,0.000,2609.552,0.000,0.000,0.000,0.000,0.000,117763.1,4.851,1.00,-5.00
89.330,12.000,12.000,0.000,2609.552,0.000,0.000,0.000,0.000,0.000,117763.1,4.851,1.00,-5.00
89.340,12.000,12.000,0.000,2609.552,0.000,0.000,0.000,0.000,0.000,117763.1,4.851,1.00,-5.00
89.350,12.000,12.000,0.000,2609.552,0.000,0.000,0.000,0.000,0.000,117763.1,4.851,1.00,-5.00
89.360,12.000,12.000,0.000,2609.552,0.000,0.000,0.000,0.000,0.000,117763.1,4.851,1.00,-5.00
89.370,12.000,12.000,0.000,2609.552,0.000,0.000,0.000,0.000,0.000,117763.1,4.851,1.00,-5.00
89.380,12.000,12.000,0.000,2609.552,0.000,0.000,0.000,0.000,0.000,117763.1,4.851,1.00,-5.00
89.390,12.000,12.000,0.000,2609.552,0.000,0.000,0.000,0.000,0.000,117763.1,4.851,1.00,-5.00
89.400,12.000,12.000,0.000,2609.552,0.000,0.000,0.000,0.000,0.000,117763.1,4.851,1.00,-5.00
89.410,12.000,12.010,-0.010,0.000,34.426,0.000,0.000,0.000,0.000,117758.7,4.779,1.00,-5.00
89.420,12.000,12.010,-0.010,0.000,1.720,0.000,0.000,0.000,0.000,117754.4,4.707,1.00,-5.00
89.430,12.000,12.010,-0.010,0.000,1.721,0.000,0.000,0.000,0.000,117754.4,4.701,1.00,-5.00
89.440,12.000,12.010,-0.010,0.000,1.721,0.000,0.000,0.000,0.000,117754.4,4.696,1.00,-5.00
89.460,12.000,12.000,0.000,20268.917,0.000,0.000,0.000,0.000,0.000,117754.4,4.763,1.00,-5.00
89.470,12.000,12.000,0.000,2608.644,0.000,0.000,0.000,0.000,0.000,117754.4,4.830,1.00,-5.00
89.480,12.000,11.990,0.010,23817.865,0.000,0.000,0.000,0.000,0.000,117805.1,4.938,1.00,-5.00
89.490,12.000,11.990,0.010,6150.341,0.000,0.000,0.000,0.000,0.000,117809.4,5.010,1.00,-5.00
89.500,12.000,11.990,0.010,6152.915,0.000,0.000,0.000,0.000,0.000,117833.2,5.053,1.00,-5.00
89.510,12.000,11.990,0.010,6153.256,0.000,0.000,0.000,0.000,0.000,117834.2,5.060,1.00,-5.00
89.520,12.000,12.000,0.000,0.000,27.885,0.000,0.000,0.000,0.000,117825.0,4.995,1.00,-5.00
89.530,12.000,12.000,0.000,2613.004,0.000,0.000,0.000,0.000,0.000,117815.8,4.931,1.00,-5.00
89.540,12.000,12.000,0.000,2612.774,0.000,0.000,0.000,0.000,0.000,117815.8,4.925,1.00,-5.00
89.550,12.000,11.990,0.010,23823.150,0.000,0.000,0.000,0.000,0.000,117820.1,4.997,1.00,-5.00
89.560,12.000,12.000,0.000,0.000,27.884,0.000,0.000,0.000,0.000,117820.1,4.997,1.00,-5.00
89.570,12.000,12.000,0.000,2614.642,0.000,0.000,0.000,0.000,0.000,117804.3,4.969,1.00,-5.00
89.580,12.000,11.990,0.010,23821.926,0.000,0.000,0.000,0.000,0.000,117804.3,5.035,1.00,-5.00
89.590,12.000,12.000,0.000,0.000,27.876,0.000,0.000,0.000,0.000,117804.3,5.035,1.00,-5.00
89.600,12.000,12.000,0.000,2616.280,0.000,0.000,0.000,0.000,0.000,117788.4,5.006,1.00,-5.00
89.610,12.000,11.990,0.010,23820.703,0.000,0.000,0.000,0.000,0.000,117788.4,5.073,1.00,-5.00
89.620,12.000,12.000,0.000,0.000,27.869,0.000,0.000,0.000,0.000,117788.4,5.073,1.00,-5.00
89.630,12.000,12.000,0.000,2617.917,0.000,0.000,0.000,0.000,0.000,117772.5,5.044,1.00,-5.00
89.640,12.000,12.000,0.000,2617.687,0.000,0.000,0.000,0.000,0.000,117772.5,5.039,1.00,-5.00
89.660,12.000,11.990,0.010,23820.264,0.000,0.000,0.000,0.000,0.000,117776.9,5.111,1.00,-5.00
89.670,12.000,11.990,0.010,6156.971,0.000,0.000,0.000,0.000,0.000,117781.2,5.183,1.00,-5.00
89.680,12.000,12.000,0.000,0.000,27.856,0.000,0.000,0.000,0.000,117765.3,5.154,1.00,-5.00
89.690,12.000,11.990,0.010,23820.550,0.000,0.000,0.000,0.000,0.000,117766.4,5.161,1.00,-5.00
89.700,12.000,12.000,0.000,0.000,27.856,0.000,0.000,0.000,0.000,117766.4,5.156,1.00,-5.00
89.710,12.000,12.000,0.000,2621.503,0.000,0.000,0.000,0.000,0.000,117750.5,5.127,1.00,-5.00
89.720,12.000,12.000,0.000,2621.272,0.000,0.000,0.000,0.000,0.000,117750.5,5.122,1.00,-5.00
89.730,12.000,12.000,0.000,2621.272,0.000,0.000,0.000,0.000,0.000,117750.5,5.122,1.00,-5.00
89.740,12.000,12.000,0.000,2621.272,0.000,0.000,0.000,0.000,0.000,117750.5,5.122,1.00,-5.00
89.750,12.000,12.000,0.000,2621.272,0.000,0.000,0.000,0.000,0.000,117750.5,5.122,1.00,-5.00
89.760,12.000,12.000,0.000,2621.272,0.000,0.000,0.000,0.000,0.000,117750.5,5.122,1.00,-5.00
89.770,12.000,12.000,0.000,2621.272,0.000,0.000,0.000,0.000,0.000,117750.5,5.122,1.00,-5.00
89.780,12.000,12.000,0.000,2621.272,0.000,0.000,0.000,0.000,0.000,117750.5,5.122,1.00,-5.00
89.790,12.000,12.000,0.000,2621.272,0.000,0.000,0.000,0.000,0.000,117750.5,5.122,1.00,-5.00
89.800,12.000,12.000,0.000,2621.272,0.000,0.000,0.000,0.000,0.000,117750.5,5.122,1.00,-5.00
89.810,12.000,12.000,0.000,2621.272,0.000,0.000,0.000,0.000,0.000,117750.5,5.122,1.00,-5.00
89.820,12.000,12.000,0.000,2621.272,0.000,0.000,0.000,0.000,0.000,117750.5,5.122,1.00,-5.00
89.830,12.000,12.000,0.000,2621.272,0.000,0.000,0.000,0.000,0.000,117750.5,5.122,1.00,-5.00
89.840,12.000,12.000,0.000,2621.272,0.000,0.000,0.000,0.000,0.000,117750.5,5.122,1.00,-5.00
89.850,12.000,12.000,0.000,2621.272,0.000,0.000,0.000,0.000,0.000,117750.5,5.122,1.00,-5.00
89.860,12.000,12.000,0.000,2621.272,0.000,0.000,0.000,0.000,0.000,117750.5,5.122,1.00,-5.00
89.870,12.000,12.000,0.000,2621.272,0.000,0.000,0.000,0.000,0.000,117750.5,5.122,1.00,-5.00
89.880,12.000,12.000,0.000,2621.272,0.000,0.000,0.000,0.000,0.000,117750.5,5.122,1.00,-5.00
89.890,12.000,12.000,0.000,2621.272,0.000,0.000,0.000,0.000,0.000,117750.5,5.122,1.00,-5.00
89.900,12.000,12.000,0.000,2621.272,0.000,0.000,0.000,0.000,0.000,117750.5,5.122,1.00,-5.00
89.910,12.000,12.000,0.000,2621.272,0.000,0.000,0.000,0.000,0.000,117750.5,5.122,1.00,-5.00
89.920,12.000,12.000,0.000,2621.272,0.000,0.000,0.000,0.000,0.000,117750.5,5.122,1.00,-5.00
89.930,12.000,12.000,0.000,2621.272,0.000,0.000,0.000,0.000,0.000,117750.5,5.122,1.00,-5.00
89.940,12.000,12.000,0.000,2621.272,0.000,0.000,0.000,0.000,0.000,117750.5,5.122,1.00,-5.00
89.950,12.000,12.000,0.000,2621.272,0.000,0.000,0.000,0.000,0.000,117750.5,5.122,1.00,-5.00
89.960,12.000,12.000,0.000,2621.272,0.000,0.000,0.000,0.000,0.000,117750.5,5.122,1.00,-5.00
89.970,12.000,12.000,0.000,2621.272,0.000,0.000,0.000,0.000,0.000,117750.5,5.122,1.00,-5.00
89.980,12.000,12.000,0.000,2621.272,0.000,0.000,0.000,0.000,0.000,117750.5,5.122,1.00,-5.00
89.990,12.000,12.000,0.000,2621.272,0.000,0.000,0.000,0.000,0.000,117750.5,5.122,1.00,-5.00
90.000,12.000,12.000,0.000,2621.272,0.000,0.000,0.000,0.000,0.000,117750.5,5.122,1.00,-5.00
90.010,12.000,12.000,0.000,2621.272,0.000,0.000,0.000,0.000,0.000,117750.5,5.122,1.00,-5.00
90.020,12.000,12.000,0.000,2621.272,0.000,0.000,0.000,0.000,0.000,117750.5,5.122,1.00,-5.00
90.030,12.000,12.000,0.000,2621.272,0.000,0.000,0.000,0.000,0.000,117750.5,5.122,1.00,-5.00
90.040,12.000,12.000,0.000,2621.272,0.000,0.000,0.000,0.000,0.000,117750.5,5.122,1.00,-5.00
90.050,12.000,12.000,0.000,2621.272,0.000,0.000,0.000,0.000,0.000,117750.5,5.122,1.00,-5.00
90.060,12.000,12.000,0.000,2621.272,0.000,0.000,0.000,0.000,0.000,117750.5,5.122,1.00,-5.00
90.070,12.000,12.000,0.000,2621.272,0.000,0.000,0.000,0.000,0.000,117750.5,5.122,1.00,-5.00
90.080,12.000,12.000,0.000,2621.272,0.000,0.000,0.000,0.000,0.000,117750.5,5.122,1.00,-5.00
90.090,12.000,12.000,0.000,2621.272,0.000,0.000,0.000,0.000,0.000,117750.5,5.122,1.00,-5.00
90.100,12.000,12.000,0.000,2621.272,0.000,0.000,0.000,0.000,0.000,117750.5,5.122,1.00,-5.00
90.110,12.000,12.000,0.000,2621.272,0.000,0.000,0.000,0.000,0.000,117750.5,5.122,1.00,-5.00
90.120,12.000,12.000,0.000,2621.272,0.000,0.000,0.000,0.000,0.000,117750.5,5.122,1.00,-5.00
90.130,12.000,12.000,0.000,2621.272,0.000,0.000,0.000,0.000,0.000,117750.5,5.122,1.00,-5.00
90.140,12.000,12.000,0.000,2621.272,0.000,0.000,0.000,0.000,0.000,117750.5,5.122,1.00,-5.00
90.150,12.000,12.000,0.000,2621.272,0.000,0.000,0.000,0.000,0.000,117750.5,5.122,1.00,-5.00
90.160,12.000,12.000,0.000,2621.272,0.000,0.000,0.000,0.000,0.000,117750.5,5.122,1.00,-5.00
90.170,12.000,12.000,0.000,2621.272,0.000,0.000,0.000,0.000,0.000,117750.5,5.122,1.00,-5.00
90.180,12.000,12.000,0.000,2621.272,0.000,0.000,0.000,0.000,0.000,117750.5,5.122,1.00,-5.00
90.190,12.000,12.000,0.000,2621.272,0.000,0.000,0.000,0.000,0.000,117750.5,5.122,1.00,-5.00
90.200,12.000,12.000,0.000,2621.272,0.000,0.000,0.000,0.000,0.000,117750.5,5.122,1.00,-5.00
90.210,12.000,12.000,0.000,2621.272,0.000,0.000,0.000,0.000,0.000,117750.5,5.122,1.00,-5.00
90.220,12.000,12.000,0.000,2621.272,0.000,0.000,0.000,0.000,0.000,117750.5,5.122,1.00,-5.00
90.230,12.000,12.000,0.000,2621.272,0.000,0.000,0.000,0.000,0.000,117750.5,5.122,1.00,-5.00
90.240,12.000,12.000,0.000,2621.272,0.000,0.000,0.000,0.000,0.000,117750.5,5.122,1.00,-5.00
90.250,12.000,12.000,0.000,2621.272,0.000,0.000,0.000,0.000,0.000,117750.5,5.122,1.00,-5.00
90.260,12.000,12.000,0.000,2621.272,0.000,0.000,0.000,0.000,0.000,117750.5,5.122,1.00,-5.00
90.270,12.000,12.000,0.000,2621.272,0.000,0.000,0.000,0.000,0.000,117750.5,5.122,1.00,-5.00
90.280,12.000,12.000,0.000,2621.272,0.000,0.000,0.000,0.000,0.000,117750.5,5.122,1.00,-5.00
90.290,12.000,12.000,0.000,2621.272,0.000,0.000,0.000,0.000,0.000,117750.5,5.122,1.00,-5.00
90.300,12.000,12.000,0.000,2621.272,0.000,0.000,0.000,0.000,0.000,117750.5,5.122,1.00,-5.00
90.310,12.000,12.000,0.000,2621.272,0.000,0.000,0.000,0.000,0.000,117750.5,5.122,1.00,-5.00
90.320,12.000,12.000,0.000,2621.272,0.000,0.000,0.000,0.000,0.000,117750.5,5.122,1.00,-5.00
90.330,12.000,12.000,0.000,2621.272,0.000,0.000,0.000,0.000,0.000,117750.5,5.122,1.00,-5.00
90.340,12.000,12.000,0.000,2621.272,0.000,0.000,0.000,0.000,0.000,117750.5,5.122,1.00,-5.00
90.350,12.000,12.000,0.000,2621.272,0.000,0.000,0.000,0.000,0.000,117750.5,5.122,1.00,-5.00
90.360,12.000,12.000,0.000,2621.272,0.000,0.000,0.000,0.000,0.000,117750.5,5.122,1.00,-5.00
90.370,12.000,12.000,0.000,2621.272,0.000,0.000,0.000,0.000,0.000,117750.5,5.122,1.00,-5.00
90.380,12.000,12.000,0.000,2621.272,0.000,0.000,0.000,0.000,0.000,117750.5,5.122,1.00,-5.00
90.390,12.000,12.000,0.000,2621.272,0.000,0.000,0.000,0.000,0.000,117750.5,5.122,1.00,-5.00
90.400,12.000,12.000,0.000,2621.272,0.000,0.000,0.000,0.000,0.000,117750.5,5.122,1.00,-5.00
90.410,12.000,12.000,0.000,2621.272,0.000,0.000,0.000,0.000,0.000,117750.5,5.122,1.00,-5.00
90.420,12.000,12.000,0.000,2621.272,0.000,0.000,0.000,0.000,0.000,117750.5,5.122,1.00,-5.00
90.430,12.000,12.000,0.000,2621.272,0.000,0.000,0.000,0.000,0.000,117750.5,5.122,1.00,-5.00
90.440,12.000,12.000,0.000,2621.272,0.000,0.000,0.000,0.000,0.000,117750.5,5.122,1.00,-5.00
90.450,12.000,12.000,0.000,2621.272,0.000,0.000,0.000,0.000,0.000,117750.5,5.122,1.00,-5.00
90.460,12.000,12.000,0.000,2621.272,0.000,0.000,0.000,0.000,0.000,117750.5,5.122,1.00,-5.00
90.470,12.000,12.000,0.000,2621.272,0.000,0.000,0.000,0.000,0.000,117750.5,5.122,1.00,-5.00
90.480,12.000,12.000,0.000,2621.272,0.000,0.000,0.000,0.000,0.000,117750.5,5.122,1.00,-5.00
90.490,12.000,12.000,0.000,2621.272,0.000,0.000,0.000,0.000,0.000,117750.5,5.122,1.00,-5.00
90.500,12.000,12.000,0.000,2621.272,0.000,0.000,0.000,0.000,0.000,117750.5,5.122,1.00,-5.00
90.510,12.000,12.000,0.000,2621.272,0.000,0.000,0.000,0.000,0.000,117750.5,5.122,1.00,-5.00
90.520,12.000,12.000,0.000,2621.272,0.000,0.000,0.000,0.000,0.000,117750.5,5.122,1.00,-5.00
90.530,12.000,12.000,0.000,2621.272,0.000,0.000,0.000,0.000,0.000,117750.5,5.122,1.00,-5.00
90.540,12.000,12.000,0.000,2621.272,0.000,0.000,0.000,0.000,0.000,117750.5,5.122,1.00,-5.00
90.550,12.000,12.000,0.000,2621.272,0.000,0.000,0.000,0.000,0.000,117750.5,5.122,1.00,-5.00
90.560,12.000,12.000,0.000,2621.272,0.000,0.000,0.000,0.000,0.000,117750.5,5.122,1.00,-5.00
90.570,12.000,12.000,0.000,2621.272,0.000,0.000,0.000,0.000,0.000,117750.5,5.122,1.00,-5.00
90.580,12.000,12.000,0.000,2621.272,0.000,0.000,0.000,0.000,0.000,117750.5,5.122,1.00,-5.00
90.590,12.000,12.000,0.000,2621.272,0.000,0.000,0.000,0.000,0.000,117750.5,5.122,1.00,-5.00
90.600,12.000,12.000,0.000,2621.272,0.000,0.000,0.000,0.000,0.000,117750.5,5.122,1.00,-5.00
90.610,12.000,12.000,0.000,2621.272,0.000,0.000,0.000,0.000,0.000,117750.5,5.122,1.00,-5.00
90.620,12.000,12.000,0.000,2621.272,0.000,0.000,0.000,0.000,0.000,117750.5,5.122,1.00,-5.00
90.630,12.000,12.000,0.000,2621.272,0.000,0.000,0.000,0.000,0.000,117750.5,5.122,1.00,-5.00
90.640,12.000,12.000,0.000,2621.272,0.000,0.000,0.000,0.000,0.000,117750.5,5.122,1.00,-5.00
90.650,12.000,12.000,0.000,2621.272,0.000,0.000,0.000,0.000,0.000,117750.5,5.122,1.00,-5.00
90.660,12.000,12.000,0.000,2621.272,0.000,0.000,0.000,0.000,0.000,117750.5,5.122,1.00,-5.00
90.670,12.000,12.000,0.000,2621.272,0.000,0.000,0.000,0.000,0.000,117750.5,5.122,1.00,-5.00
90.680,12.000,12.000,0.000,2621.272,0.000,0.000,0.000,0.000,0.000,117750.5,5.122,1.00,-5.00
90.690,12.000,12.000,0.000,2621.272,0.000,0.000,0.000,0.000,0.000,117750.5,5.122,1.00,-5.00
90.700,12.000,12.000,0.000,2621.272,0.000,0.000,0.000,0.000,0.000,117750.5,5.122,1.00,-5.00
90.710,12.000,12.000,0.000,2621.272,0.000,0.000,0.000,0.000,0.000,117750.5,5.122,1.00,-5.00
90.720,12.000,12.000,0.000,2621.272,0.000,0.000,0.000,0.000,0.000,117750.5,5.122,1.00,-5.00
90.730,12.000,12.000,0.000,2621.272,0.000,0.000,0.000,0.000,0.000,117750.5,5.122,1.00,-5.00
90.740,12.000,12.000,0.000,2621.272,0.000,0.000,0.000,0.000,0.000,117750.5,5.122,1.00,-5.00
90.750,12.000,12.000,0.000,2621.272,0.000,0.000,0.000,0.000,0.000,117750.5,5.122,1.00,-5.00
90.760,12.000,12.000,0.000,2621.272,0.000,0.000,0.000,0.000,0.000,117750.5,5.122,1.00,-5.00
90.770,12.000,12.000,0.000,2621.272,0.000,0.000,0.000,0.000,0.000,117750.5,5.122,1.00,-5.00
90.780,12.000,12.000,0.000,2621.272,0.000,0.000,0.000,0.000,0.000,117750.5,5.122,1.00,-5.00
90.790,12.000,12.000,0.000,2621.272,0.000,0.000,0.000,0.000,0.000,117750.5,5.122,1.00,-5.00
90.800,12.000,12.000,0.000,2621.272,0.000,0.000,0.000,0.000,0.000,117750.5,5.122,1.00,-5.00
90.810,12.000,12.000,0.000,2621.272,0.000,0.000,0.000,0.000,0.000,117750.5,5.122,1.00,-5.00
90.820,12.000,12.000,0.000,2621.272,0.000,0.000,0.000,0.000,0.000,117750.5,5.122,1.00,-5.00
90.830,12.000,12.000,0.000,2621.272,0.000,0.000,0.000,0.000,0.000,117750.5,5.122,1.00,-5.00
90.840,12.000,12.000,0.000,2621.272,0.000,0.000,0.000,0.000,0.000,117750.5,5.122,1.00,-5.00
90.850,12.000,12.000,0.000,2621.272,0.000,0.000,0.000,0.000,0.000,117750.5,5.122,1.00,-5.00
90.860,12.000,12.000,0.000,2621.272,0.000,0.000,0.000,0.000,0.000,117750.5,5.122,1.00,-5.00
90.870,12.000,12.000,0.000,2621.272,0.000,0.000,0.000,0.000,0.000,117750.5,5.122,1.00,-5.00
90.880,12.000,12.000,0.000,2621.272,0.000,0.000,0.000,0.000,0.000,117750.5,5.122,1.00,-5.00
90.890,12.000,12.000,0.000,2621.272,0.000,0.000,0.000,0.000,0.000,117750.5,5.122,1.00,-5.00
90.900,12.000,12.000,0.000,2621.272,0.000,0.000,0.000,0.000,0.000,117750.5,5.122,1.00,-5.00
90.910,12.000,12.000,0.000,2621.272,0.000,0.000,0.000,0.000,0.000,117750.5,5.122,1.00,-5.00
90.920,12.000,12.000,0.000,2621.272,0.000,0.000,0.000,0.000,0.000,117750.5,5.122,1.00,-5.00
90.930,12.000,12.000,0.000,2621.272,0.000,0.000,0.000,0.000,0.000,117750.5,5.122,1.00,-5.00
90.940,12.000,12.000,0.000,2621.272,0.000,0.000,0.000,0.000,0.000,117750.5,5.122,1.00,-5.00
90.950,12.000,12.000,0.000,2621.272,0.000,0.000,0.000,0.000,0.000,117750.5,5.122,1.00,-5.00
90.960,12.000,12.000,0.000,2621.272,0.000,0.000,0.000,0.000,0.000,117750.5,5.122,1.00,-5.00
90.970,12.000,12.000,0.000,2621.272,0.000,0.000,0.000,0.000,0.000,117750.5,5.122,1.00,-5.00
90.980,12.000,12.000,0.000,2621.272,0.000,0.000,0.000,0.000,0.000,117750.5,5.122,1.00,-5.00
90.990,12.000,12.000,0.000,2621.272,0.000,0.000,0.000,0.000,0.000,117750.5,5.122,1.00,-5.00
91.000,12.000,12.000,0.000,2621.272,0.000,0.000,0.000,0.000,0.000,117750.5,5.122,1.00,-5.00
91.010,12.000,12.000,0.000,2621.272,0.000,0.000,0.000,0.000,0.000,117750.5,5.122,1.00,-5.00
91.020,12.000,12.000,0.000,2621.272,0.000,0.000,0.000,0.000,0.000,117750.5,5.122,1.00,-5.00
91.030,12.000,12.000,0.000,2621.272,0.000,0.000,0.000,0.000,0.000,117750.5,5.122,1.00,-5.00
91.040,12.000,12.000,0.000,2621.272,0.000,0.000,0.000,0.000,0.000,117750.5,5.122,1.00,-5.00
91.050,12.000,12.000,0.000,2621.272,0.000,0.000,0.000,0.000,0.000,117750.5,5.122,1.00,-5.00
91.060,12.000,12.000,0.000,2621.272,0.000,0.000,0.000,0.000,0.000,117750.5,5.122,1.00,-5.00
91.070,12.000,12.000,0.000,2621.272,0.000,0.000,0.000,0.000,0.000,117750.5,5.122,1.00,-5.00
91.080,12.000,12.000,0.000,2621.272,0.000,0.000,0.000,0.000,0.000,117750.5,5.122,1.00,-5.00
91.090,12.000,12.000,0.000,2621.272,0.000,0.000,0.000,0.000,0.000,117750.5,5.122,1.00,-5.00
91.100,12.000,12.000,0.000,2621.272,0.000,0.000,0.000,0.000,0.000,117750.5,5.122,1.00,-5.00
91.110,12.000,12.000,0.000,2621.272,0.000,0.000,0.000,0.000,0.000,117750.5,5.122,1.00,-5.00
91.120,12.000,12.000,0.000,2621.272,0.000,0.000,0.000,0.000,0.000,117750.5,5.122,1.00,-5.00
91.130,12.000,12.000,0.000,2621.272,0.000,0.000,0.000,0.000,0.000,117750.5,5.122,1.00,-5.00
91.140,12.000,12.000,0.000,2621.272,0.000,0.000,0.000,0.000,0.000,117750.5,5.122,1.00,-5.00
91.150,12.000,12.000,0.000,2621.272,0.000,0.000,0.000,0.000,0.000,117750.5,5.122,1.00,-5.00
91.160,12.000,12.000,0.000,2621.272,0.000,0.000,0.000,0.000,0.000,117750.5,5.122,1.00,-5.00
91.170,12.000,12.000,0.000,2621.272,0.000,0.000,0.000,0.000,0.000,117750.5,5.122,1.00,-5.00
91.180,12.000,12.010,-0.010,0.000,34.400,0.000,0.000,0.000,0.000,117746.1,5.050,1.00,-5.00
91.190,12.000,12.000,0.000,20280.079,0.000,0.000,0.000,0.000,0.000,117746.1,5.050,1.00,-5.00
91.200,12.000,12.000,0.000,2621.046,0.000,0.000,0.000,0.000,0.000,117746.1,5.117,1.00,-5.00
91.210,12.000,12.000,0.000,2622.601,0.000,0.000,0.000,0.000,0.000,117763.0,5.153,1.00,-5.00
91.220,12.000,12.000,0.000,2622.601,0.000,0.000,0.000,0.000,0.000,117763.0,5.153,1.00,-5.00
91.230,12.000,12.000,0.000,2622.601,0.000,0.000,0.000,0.000,0.000,117763.0,5.153,1.00,-5.00
91.240,12.000,12.010,-0.010,0.000,34.401,0.000,0.000,0.000,0.000,117758.6,5.081,1.00,-5.00
91.250,12.000,12.000,0.000,20283.288,0.000,0.000,0.000,0.000,0.000,117758.6,5.081,1.00,-5.00
91.260,12.000,12.000,0.000,2622.376,0.000,0.000,0.000,0.000,0.000,117758.6,5.148,1.00,-5.00
91.270,12.000,12.000,0.000,2623.931,0.000,0.000,0.000,0.000,0.000,117775.5,5.184,1.00,-5.00
91.280,12.000,12.000,0.000,2623.930,0.000,0.000,0.000,0.000,0.000,117775.5,5.184,1.00,-5.00
91.290,12.000,12.000,0.000,2623.930,0.000,0.000,0.000,0.000,0.000,117775.5,5.184,1.00,-5.00
91.300,12.000,12.000,0.000,2623.930,0.000,0.000,0.000,0.000,0.000,117775.5,5.184,1.00,-5.00
91.310,12.000,12.010,-0.010,0.000,34.403,0.000,0.000,0.000,0.000,117771.2,5.112,1.00,-5.00
91.320,12.000,12.000,0.000,20286.496,0.000,0.000,0.000,0.000,0.000,117771.2,5.112,1.00,-5.00
91.330,12.000,12.000,0.000,2623.705,0.000,0.000,0.000,0.000,0.000,117771.2,5.178,1.00,-5.00
91.340,12.000,12.000,0.000,2625.260,0.000,0.000,0.000,0.000,0.000,117788.1,5.214,1.00,-5.00
91.350,12.000,12.000,0.000,2625.260,0.000,0.000,0.000,0.000,0.000,117788.1,5.214,1.00,-5.00
91.360,12.000,12.000,0.000,2625.260,0.000,0.000,0.000,0.000,0.000,117788.1,5.214,1.00,-5.00
91.370,12.000,12.000,0.000,2625.260,0.000,0.000,0.000,0.000,0.000,117788.1,5.214,1.00,-5.00
91.380,12.000,12.010,-0.010,0.000,34.405,0.000,0.000,0.000,0.000,117783.7,5.142,1.00,-5.00
91.390,12.000,12.010,-0.010,0.000,1.693,0.000,0.000,0.000,0.000,117779.3,5.070,1.00,-5.00
91.400,12.000,12.010,-0.010,0.000,1.693,0.000,0.000,0.000,0.000,117779.3,5.065,1.00,-5.00
91.410,12.000,12.000,0.000,20288.591,0.000,0.000,0.000,0.000,0.000,117779.3,5.132,1.00,-5.00
91.420,12.000,12.000,0.000,2624.577,0.000,0.000,0.000,0.000,0.000,117779.3,5.199,1.00,-5.00
91.430,12.000,12.000,0.000,2626.132,0.000,0.000,0.000,0.000,0.000,117796.2,5.235,1.00,-5.00
91.440,12.000,12.000,0.000,2626.132,0.000,0.000,0.000,0.000,0.000,117796.2,5.235,1.00,-5.00
91.450,12.000,12.000,0.000,2626.132,0.000,0.000,0.000,0.000,0.000,117796.2,5.235,1.00,-5.00
91.460,12.000,12.000,0.000,2626.132,0.000,0.000,0.000,0.000,0.000,117796.2,5.235,1.00,-5.00
91.470,12.000,12.000,0.000,2626.132,0.000,0.000,0.000,0.000,0.000,117796.2,5.235,1.00,-5.00
91.480,12.000,12.000,0.000,2626.132,0.000,0.000,0.000,0.000,0.000,117796.2,5.235,1.00,-5.00
91.490,12.000,12.000,0.000,2626.132,0.000,0.000,0.000,0.000,0.000,117796.2,5.235,1.00,-5.00
91.500,12.000,12.000,0.000,2626.132,0.000,0.000,0.000,0.000,0.000,117796.2,5.235,1.00,-5.00
91.510,12.000,12.000,0.000,2626.132,0.000,0.000,0.000,0.000,0.000,117796.2,5.235,1.00,-5.00
91.520,12.000,12.000,0.000,2626.132,0.000,0.000,0.000,0.000,0.000,117796.2,5.235,1.00,-5.00
91.530,12.000,12.000,0.000,2626.132,0.000,0.000,0.000,0.000,0.000,117796.2,5.235,1.00,-5.00
91.540,12.000,12.000,0.000,2626.132,0.000,0.000,0.000,0.000,0.000,117796.2,5.235,1.00,-5.00
91.550,12.000,12.000,0.000,2626.132,0.000,0.000,0.000,0.000,0.000,117796.2,5.235,1.00,-5.00
91.560,12.000,12.000,0.000,2626.132,0.000,0.000,0.000,0.000,0.000,117796.2,5.235,1.00,-5.00
91.570,12.000,12.000,0.000,2626.132,0.000,0.000,0.000,0.000,0.000,117796.2,5.235,1.00,-5.00
91.580,12.000,12.000,0.000,2626.132,0.000,0.000,0.000,0.000,0.000,117796.2,5.235,1.00,-5.00
91.590,12.000,12.000,0.000,2626.132,0.000,0.000,0.000,0.000,0.000,117796.2,5.235,1.00,-5.00
91.600,12.000,12.000,0.000,2626.132,0.000,0.000,0.000,0.000,0.000,117796.2,5.235,1.00,-5.00
91.610,12.000,12.000,0.000,2626.132,0.000,0.000,0.000,0.000,0.000,117796.2,5.235,1.00,-5.00
91.620,12.000,12.000,0.000,2626.132,0.000,0.000,0.000,0.000,0.000,117796.2,5.235,1.00,-5.00
91.630,12.000,12.000,0.000,2626.132,0.000,0.000,0.000,0.000,0.000,117796.2,5.235,1.00,-5.00
91.640,12.000,12.000,0.000,2626.132,0.000,0.000,0.000,0.000,0.000,117796.2,5.235,1.00,-5.00
91.650,12.000,12.000,0.000,2626.132,0.000,0.000,0.000,0.000,0.000,117796.2,5.235,1.00,-5.00
91.660,12.000,12.000,0.000,2626.132,0.000,0.000,0.000,0.000,0.000,117796.2,5.235,1.00,-5.00
91.670,12.000,12.000,0.000,2626.132,0.000,0.000,0.000,0.000,0.000,117796.2,5.235,1.00,-5.00
91.680,12.000,12.000,0.000,2626.132,0.000,0.000,0.000,0.000,0.000,117796.2,5.235,1.00,-5.00
91.690,12.000,12.000,0.000,2626.132,0.000,0.000,0.000,0.000,0.000,117796.2,5.235,1.00,-5.00
91.700,12.000,12.000,0.000,2626.132,0.000,0.000,0.000,0.000,0.000,117796.2,5.235,1.00,-5.00
91.710,12.000,12.000,0.000,2626.132,0.000,0.000,0.000,0.000,0.000,117796.2,5.235,1.00,-5.00
91.720,12.000,12.000,0.000,2626.132,0.000,0.000,0.000,0.000,0.000,117796.2,5.235,1.00,-5.00
91.730,12.000,12.000,0.000,2626.132,0.000,0.000,0.000,0.000,0.000,117796.2,5.235,1.00,-5.00
91.740,12.000,12.000,0.000,2626.132,0.000,0.000,0.000,0.000,0.000,117796.2,5.235,1.00,-5.00
91.750,12.000,12.000,0.000,2626.132,0.000,0.000,0.000,0.000,0.000,117796.2,5.235,1.00,-5.00
91.760,12.000,12.000,0.000,2626.132,0.000,0.000,0.000,0.000,0.000,117796.2,5.235,1.00,-5.00
91.770,12.000,12.000,0.000,2626.132,0.000,0.000,0.000,0.000,0.000,117796.2,5.235,1.00,-5.00
91.780,12.000,12.000,0.000,2626.132,0.000,0.000,0.000,0.000,0.000,117796.2,5.235,1.00,-5.00
91.790,12.000,12.000,0.000,2626.132,0.000,0.000,0.000,0.000,0.000,117796.2,5.235,1.00,-5.00
91.800,12.000,12.000,0.000,2626.132,0.000,0.000,0.000,0.000,0.000,117796.2,5.235,1.00,-5.00
91.810,12.000,12.000,0.000,2626.132,0.000,0.000,0.000,0.000,0.000,117796.2,5.235,1.00,-5.00
91.820,12.000,12.000,0.000,2626.132,0.000,0.000,0.000,0.000,0.000,117796.2,5.235,1.00,-5.00
91.830,12.000,12.000,0.000,2626.132,0.000,0.000,0.000,0.000,0.000,117796.2,5.235,1.00,-5.00
91.840,12.000,12.000,0.000,2626.132,0.000,0.000,0.000,0.000,0.000,117796.2,5.235,1.00,-5.00
91.850,12.000,12.000,0.000,2626.132,0.000,0.000,0.000,0.000,0.000,117796.2,5.235,1.00,-5.00
91.860,12.000,12.000,0.000,2626.132,0.000,0.000,0.000,0.000,0.000,117796.2,5.235,1.00,-5.00
91.870,12.000,12.000,0.000,2626.132,0.000,0.000,0.000,0.000,0.000,117796.2,5.235,1.00,-5.00
91.880,12.000,12.000,0.000,2626.132,0.000,0.000,0.000,0.000,0.000,117796.2,5.235,1.00,-5.00
91.890,12.000,12.000,0.000,2626.132,0.000,0.000,0.000,0.000,0.000,117796.2,5.235,1.00,-5.00
91.900,12.000,12.000,0.000,2626.132,0.000,0.000,0.000,0.000,0.000,117796.2,5.235,1.00,-5.00
91.910,12.000,12.000,0.000,2626.132,0.000,0.000,0.000,0.000,0.000,117796.2,5.235,1.00,-5.00
91.920,12.000,12.000,0.000,2626.132,0.000,0.000,0.000,0.000,0.000,117796.2,5.235,1.00,-5.00
91.930,12.000,12.000,0.000,2626.132,0.000,0.000,0.000,0.000,0.000,117796.2,5.235,1.00,-5.00
91.940,12.000,12.000,0.000,2626.132,0.000,0.000,0.000,0.000,0.000,117796.2,5.235,1.00,-5.00
91.950,12.000,12.000,0.000,2626.132,0.000,0.000,0.000,0.000,0.000,117796.2,5.235,1.00,-5.00
91.960,12.000,12.000,0.000,2626.132,0.000,0.000,0.000,0.000,0.000,117796.2,5.235,1.00,-5.00
91.970,12.000,12.000,0.000,2626.132,0.000,0.000,0.000,0.000,0.000,117796.2,5.235,1.00,-5.00
91.980,12.000,12.000,0.000,2626.132,0.000,0.000,0.000,0.000,0.000,117796.2,5.235,1.00,-5.00
91.990,12.000,12.000,0.000,2626.132,0.000,0.000,0.000,0.000,0.000,117796.2,5.235,1.00,-5.00
92.000,12.000,12.000,0.000,2626.132,0.000,0.000,0.000,0.000,0.000,117796.2,5.235,1.00,-5.00
92.010,12.000,12.000,0.000,2626.132,0.000,0.000,0.000,0.000,0.000,117796.2,5.235,1.00,-5.00
92.020,12.000,12.000,0.000,2626.132,0.000,0.000,0.000,0.000,0.000,117796.2,5.235,1.00,-5.00
92.030,12.000,12.000,0.000,2626.132,0.000,0.000,0.000,0.000,0.000,117796.2,5.235,1.00,-5.00
92.040,12.000,12.000,0.000,2626.132,0.000,0.000,0.000,0.000,0.000,117796.2,5.235,1.00,-5.00
92.050,12.000,12.000,0.000,2626.132,0.000,0.000,0.000,0.000,0.000,117796.2,5.235,1.00,-5.00
92.060,12.000,12.000,0.000,2626.132,0.000,0.000,0.000,0.000,0.000,117796.2,5.235,1.00,-5.00
92.070,12.000,12.000,0.000,2626.132,0.000,0.000,0.000,0.000,0.000,117796.2,5.235,1.00,-5.00
92.080,12.000,12.000,0.000,2626.132,0.000,0.000,0.000,0.000,0.000,117796.2,5.235,1.00,-5.00
92.090,12.000,12.000,0.000,2626.132,0.000,0.000,0.000,0.000,0.000,117796.2,5.235,1.00,-5.00
92.100,12.000,12.000,0.000,2626.132,0.000,0.000,0.000,0.000,0.000,117796.2,5.235,1.00,-5.00
92.110,12.000,12.000,0.000,2626.132,0.000,0.000,0.000,0.000,0.000,117796.2,5.235,1.00,-5.00
92.120,12.000,12.000,0.000,2626.132,0.000,0.000,0.000,0.000,0.000,117796.2,5.235,1.00,-5.00
92.130,12.000,12.000,0.000,2626.132,0.000,0.000,0.000,0.000,0.000,117796.2,5.235,1.00,-5.00
92.140,12.000,12.000,0.000,2626.132,0.000,0.000,0.000,0.000,0.000,117796.2,5.235,1.00,-5.00
92.150,12.000,12.000,0.000,2626.132,0.000,0.000,0.000,0.000,0.000,117796.2,5.235,1.00,-5.00
92.160,12.000,12.000,0.000,2626.132,0.000,0.000,0.000,0.000,0.000,117796.2,5.235,1.00,-5.00
92.170,12.000,12.000,0.000,2626.132,0.000,0.000,0.000,0.000,0.000,117796.2,5.235,1.00,-5.00
92.180,12.000,12.000,0.000,2626.132,0.000,0.000,0.000,0.000,0.000,117796.2,5.235,1.00,-5.00
92.190,12.000,12.000,0.000,2626.132,0.000,0.000,0.000,0.000,0.000,117796.2,5.235,1.00,-5.00
92.200,12.000,12.000,0.000,2626.132,0.000,0.000,0.000,0.000,0.000,117796.2,5.235,1.00,-5.00
92.210,12.000,12.000,0.000,2626.132,0.000,0.000,0.000,0.000,0.000,117796.2,5.235,1.00,-5.00
92.220,12.000,12.000,0.000,2626.132,0.000,0.000,0.000,0.000,0.000,117796.2,5.235,1.00,-5.00
92.230,12.000,12.000,0.000,2626.132,0.000,0.000,0.000,0.000,0.000,117796.2,5.235,1.00,-5.00
92.240,12.000,12.000,0.000,2626.132,0.000,0.000,0.000,0.000,0.000,117796.2,5.235,1.00,-5.00
92.250,12.000,12.000,0.000,2626.132,0.000,0.000,0.000,0.000,0.000,117796.2,5.235,1.00,-5.00
92.260,12.000,12.000,0.000,2626.132,0.000,0.000,0.000,0.000,0.000,117796.2,5.235,1.00,-5.00
92.270,12.000,12.000,0.000,2626.132,0.000,0.000,0.000,0.000,0.000,117796.2,5.235,1.00,-5.00
92.280,12.000,12.000,0.000,2626.132,0.000,0.000,0.000,0.000,0.000,117796.2,5.235,1.00,-5.00
92.290,12.000,12.000,0.000,2626.132,0.000,0.000,0.000,0.000,0.000,117796.2,5.235,1.00,-5.00
92.300,12.000,12.000,0.000,2626.132,0.000,0.000,0.000,0.000,0.000,117796.2,5.235,1.00,-5.00
92.310,12.000,12.000,0.000,2626.132,0.000,0.000,0.000,0.000,0.000,117796.2,5.235,1.00,-5.00
92.320,12.000,12.000,0.000,2626.132,0.000,0.000,0.000,0.000,0.000,117796.2,5.235,1.00,-5.00
92.330,12.000,12.000,0.000,2626.132,0.000,0.000,0.000,0.000,0.000,117796.2,5.235,1.00,-5.00
92.340,12.000,12.000,0.000,2626.132,0.000,0.000,0.000,0.000,0.000,117796.2,5.235,1.00,-5.00
92.350,12.000,12.000,0.000,2626.132,0.000,0.000,0.000,0.000,0.000,117796.2,5.235,1.00,-5.00
92.360,12.000,12.000,0.000,2626.132,0.000,0.000,0.000,0.000,0.000,117796.2,5.235,1.00,-5.00
92.370,12.000,12.000,0.000,2626.132,0.000,0.000,0.000,0.000,0.000,117796.2,5.235,1.00,-5.00
92.380,12.000,12.000,0.000,2626.132,0.000,0.000,0.000,0.000,0.000,117796.2,5.235,1.00,-5.00
92.390,12.000,12.000,0.000,2626.132,0.000,0.000,0.000,0.000,0.000,117796.2,5.235,1.00,-5.00
92.400,12.000,12.000,0.000,2626.132,0.000,0.000,0.000,0.000,0.000,117796.2,5.235,1.00,-5.00
92.410,12.000,12.000,0.000,2626.132,0.000,0.000,0.000,0.000,0.000,117796.2,5.235,1.00,-5.00
92.420,12.000,12.000,0.000,2626.132,0.000,0.000,0.000,0.000,0.000,117796.2,5.235,1.00,-5.00
92.430,12.000,12.000,0.000,2626.132,0.000,0.000,0.000,0.000,0.000,117796.2,5.235,1.00,-5.00
92.440,12.000,12.000,0.000,2626.132,0.000,0.000,0.000,0.000,0.000,117796.2,5.235,1.00,-5.00
92.450,12.000,12.000,0.000,2626.132,0.000,0.000,0.000,0.000,0.000,117796.2,5.235,1.00,-5.00
92.460,12.000,12.000,0.000,2626.132,0.000,0.000,0.000,0.000,0.000,117796.2,5.235,1.00,-5.00
92.470,12.000,12.000,0.000,2626.132,0.000,0.000,0.000,0.000,0.000,117796.2,5.235,1.00,-5.00
92.480,12.000,12.000,0.000,2626.132,0.000,0.000,0.000,0.000,0.000,117796.2,5.235,1.00,-5.00
92.490,12.000,12.000,0.000,2626.132,0.000,0.000,0.000,0.000,0.000,117796.2,5.235,1.00,-5.00
92.500,12.000,12.000,0.000,2626.132,0.000,0.000,0.000,0.000,0.000,117796.2,5.235,1.00,-5.00
92.510,12.000,12.000,0.000,2626.132,0.000,0.000,0.000,0.000,0.000,117796.2,5.235,1.00,-5.00
92.520,12.000,12.000,0.000,2626.132,0.000,0.000,0.000,0.000,0.000,117796.2,5.235,1.00,-5.00
92.530,12.000,12.000,0.000,2626.132,0.000,0.000,0.000,0.000,0.000,117796.2,5.235,1.00,-5.00
92.540,12.000,12.000,0.000,2626.132,0.000,0.000,0.000,0.000,0.000,117796.2,5.235,1.00,-5.00
92.550,12.000,12.000,0.000,2626.132,0.000,0.000,0.000,0.000,0.000,117796.2,5.235,1.00,-5.00
92.560,12.000,12.000,0.000,2626.132,0.000,0.000,0.000,0.000,0.000,117796.2,5.235,1.00,-5.00
92.570,12.000,12.000,0.000,2626.132,0.000,0.000,0.000,0.000,0.000,117796.2,5.235,1.00,-5.00
92.580,12.000,12.000,0.000,2626.132,0.000,0.000,0.000,0.000,0.000,117796.2,5.235,1.00,-5.00
92.590,12.000,12.010,-0.010,0.000,34.406,0.000,0.000,0.000,0.000,117791.8,5.163,1.00,-5.00
92.600,12.000,12.000,0.000,20291.799,0.000,0.000,0.000,0.000,0.000,117791.9,5.163,1.00,-5.00
92.610,12.000,12.000,0.000,2625.906,0.000,0.000,0.000,0.000,0.000,117791.9,5.229,1.00,-5.00
92.620,12.000,12.000,0.000,2627.461,0.000,0.000,0.000,0.000,0.000,117808.8,5.265,1.00,-5.00
92.630,12.000,12.000,0.000,2627.461,0.000,0.000,0.000,0.000,0.000,117808.8,5.265,1.00,-5.00
92.640,12.000,12.000,0.000,2627.461,0.000,0.000,0.000,0.000,0.000,117808.8,5.265,1.00,-5.00
92.650,12.000,12.000,0.000,2627.461,0.000,0.000,0.000,0.000,0.000,117808.8,5.265,1.00,-5.00
92.660,12.000,12.010,-0.010,0.000,34.408,0.000,0.000,0.000,0.000,117804.4,5.193,1.00,-5.00
92.670,12.000,12.000,0.000,20295.007,0.000,0.000,0.000,0.000,0.000,117804.4,5.193,1.00,-5.00
92.680,12.000,12.000,0.000,2627.235,0.000,0.000,0.000,0.000,0.000,117804.4,5.260,1.00,-5.00
92.690,12.000,12.000,0.000,2628.790,0.000,0.000,0.000,0.000,0.000,117821.3,5.296,1.00,-5.00
92.700,12.000,12.000,0.000,2628.790,0.000,0.000,0.000,0.000,0.000,117821.3,5.296,1.00,-5.00
92.710,12.000,12.000,0.000,2628.790,0.000,0.000,0.000,0.000,0.000,117821.3,5.296,1.00,-5.00
92.720,12.000,12.010,-0.010,0.000,34.409,0.000,0.000,0.000,0.000,117816.9,5.224,1.00,-5.00
92.730,12.000,12.000,0.000,20298.216,0.000,0.000,0.000,0.000,0.000,117816.9,5.224,1.00,-5.00
92.740,12.000,12.000,0.000,2628.564,0.000,0.000,0.000,0.000,0.000,117816.9,5.291,1.00,-5.00
92.750,12.000,12.000,0.000,2630.119,0.000,0.000,0.000,0.000,0.000,117833.8,5.327,1.00,-5.00
92.760,12.000,12.000,0.000,2630.119,0.000,0.000,0.000,0.000,0.000,117833.8,5.327,1.00,-5.00
92.770,12.000,12.000,0.000,2630.119,0.000,0.000,0.000,0.000,0.000,117833.8,5.327,1.00,-5.00
92.780,12.000,12.010,-0.010,0.000,34.411,0.000,0.000,0.000,0.000,117829.4,5.255,1.00,-5.00
92.790,12.000,12.000,0.000,20301.424,0.000,0.000,0.000,0.000,0.000,117829.4,5.255,1.00,-5.00
92.800,12.000,12.000,0.000,2629.892,0.000,0.000,0.000,0.000,0.000,117829.4,5.322,1.00,-5.00
92.810,12.000,12.000,0.000,2631.447,0.000,0.000,0.000,0.000,0.000,117846.4,5.358,1.00,-5.00
92.820,12.000,12.000,0.000,2631.447,0.000,0.000,0.000,0.000,0.000,117846.4,5.358,1.00,-5.00
92.830,12.000,12.000,0.000,2631.447,0.000,0.000,0.000,0.000,0.000,117846.4,5.358,1.00,-5.00
92.840,12.000,12.000,0.000,2631.447,0.000,0.000,0.000,0.000,0.000,117846.4,5.358,1.00,-5.00
92.850,12.000,12.000,0.000,2631.447,0.000,0.000,0.000,0.000,0.000,117846.4,5.358,1.00,-5.00
92.860,12.000,12.010,-0.010,0.000,34.413,0.000,0.000,0.000,0.000,117842.0,5.286,1.00,-5.00
92.870,12.000,12.010,-0.010,0.000,1.684,0.000,0.000,0.000,0.000,117837.6,5.214,1.00,-5.00
92.880,12.000,12.000,0.000,20303.748,0.000,0.000,0.000,0.000,0.000,117837.6,5.280,1.00,-5.00
92.890,12.000,12.000,0.000,2630.995,0.000,0.000,0.000,0.000,0.000,117837.6,5.347,1.00,-5.00
92.900,12.000,12.000,0.000,2632.550,0.000,0.000,0.000,0.000,0.000,117854.5,5.383,1.00,-5.00
92.910,12.000,12.000,0.000,2632.550,0.000,0.000,0.000,0.000,0.000,117854.5,5.383,1.00,-5.00
92.920,12.000,12.000,0.000,2632.550,0.000,0.000,0.000,0.000,0.000,117854.5,5.383,1.00,-5.00
92.930,12.000,12.000,0.000,2632.550,0.000,0.000,0.000,0.000,0.000,117854.5,5.383,1.00,-5.00
92.940,12.000,12.000,0.000,2632.550,0.000,0.000,0.000,0.000,0.000,117854.5,5.383,1.00,-5.00
92.950,12.000,12.000,0.000,2632.550,0.000,0.000,0.000,0.000,0.000,117854.5,5.383,1.00,-5.00
92.960,12.000,12.000,0.000,2632.550,0.000,0.000,0.000,0.000,0.000,117854.5,5.383,1.00,-5.00
92.970,12.000,12.000,0.000,2632.550,0.000,0.000,0.000,0.000,0.000,117854.5,5.383,1.00,-5.00
92.980,12.000,12.000,0.000,2632.550,0.000,0.000,0.000,0.000,0.000,117854.5,5.383,1.00,-5.00
92.990,12.000,12.000,0.000,2632.550,0.000,0.000,0.000,0.000,0.000,117854.5,5.383,1.00,-5.00
93.000,12.000,12.000,0.000,2632.550,0.000,0.000,0.000,0.000,0.000,117854.5,5.383,1.00,-5.00
93.010,12.000,12.000,0.000,2632.550,0.000,0.000,0.000,0.000,0.000,117854.5,5.383,1.00,-5.00
93.020,12.000,12.000,0.000,2632.550,0.000,0.000,0.000,0.000,0.000,117854.5,5.383,1.00,-5.00
93.030,12.000,12.000,0.000,2632.550,0.000,0.000,0.000,0.000,0.000,117854.5,5.383,1.00,-5.00
93.040,12.000,12.000,0.000,2632.550,0.000,0.000,0.000,0.000,0.000,117854.5,5.383,1.00,-5.00
93.050,12.000,12.000,0.000,2632.550,0.000,0.000,0.000,0.000,0.000,117854.5,5.383,1.00,-5.00
93.060,12.000,12.000,0.000,2632.550,0.000,0.000,0.000,0.000,0.000,117854.5,5.383,1.00,-5.00
93.070,12.000,12.000,0.000,2632.550,0.000,0.000,0.000,0.000,0.000,117854.5,5.383,1.00,-5.00
93.080,12.000,12.000,0.000,2632.550,0.000,0.000,0.000,0.000,0.000,117854.5,5.383,1.00,-5.00
93.090,12.000,12.000,0.000,2632.550,0.000,0.000,0.000,0.000,0.000,117854.5,5.383,1.00,-5.00
93.100,12.000,12.000,0.000,2632.550,0.000,0.000,0.000,0.000,0.000,117854.5,5.383,1.00,-5.00
93.110,12.000,12.000,0.000,2632.550,0.000,0.000,0.000,0.000,0.000,117854.5,5.383,1.00,-5.00
93.120,12.000,12.000,0.000,2632.550,0.000,0.000,0.000,0.000,0.000,117854.5,5.383,1.00,-5.00
93.130,12.000,12.000,0.000,2632.550,0.000,0.000,0.000,0.000,0.000,117854.5,5.383,1.00,-5.00
93.140,12.000,12.000,0.000,2632.550,0.000,0.000,0.000,0.000,0.000,117854.5,5.383,1.00,-5.00
93.150,12.000,12.000,0.000,2632.550,0.000,0.000,0.000,0.000,0.000,117854.5,5.383,1.00,-5.00
93.160,12.000,12.000,0.000,2632.550,0.000,0.000,0.000,0.000,0.000,117854.5,5.383,1.00,-5.00
93.170,12.000,12.000,0.000,2632.550,0.000,0.000,0.000,0.000,0.000,117854.5,5.383,1.00,-5.00
93.180,12.000,12.000,0.000,2632.550,0.000,0.000,0.000,0.000,0.000,117854.5,5.383,1.00,-5.00
93.190,12.000,12.000,0.000,2632.550,0.000,0.000,0.000,0.000,0.000,117854.5,5.383,1.00,-5.00
93.200,12.000,12.000,0.000,2632.550,0.000,0.000,0.000,0.000,0.000,117854.5,5.383,1.00,-5.00
93.210,12.000,12.000,0.000,2632.550,0.000,0.000,0.000,0.000,0.000,117854.5,5.383,1.00,-5.00
93.220,12.000,12.000,0.000,2632.550,0.000,0.000,0.000,0.000,0.000,117854.5,5.383,1.00,-5.00
93.230,12.000,12.000,0.000,2632.550,0.000,0.000,0.000,0.000,0.000,117854.5,5.383,1.00,-5.00
93.240,12.000,12.000,0.000,2632.550,0.000,0.000,0.000,0.000,0.000,117854.5,5.383,1.00,-5.00
93.250,12.000,12.000,0.000,2632.550,0.000,0.000,0.000,0.000,0.000,117854.5,5.383,1.00,-5.00
93.260,12.000,12.000,0.000,2632.550,0.000,0.000,0.000,0.000,0.000,117854.5,5.383,1.00,-5.00
93.270,12.000,12.000,0.000,2632.550,0.000,0.000,0.000,0.000,0.000,117854.5,5.383,1.00,-5.00
93.280,12.000,12.000,0.000,2632.550,0.000,0.000,0.000,0.000,0.000,117854.5,5.383,1.00,-5.00
93.290,12.000,12.000,0.000,2632.550,0.000,0.000,0.000,0.000,0.000,117854.5,5.383,1.00,-5.00
93.300,12.000,12.000,0.000,2632.550,0.000,0.000,0.000,0.000,0.000,117854.5,5.383,1.00,-5.00
93.310,12.000,12.000,0.000,2632.550,0.000,0.000,0.000,0.000,0.000,117854.5,5.383,1.00,-5.00
93.320,12.000,12.000,0.000,2632.550,0.000,0.000,0.000,0.000,0.000,117854.5,5.383,1.00,-5.00
93.330,12.000,12.000,0.000,2632.550,0.000,0.000,0.000,0.000,0.000,117854.5,5.383,1.00,-5.00
93.340,12.000,12.000,0.000,2632.550,0.000,0.000,0.000,0.000,0.000,117854.5,5.383,1.00,-5.00
93.350,12.000,12.000,0.000,2632.550,0.000,0.000,0.000,0.000,0.000,117854.5,5.383,1.00,-5.00
93.360,12.000,12.000,0.000,2632.550,0.000,0.000,0.000,0.000,0.000,117854.5,5.383,1.00,-5.00
93.370,12.000,12.000,0.000,2632.550,0.000,0.000,0.000,0.000,0.000,117854.5,5.383,1.00,-5.00
93.380,12.000,12.000,0.000,2632.550,0.000,0.000,0.000,0.000,0.000,117854.5,5.383,1.00,-5.00
93.390,12.000,12.000,0.000,2632.550,0.000,0.000,0.000,0.000,0.000,117854.5,5.383,1.00,-5.00
93.400,12.000,12.000,0.000,2632.550,0.000,0.000,0.000,0.000,0.000,117854.5,5.383,1.00,-5.00
93.410,12.000,12.000,0.000,2632.550,0.000,0.000,0.000,0.000,0.000,117854.5,5.383,1.00,-5.00
93.420,12.000,12.000,0.000,2632.550,0.000,0.000,0.000,0.000,0.000,117854.5,5.383,1.00,-5.00
93.430,12.000,12.000,0.000,2632.550,0.000,0.000,0.000,0.000,0.000,117854.5,5.383,1.00,-5.00
93.440,12.000,12.000,0.000,2632.550,0.000,0.000,0.000,0.000,0.000,117854.5,5.383,1.00,-5.00
93.450,12.000,12.000,0.000,2632.550,0.000,0.000,0.000,0.000,0.000,117854.5,5.383,1.00,-5.00
93.460,12.000,12.000,0.000,2632.550,0.000,0.000,0.000,0.000,0.000,117854.5,5.383,1.00,-5.00
93.470,12.000,12.000,0.000,2632.550,0.000,0.000,0.000,0.000,0.000,117854.5,5.383,1.00,-5.00
93.480,12.000,12.000,0.000,2632.550,0.000,0.000,0.000,0.000,0.000,117854.5,5.383,1.00,-5.00
93.490,12.000,12.010,-0.010,0.000,34.413,0.000,0.000,0.000,0.000,117850.1,5.311,1.00,-5.00
93.500,12.000,12.010,-0.010,0.000,1.683,0.000,0.000,0.000,0.000,117845.7,5.239,1.00,-5.00
93.510,12.000,12.000,0.000,20306.071,0.000,0.000,0.000,0.000,0.000,117845.7,5.306,1.00,-5.00
93.520,12.000,12.000,0.000,2632.097,0.000,0.000,0.000,0.000,0.000,117845.7,5.373,1.00,-5.00
93.530,12.000,11.990,0.010,23857.735,0.000,0.000,0.000,0.000,0.000,117896.5,5.481,1.00,-5.00
93.540,12.000,12.000,0.000,0.000,27.866,0.000,0.000,0.000,0.000,117896.5,5.481,1.00,-5.00
93.550,12.000,12.000,0.000,2635.520,0.000,0.000,0.000,0.000,0.000,117880.6,5.452,1.00,-5.00
93.560,12.000,12.000,0.000,2635.288,0.000,0.000,0.000,0.000,0.000,117880.6,5.446,1.00,-5.00
93.570,12.000,11.990,0.010,23857.296,0.000,0.000,0.000,0.000,0.000,117885.0,5.518,1.00,-5.00
93.580,12.000,12.000,0.000,0.000,27.860,0.000,0.000,0.000,0.000,117885.0,5.518,1.00,-5.00
93.590,12.000,12.000,0.000,2637.156,0.000,0.000,0.000,0.000,0.000,117869.1,5.490,1.00,-5.00
93.600,12.000,11.990,0.010,23856.067,0.000,0.000,0.000,0.000,0.000,117869.1,5.556,1.00,-5.00
93.610,12.000,11.990,0.010,6178.943,0.000,0.000,0.000,0.000,0.000,117873.5,5.628,1.00,-5.00
93.620,12.000,12.000,0.000,0.000,27.846,0.000,0.000,0.000,0.000,117857.6,5.600,1.00,-5.00
93.630,12.000,12.000,0.000,2639.108,0.000,0.000,0.000,0.000,0.000,117848.3,5.535,1.00,-5.00
93.640,12.000,12.000,0.000,2638.876,0.000,0.000,0.000,0.000,0.000,117848.3,5.530,1.00,-5.00
93.650,12.000,12.000,0.000,2638.876,0.000,0.000,0.000,0.000,0.000,117848.3,5.530,1.00,-5.00
93.660,12.000,12.000,0.000,2638.876,0.000,0.000,0.000,0.000,0.000,117848.3,5.530,1.00,-5.00
93.670,12.000,12.000,0.000,2638.876,0.000,0.000,0.000,0.000,0.000,117848.3,5.530,1.00,-5.00
93.680,12.000,12.000,0.000,2638.876,0.000,0.000,0.000,0.000,0.000,117848.3,5.530,1.00,-5.00
93.690,12.000,12.000,0.000,2638.876,0.000,0.000,0.000,0.000,0.000,117848.3,5.530,1.00,-5.00
93.700,12.000,12.000,0.000,2638.876,0.000,0.000,0.000,0.000,0.000,117848.3,5.530,1.00,-5.00
93.710,12.000,12.000,0.000,2638.876,0.000,0.000,0.000,0.000,0.000,117848.3,5.530,1.00,-5.00
93.720,12.000,12.000,0.000,2638.876,0.000,0.000,0.000,0.000,0.000,117848.3,5.530,1.00,-5.00
93.730,12.000,12.000,0.000,2638.876,0.000,0.000,0.000,0.000,0.000,117848.3,5.530,1.00,-5.00
93.740,12.000,12.000,0.000,2638.876,0.000,0.000,0.000,0.000,0.000,117848.3,5.530,1.00,-5.00
93.750,12.000,12.000,0.000,2638.876,0.000,0.000,0.000,0.000,0.000,117848.3,5.530,1.00,-5.00
93.760,12.000,12.000,0.000,2638.876,0.000,0.000,0.000,0.000,0.000,117848.3,5.530,1.00,-5.00
93.770,12.000,12.000,0.000,2638.876,0.000,0.000,0.000,0.000,0.000,117848.3,5.530,1.00,-5.00
93.780,12.000,12.000,0.000,2638.876,0.000,0.000,0.000,0.000,0.000,117848.3,5.530,1.00,-5.00
93.790,12.000,12.000,0.000,2638.876,0.000,0.000,0.000,0.000,0.000,117848.3,5.530,1.00,-5.00
93.800,12.000,12.000,0.000,2638.876,0.000,0.000,0.000,0.000,0.000,117848.3,5.530,1.00,-5.00
93.810,12.000,12.000,0.000,2638.876,0.000,0.000,0.000,0.000,0.000,117848.3,5.530,1.00,-5.00
93.820,12.000,12.000,0.000,2638.876,0.000,0.000,0.000,0.000,0.000,117848.3,5.530,1.00,-5.00
93.830,12.000,12.000,0.000,2638.876,0.000,0.000,0.000,0.000,0.000,117848.3,5.530,1.00,-5.00
93.840,12.000,12.000,0.000,2638.876,0.000,0.000,0.000,0.000,0.000,117848.3,5.530,1.00,-5.00
93.850,12.000,12.000,0.000,2638.876,0.000,0.000,0.000,0.000,0.000,117848.3,5.530,1.00,-5.00
93.860,12.000,12.000,0.000,2638.876,0.000,0.000,0.000,0.000,0.000,117848.3,5.530,1.00,-5.00
93.870,12.000,12.000,0.000,2638.876,0.000,0.000,0.000,0.000,0.000,117848.3,5.530,1.00,-5.00
93.880,12.000,12.000,0.000,2638.876,0.000,0.000,0.000,0.000,0.000,117848.3,5.530,1.00,-5.00
93.890,12.000,12.000,0.000,2638.876,0.000,0.000,0.000,0.000,0.000,117848.3,5.530,1.00,-5.00
93.900,12.000,12.000,0.000,2638.876,0.000,0.000,0.000,0.000,0.000,117848.3,5.530,1.00,-5.00
93.910,12.000,12.000,0.000,2638.876,0.000,0.000,0.000,0.000,0.000,117848.3,5.530,1.00,-5.00
93.920,12.000,12.000,0.000,2638.876,0.000,0.000,0.000,0.000,0.000,117848.3,5.530,1.00,-5.00
93.930,12.000,12.000,0.000,2638.876,0.000,0.000,0.000,0.000,0.000,117848.3,5.530,1.00,-5.00
93.940,12.000,12.000,0.000,2638.876,0.000,0.000,0.000,0.000,0.000,117848.3,5.530,1.00,-5.00
93.950,12.000,12.000,0.000,2638.876,0.000,0.000,0.000,0.000,0.000,117848.3,5.530,1.00,-5.00
93.960,12.000,12.000,0.000,2638.876,0.000,0.000,0.000,0.000,0.000,117848.3,5.530,1.00,-5.00
93.970,12.000,12.000,0.000,2638.876,0.000,0.000,0.000,0.000,0.000,117848.3,5.530,1.00,-5.00
93.980,12.000,12.000,0.000,2638.876,0.000,0.000,0.000,0.000,0.000,117848.3,5.530,1.00,-5.00
93.990,12.000,12.000,0.000,2638.876,0.000,0.000,0.000,0.000,0.000,117848.3,5.530,1.00,-5.00
94.000,12.000,12.000,0.000,2638.876,0.000,0.000,0.000,0.000,0.000,117848.3,5.530,1.00,-5.00
94.010,12.000,12.000,0.000,2638.876,0.000,0.000,0.000,0.000,0.000,117848.3,5.530,1.00,-5.00
94.020,12.000,12.000,0.000,2638.876,0.000,0.000,0.000,0.000,0.000,117848.3,5.530,1.00,-5.00
94.030,12.000,12.000,0.000,2638.876,0.000,0.000,0.000,0.000,0.000,117848.3,5.530,1.00,-5.00
94.040,12.000,12.000,0.000,2638.876,0.000,0.000,0.000,0.000,0.000,117848.3,5.530,1.00,-5.00
94.050,12.000,12.000,0.000,2638.876,0.000,0.000,0.000,0.000,0.000,117848.3,5.530,1.00,-5.00
94.060,12.000,12.000,0.000,2638.876,0.000,0.000,0.000,0.000,0.000,117848.3,5.530,1.00,-5.00
94.070,12.000,12.000,0.000,2638.876,0.000,0.000,0.000,0.000,0.000,117848.3,5.530,1.00,-5.00
94.080,12.000,12.000,0.000,2638.876,0.000,0.000,0.000,0.000,0.000,117848.3,5.530,1.00,-5.00
94.090,12.000,12.000,0.000,2638.876,0.000,0.000,0.000,0.000,0.000,117848.3,5.530,1.00,-5.00
94.100,12.000,12.000,0.000,2638.876,0.000,0.000,0.000,0.000,0.000,117848.3,5.530,1.00,-5.00
94.110,12.000,12.000,0.000,2638.876,0.000,0.000,0.000,0.000,0.000,117848.3,5.530,1.00,-5.00
94.120,12.000,12.000,0.000,2638.876,0.000,0.000,0.000,0.000,0.000,117848.3,5.530,1.00,-5.00
94.130,12.000,12.000,0.000,2638.876,0.000,0.000,0.000,0.000,0.000,117848.3,5.530,1.00,-5.00
94.140,12.000,12.000,0.000,2638.876,0.000,0.000,0.000,0.000,0.000,117848.3,5.530,1.00,-5.00
94.150,12.000,12.000,0.000,2638.876,0.000,0.000,0.000,0.000,0.000,117848.3,5.530,1.00,-5.00
94.160,12.000,12.000,0.000,2638.876,0.000,0.000,0.000,0.000,0.000,117848.3,5.530,1.00,-5.00
94.170,12.000,12.000,0.000,2638.876,0.000,0.000,0.000,0.000,0.000,117848.3,5.530,1.00,-5.00
94.180,12.000,12.000,0.000,2638.876,0.000,0.000,0.000,0.000,0.000,117848.3,5.530,1.00,-5.00
94.190,12.000,12.000,0.000,2638.876,0.000,0.000,0.000,0.000,0.000,117848.3,5.530,1.00,-5.00
94.200,12.000,12.000,0.000,2638.876,0.000,0.000,0.000,0.000,0.000,117848.3,5.530,1.00,-5.00
94.210,12.000,12.000,0.000,2638.876,0.000,0.000,0.000,0.000,0.000,117848.3,5.530,1.00,-5.00
94.220,12.000,12.000,0.000,2638.876,0.000,0.000,0.000,0.000,0.000,117848.3,5.530,1.00,-5.00
94.230,12.000,12.000,0.000,2638.876,0.000,0.000,0.000,0.000,0.000,117848.3,5.530,1.00,-5.00
94.240,12.000,12.000,0.000,2638.876,0.000,0.000,0.000,0.000,0.000,117848.3,5.530,1.00,-5.00
94.250,12.000,12.000,0.000,2638.876,0.000,0.000,0.000,0.000,0.000,117848.3,5.530,1.00,-5.00
94.260,12.000,12.000,0.000,2638.876,0.000,0.000,0.000,0.000,0.000,117848.3,5.530,1.00,-5.00
94.270,12.000,12.000,0.000,2638.876,0.000,0.000,0.000,0.000,0.000,117848.3,5.530,1.00,-5.00
94.280,12.000,12.000,0.000,2638.876,0.000,0.000,0.000,0.000,0.000,117848.3,5.530,1.00,-5.00
94.290,12.000,12.000,0.000,2638.876,0.000,0.000,0.000,0.000,0.000,117848.3,5.530,1.00,-5.00
94.300,12.000,12.000,0.000,2638.876,0.000,0.000,0.000,0.000,0.000,117848.3,5.530,1.00,-5.00
94.310,12.000,12.000,0.000,2638.876,0.000,0.000,0.000,0.000,0.000,117848.3,5.530,1.00,-5.00
94.320,12.000,12.000,0.000,2638.876,0.000,0.000,0.000,0.000,0.000,117848.3,5.530,1.00,-5.00
94.330,12.000,12.000,0.000,2638.876,0.000,0.000,0.000,0.000,0.000,117848.3,5.530,1.00,-5.00
94.340,12.000,12.000,0.000,2638.876,0.000,0.000,0.000,0.000,0.000,117848.3,5.530,1.00,-5.00
94.350,12.000,12.000,0.000,2638.876,0.000,0.000,0.000,0.000,0.000,117848.3,5.530,1.00,-5.00
94.360,12.000,12.000,0.000,2638.876,0.000,0.000,0.000,0.000,0.000,117848.3,5.530,1.00,-5.00
94.370,12.000,12.000,0.000,2638.876,0.000,0.000,0.000,0.000,0.000,117848.3,5.530,1.00,-5.00
94.380,12.000,12.000,0.000,2638.876,0.000,0.000,0.000,0.000,0.000,117848.3,5.530,1.00,-5.00
94.390,12.000,12.000,0.000,2638.876,0.000,0.000,0.000,0.000,0.000,117848.3,5.530,1.00,-5.00
94.400,12.000,12.000,0.000,2638.876,0.000,0.000,0.000,0.000,0.000,117848.3,5.530,1.00,-5.00
94.410,12.000,12.000,0.000,2638.876,0.000,0.000,0.000,0.000,0.000,117848.3,5.530,1.00,-5.00
94.420,12.000,12.000,0.000,2638.876,0.000,0.000,0.000,0.000,0.000,117848.3,5.530,1.00,-5.00
94.430,12.000,12.000,0.000,2638.876,0.000,0.000,0.000,0.000,0.000,117848.3,5.530,1.00,-5.00
94.440,12.000,12.000,0.000,2638.876,0.000,0.000,0.000,0.000,0.000,117848.3,5.530,1.00,-5.00
94.450,12.000,12.000,0.000,2638.876,0.000,0.000,0.000,0.000,0.000,117848.3,5.530,1.00,-5.00
94.460,12.000,12.000,0.000,2638.876,0.000,0.000,0.000,0.000,0.000,117848.3,5.530,1.00,-5.00
94.470,12.000,12.000,0.000,2638.876,0.000,0.000,0.000,0.000,0.000,117848.3,5.530,1.00,-5.00
94.480,12.000,12.000,0.000,2638.876,0.000,0.000,0.000,0.000,0.000,117848.3,5.530,1.00,-5.00
94.490,12.000,12.000,0.000,2638.876,0.000,0.000,0.000,0.000,0.000,117848.3,5.530,1.00,-5.00
94.500,12.000,12.000,0.000,2638.876,0.000,0.000,0.000,0.000,0.000,117848.3,5.530,1.00,-5.00
94.510,12.000,12.000,0.000,2638.876,0.000,0.000,0.000,0.000,0.000,117848.3,5.530,1.00,-5.00
94.520,12.000,12.000,0.000,2638.876,0.000,0.000,0.000,0.000,0.000,117848.3,5.530,1.00,-5.00
94.530,12.000,12.000,0.000,2638.876,0.000,0.000,0.000,0.000,0.000,117848.3,5.530,1.00,-5.00
94.540,12.000,12.000,0.000,2638.876,0.000,0.000,0.000,0.000,0.000,117848.3,5.530,1.00,-5.00
94.550,12.000,12.000,0.000,2638.876,0.000,0.000,0.000,0.000,0.000,117848.3,5.530,1.00,-5.00
94.560,12.000,12.000,0.000,2638.876,0.000,0.000,0.000,0.000,0.000,117848.3,5.530,1.00,-5.00
94.570,12.000,12.000,0.000,2638.876,0.000,0.000,0.000,0.000,0.000,117848.3,5.530,1.00,-5.00
94.580,12.000,12.000,0.000,2638.876,0.000,0.000,0.000,0.000,0.000,117848.3,5.530,1.00,-5.00
94.590,12.000,12.000,0.000,2638.876,0.000,0.000,0.000,0.000,0.000,117848.3,5.530,1.00,-5.00
94.600,12.000,12.000,0.000,2638.876,0.000,0.000,0.000,0.000,0.000,117848.3,5.530,1.00,-5.00
94.610,12.000,12.000,0.000,2638.876,0.000,0.000,0.000,0.000,0.000,117848.3,5.530,1.00,-5.00
94.620,12.000,12.000,0.000,2638.876,0.000,0.000,0.000,0.000,0.000,117848.3,5.530,1.00,-5.00
94.630,12.000,12.000,0.000,2638.876,0.000,0.000,0.000,0.000,0.000,117848.3,5.530,1.00,-5.00
94.640,12.000,12.000,0.000,2638.876,0.000,0.000,0.000,0.000,0.000,117848.3,5.530,1.00,-5.00
94.650,12.000,12.000,0.000,2638.876,0.000,0.000,0.000,0.000,0.000,117848.3,5.530,1.00,-5.00
94.660,12.000,12.000,0.000,2638.876,0.000,0.000,0.000,0.000,0.000,117848.3,5.530,1.00,-5.00
94.670,12.000,12.000,0.000,2638.876,0.000,0.000,0.000,0.000,0.000,117848.3,5.530,1.00,-5.00
94.680,12.000,12.000,0.000,2638.876,0.000,0.000,0.000,0.000,0.000,117848.3,5.530,1.00,-5.00
94.690,12.000,12.000,0.000,2638.876,0.000,0.000,0.000,0.000,0.000,117848.3,5.530,1.00,-5.00
94.700,12.000,12.000,0.000,2638.876,0.000,0.000,0.000,0.000,0.000,117848.3,5.530,1.00,-5.00
94.710,12.000,12.000,0.000,2638.876,0.000,0.000,0.000,0.000,0.000,117848.3,5.530,1.00,-5.00
94.720,12.000,12.000,0.000,2638.876,0.000,0.000,0.000,0.000,0.000,117848.3,5.530,1.00,-5.00
94.730,12.000,12.000,0.000,2638.876,0.000,0.000,0.000,0.000,0.000,117848.3,5.530,1.00,-5.00
94.740,12.000,12.000,0.000,2638.876,0.000,0.000,0.000,0.000,0.000,117848.3,5.530,1.00,-5.00
94.750,12.000,12.000,0.000,2638.876,0.000,0.000,0.000,0.000,0.000,117848.3,5.530,1.00,-5.00
94.760,12.000,12.000,0.000,2638.876,0.000,0.000,0.000,0.000,0.000,117848.3,5.530,1.00,-5.00
94.770,12.000,12.000,0.000,2638.876,0.000,0.000,0.000,0.000,0.000,117848.3,5.530,1.00,-5.00
94.780,12.000,12.000,0.000,2638.876,0.000,0.000,0.000,0.000,0.000,117848.3,5.530,1.00,-5.00
94.790,12.000,12.000,0.000,2638.876,0.000,0.000,0.000,0.000,0.000,117848.3,5.530,1.00,-5.00
94.800,12.000,12.000,0.000,2638.876,0.000,0.000,0.000,0.000,0.000,117848.3,5.530,1.00,-5.00
94.810,12.000,12.000,0.000,2638.876,0.000,0.000,0.000,0.000,0.000,117848.3,5.530,1.00,-5.00
94.820,12.000,12.000,0.000,2638.876,0.000,0.000,0.000,0.000,0.000,117848.3,5.530,1.00,-5.00
94.830,12.000,12.000,0.000,2638.876,0.000,0.000,0.000,0.000,0.000,117848.3,5.530,1.00,-5.00
94.840,12.000,12.000,0.000,2638.876,0.000,0.000,0.000,0.000,0.000,117848.3,5.530,1.00,-5.00
94.850,12.000,12.000,0.000,2638.876,0.000,0.000,0.000,0.000,0.000,117848.3,5.530,1.00,-5.00
94.860,12.000,12.000,0.000,2638.876,0.000,0.000,0.000,0.000,0.000,117848.3,5.530,1.00,-5.00
94.870,12.000,12.000,0.000,2638.876,0.000,0.000,0.000,0.000,0.000,117848.3,5.530,1.00,-5.00
94.880,12.000,12.000,0.000,2638.876,0.000,0.000,0.000,0.000,0.000,117848.3,5.530,1.00,-5.00
94.890,12.000,12.000,0.000,2638.876,0.000,0.000,0.000,0.000,0.000,117848.3,5.530,1.00,-5.00
94.900,12.000,12.000,0.000,2638.876,0.000,0.000,0.000,0.000,0.000,117848.3,5.530,1.00,-5.00
94.910,12.000,12.000,0.000,2638.876,0.000,0.000,0.000,0.000,0.000,117848.3,5.530,1.00,-5.00
94.920,12.000,12.000,0.000,2638.876,0.000,0.000,0.000,0.000,0.000,117848.3,5.530,1.00,-5.00
94.930,12.000,12.000,0.000,2638.876,0.000,0.000,0.000,0.000,0.000,117848.3,5.530,1.00,-5.00
94.940,12.000,12.000,0.000,2638.876,0.000,0.000,0.000,0.000,0.000,117848.3,5.530,1.00,-5.00
94.950,12.000,12.000,0.000,2638.876,0.000,0.000,0.000,0.000,0.000,117848.3,5.530,1.00,-5.00
94.960,12.000,12.000,0.000,2638.876,0.000,0.000,0.000,0.000,0.000,117848.3,5.530,1.00,-5.00
94.970,12.000,12.010,-0.010,0.000,34.400,0.000,0.000,0.000,0.000,117843.9,5.458,1.00,-5.00
94.980,12.000,12.000,0.000,20312.348,0.000,0.000,0.000,0.000,0.000,117843.9,5.458,1.00,-5.00
94.990,12.000,12.000,0.000,2638.649,0.000,0.000,0.000,0.000,0.000,117843.9,5.524,1.00,-5.00
95.000,12.000,12.000,0.000,2640.204,0.000,0.000,0.000,0.000,0.000,117860.8,5.560,1.00,5.00
95.010,12.000,12.010,-0.010,0.000,34.401,0.000,0.000,0.000,0.000,117856.4,5.488,1.00,5.00
95.020,12.000,12.000,0.000,20315.555,0.000,0.000,0.000,0.000,0.000,117856.4,5.488,1.00,5.00
95.030,12.000,12.000,0.000,2639.977,0.000,0.000,0.000,0.000,0.000,117856.4,5.555,1.00,5.00
95.040,12.000,12.000,0.000,2641.532,0.000,0.000,0.000,0.000,0.000,117873.3,5.591,1.00,5.00
95.050,12.000,12.000,0.000,2641.531,0.000,0.000,0.000,0.000,0.000,117873.3,5.591,1.00,5.00
95.060,12.000,12.000,0.000,2641.531,0.000,0.000,0.000,0.000,0.000,117873.3,5.591,1.00,5.00
95.070,12.000,12.010,-0.010,0.000,34.403,0.000,0.000,0.000,0.000,117868.9,5.519,1.00,5.00
95.080,12.000,12.010,-0.010,0.000,1.667,0.000,0.000,0.000,0.000,117864.5,5.447,1.00,5.00
95.090,12.000,12.000,0.000,20317.875,0.000,0.000,0.000,0.000,0.000,117864.5,5.514,1.00,5.00
95.100,12.000,12.000,0.000,2641.077,0.000,0.000,0.000,0.000,0.000,117864.5,5.580,1.00,5.00
95.110,12.000,12.000,0.000,2642.632,0.000,0.000,0.000,0.000,0.000,117881.5,5.616,1.00,5.00
95.120,12.000,12.000,0.000,2642.632,0.000,0.000,0.000,0.000,0.000,117881.5,5.616,1.00,5.00
95.130,12.000,12.000,0.000,2642.632,0.000,0.000,0.000,0.000,0.000,117881.5,5.616,1.00,5.00
95.140,12.000,12.000,0.000,2642.632,0.000,0.000,0.000,0.000,0.000,117881.5,5.616,1.00,5.00
95.150,12.000,12.000,0.000,2642.632,0.000,0.000,0.000,0.000,0.000,117881.5,5.616,1.00,5.00
95.160,12.000,12.000,0.000,2642.632,0.000,0.000,0.000,0.000,0.000,117881.5,5.616,1.00,5.00
95.170,12.000,12.000,0.000,2642.632,0.000,0.000,0.000,0.000,0.000,117881.5,5.616,1.00,5.00
95.180,12.000,12.000,0.000,2642.632,0.000,0.000,0.000,0.000,0.000,117881.5,5.616,1.00,5.00
95.190,12.000,12.000,0.000,2642.632,0.000,0.000,0.000,0.000,0.000,117881.5,5.616,1.00,5.00
95.200,12.000,12.000,0.000,2642.632,0.000,0.000,0.000,0.000,0.000,117881.5,5.616,1.00,5.00
95.210,12.000,12.000,0.000,2642.632,0.000,0.000,0.000,0.000,0.000,117881.5,5.616,1.00,5.00
95.220,12.000,12.000,0.000,2642.632,0.000,0.000,0.000,0.000,0.000,117881.5,5.616,1.00,5.00
95.230,12.000,12.000,0.000,2642.632,0.000,0.000,0.000,0.000,0.000,117881.5,5.616,1.00,5.00
95.240,12.000,12.000,0.000,2642.632,0.000,0.000,0.000,0.000,0.000,117881.5,5.616,1.00,5.00
95.250,12.000,12.000,0.000,2642.632,0.000,0.000,0.000,0.000,0.000,117881.5,5.616,1.00,5.00
95.260,12.000,12.000,0.000,2642.632,0.000,0.000,0.000,0.000,0.000,117881.5,5.616,1.00,5.00
95.270,12.000,12.000,0.000,2642.632,0.000,0.000,0.000,0.000,0.000,117881.5,5.616,1.00,5.00
95.280,12.000,12.000,0.000,2642.632,0.000,0.000,0.000,0.000,0.000,117881.5,5.616,1.00,5.00
95.290,12.000,12.000,0.000,2642.632,0.000,0.000,0.000,0.000,0.000,117881.5,5.616,1.00,5.00
95.300,12.000,12.000,0.000,2642.632,0.000,0.000,0.000,0.000,0.000,117881.5,5.616,1.00,5.00
95.310,12.000,12.000,0.000,2642.632,0.000,0.000,0.000,0.000,0.000,117881.5,5.616,1.00,5.00
95.320,12.000,12.000,0.000,2642.632,0.000,0.000,0.000,0.000,0.000,117881.5,5.616,1.00,5.00
95.330,12.000,12.000,0.000,2642.632,0.000,0.000,0.000,0.000,0.000,117881.5,5.616,1.00,5.00
95.340,12.000,12.000,0.000,2642.632,0.000,0.000,0.000,0.000,0.000,117881.5,5.616,1.00,5.00
95.350,12.000,12.000,0.000,2642.632,0.000,0.000,0.000,0.000,0.000,117881.5,5.616,1.00,5.00
95.360,12.000,12.000,0.000,2642.632,0.000,0.000,0.000,0.000,0.000,117881.5,5.616,1.00,5.00
95.370,12.000,12.000,0.000,2642.632,0.000,0.000,0.000,0.000,0.000,117881.5,5.616,1.00,5.00
95.380,12.000,12.000,0.000,2642.632,0.000,0.000,0.000,0.000,0.000,117881.5,5.616,1.00,5.00
95.390,12.000,12.000,0.000,2642.632,0.000,0.000,0.000,0.000,0.000,117881.5,5.616,1.00,5.00
95.400,12.000,12.000,0.000,2642.632,0.000,0.000,0.000,0.000,0.000,117881.5,5.616,1.00,5.00
95.410,12.000,12.000,0.000,2642.632,0.000,0.000,0.000,0.000,0.000,117881.5,5.616,1.00,5.00
95.420,12.000,12.000,0.000,2642.632,0.000,0.000,0.000,0.000,0.000,117881.5,5.616,1.00,5.00
95.430,12.000,12.000,0.000,2642.632,0.000,0.000,0.000,0.000,0.000,117881.5,5.616,1.00,5.00
95.440,12.000,12.000,0.000,2642.632,0.000,0.000,0.000,0.000,0.000,117881.5,5.616,1.00,5.00
95.450,12.000,12.000,0.000,2642.632,0.000,0.000,0.000,0.000,0.000,117881.5,5.616,1.00,5.00
95.460,12.000,12.000,0.000,2642.632,0.000,0.000,0.000,0.000,0.000,117881.5,5.616,1.00,5.00
95.470,12.000,12.000,0.000,2642.632,0.000,0.000,0.000,0.000,0.000,117881.5,5.616,1.00,5.00
95.480,12.000,12.000,0.000,2642.632,0.000,0.000,0.000,0.000,0.000,117881.5,5.616,1.00,5.00
95.490,12.000,12.000,0.000,2642.632,0.000,0.000,0.000,0.000,0.000,117881.5,5.616,1.00,5.00
95.500,12.000,12.000,0.000,2642.632,0.000,0.000,0.000,0.000,0.000,117881.5,5.616,1.00,5.00
95.510,12.000,12.000,0.000,2642.632,0.000,0.000,0.000,0.000,0.000,117881.5,5.616,1.00,5.00
95.520,12.000,12.000,0.000,2642.632,0.000,0.000,0.000,0.000,0.000,117881.5,5.616,1.00,5.00
95.530,12.000,12.000,0.000,2642.632,0.000,0.000,0.000,0.000,0.000,117881.5,5.616,1.00,5.00
95.540,12.000,12.000,0.000,2642.632,0.000,0.000,0.000,0.000,0.000,117881.5,5.616,1.00,5.00
95.550,12.000,12.000,0.000,2642.632,0.000,0.000,0.000,0.000,0.000,117881.5,5.616,1.00,5.00
95.560,12.000,12.000,0.000,2642.632,0.000,0.000,0.000,0.000,0.000,117881.5,5.616,1.00,5.00
95.570,12.000,12.000,0.000,2642.632,0.000,0.000,0.000,0.000,0.000,117881.5,5.616,1.00,5.00
95.580,12.000,12.000,0.000,2642.632,0.000,0.000,0.000,0.000,0.000,117881.5,5.616,1.00,5.00
95.590,12.000,12.000,0.000,2642.632,0.000,0.000,0.000,0.000,0.000,117881.5,5.616,1.00,5.00
95.600,12.000,12.000,0.000,2642.632,0.000,0.000,0.000,0.000,0.000,117881.5,5.616,1.00,5.00
95.610,12.000,12.000,0.000,2642.632,0.000,0.000,0.000,0.000,0.000,117881.5,5.616,1.00,5.00
95.620,12.000,12.000,0.000,2642.632,0.000,0.000,0.000,0.000,0.000,117881.5,5.616,1.00,5.00
95.630,12.000,12.000,0.000,2642.632,0.000,0.000,0.000,0.000,0.000,117881.5,5.616,1.00,5.00
95.640,12.000,12.000,0.000,2642.632,0.000,0.000,0.000,0.000,0.000,117881.5,5.616,1.00,5.00
95.650,12.000,12.000,0.000,2642.632,0.000,0.000,0.000,0.000,0.000,117881.5,5.616,1.00,5.00
95.660,12.000,12.000,0.000,2642.632,0.000,0.000,0.000,0.000,0.000,117881.5,5.616,1.00,5.00
95.670,12.000,12.000,0.000,2642.632,0.000,0.000,0.000,0.000,0.000,117881.5,5.616,1.00,5.00
95.680,12.000,12.000,0.000,2642.632,0.000,0.000,0.000,0.000,0.000,117881.5,5.616,1.00,5.00
95.690,12.000,12.010,-0.010,0.000,34.404,0.000,0.000,0.000,0.000,117877.1,5.544,1.00,5.00
95.700,12.000,12.000,0.000,20321.081,0.000,0.000,0.000,0.000,0.000,117877.1,5.544,1.00,5.00
95.710,12.000,12.000,0.000,2642.405,0.000,0.000,0.000,0.000,0.000,117877.1,5.611,1.00,5.00
95.720,12.000,12.000,0.000,2643.960,0.000,0.000,0.000,0.000,0.000,117894.0,5.647,1.00,5.00
95.730,12.000,12.000,0.000,2643.960,0.000,0.000,0.000,0.000,0.000,117894.0,5.647,1.00,5.00
95.740,12.000,12.000,0.000,2643.960,0.000,0.000,0.000,0.000,0.000,117894.0,5.647,1.00,5.00
95.750,12.000,12.010,-0.010,0.000,34.405,0.000,0.000,0.000,0.000,117889.6,5.575,1.00,5.00
95.760,12.000,12.000,0.000,20324.287,0.000,0.000,0.000,0.000,0.000,117889.6,5.575,1.00,5.00
95.770,12.000,12.000,0.000,2643.733,0.000,0.000,0.000,0.000,0.000,117889.6,5.642,1.00,5.00
95.780,12.000,12.000,0.000,2645.288,0.000,0.000,0.000,0.000,0.000,117906.5,5.678,1.00,5.00
95.790,12.000,12.000,0.000,2645.287,0.000,0.000,0.000,0.000,0.000,117906.5,5.678,1.00,5.00
95.800,12.000,12.000,0.000,2645.287,0.000,0.000,0.000,0.000,0.000,117906.5,5.678,1.00,5.00
95.810,12.000,12.000,0.000,2645.287,0.000,0.000,0.000,0.000,0.000,117906.5,5.678,1.00,5.00
95.820,12.000,12.010,-0.010,0.000,34.407,0.000,0.000,0.000,0.000,117902.1,5.606,1.00,5.00
95.830,12.000,12.000,0.000,20327.494,0.000,0.000,0.000,0.000,0.000,117902.1,5.606,1.00,5.00
95.840,12.000,12.000,0.000,2645.060,0.000,0.000,0.000,0.000,0.000,117902.1,5.673,1.00,5.00
95.850,12.000,12.000,0.000,2646.615,0.000,0.000,0.000,0.000,0.000,117919.0,5.709,1.00,5.00
95.860,12.000,12.000,0.000,2646.615,0.000,0.000,0.000,0.000,0.000,117919.0,5.709,1.00,5.00
95.870,12.000,12.000,0.000,2646.615,0.000,0.000,0.000,0.000,0.000,117919.0,5.709,1.00,5.00
95.880,12.000,12.010,-0.010,0.000,34.409,0.000,0.000,0.000,0.000,117914.6,5.637,1.00,5.00
95.890,12.000,12.010,-0.010,0.000,1.660,0.000,0.000,0.000,0.000,117910.2,5.565,1.00,5.00
95.900,12.000,12.000,0.000,20329.811,0.000,0.000,0.000,0.000,0.000,117910.2,5.631,1.00,5.00
95.910,12.000,12.000,0.000,2646.160,0.000,0.000,0.000,0.000,0.000,117910.2,5.698,1.00,5.00
95.920,12.000,12.010,-0.010,0.000,34.400,0.000,0.000,0.000,0.000,117893.3,5.662,1.00,5.00
95.930,12.000,12.010,-0.010,0.000,1.657,0.000,0.000,0.000,0.000,117888.9,5.590,1.00,5.00
95.940,12.000,12.010,-0.010,0.000,1.657,0.000,0.000,0.000,0.000,117888.9,5.585,1.00,5.00
95.950,12.000,12.010,-0.010,0.000,1.658,0.000,0.000,0.000,0.000,117888.9,5.579,1.00,5.00
95.960,12.000,12.000,0.000,20327.243,0.000,0.000,0.000,0.000,0.000,117888.9,5.646,1.00,5.00
95.970,12.000,12.000,0.000,2646.794,0.000,0.000,0.000,0.000,0.000,117888.9,5.713,1.00,5.00
95.980,12.000,12.000,0.000,2648.349,0.000,0.000,0.000,0.000,0.000,117905.8,5.749,1.00,5.00
95.990,12.000,12.000,0.000,2648.349,0.000,0.000,0.000,0.000,0.000,117905.8,5.749,1.00,5.00
96.000,12.000,12.000,0.000,2648.349,0.000,0.000,0.000,0.000,0.000,117905.8,5.749,1.00,5.00
96.010,12.000,12.000,0.000,2648.349,0.000,0.000,0.000,0.000,0.000,117905.8,5.749,1.00,5.00
96.020,12.000,12.000,0.000,2648.349,0.000,0.000,0.000,0.000,0.000,117905.8,5.749,1.00,5.00
96.030,12.000,12.000,0.000,2648.349,0.000,0.000,0.000,0.000,0.000,117905.8,5.749,1.00,5.00
96.040,12.000,12.000,0.000,2648.349,0.000,0.000,0.000,0.000,0.000,117905.8,5.749,1.00,5.00
96.050,12.000,12.000,0.000,2648.349,0.000,0.000,0.000,0.000,0.000,117905.8,5.749,1.00,5.00
96.060,12.000,12.000,0.000,2648.349,0.000,0.000,0.000,0.000,0.000,117905.8,5.749,1.00,5.00
96.070,12.000,12.000,0.000,2648.349,0.000,0.000,0.000,0.000,0.000,117905.8,5.749,1.00,5.00
96.080,12.000,12.000,0.000,2648.349,0.000,0.000,0.000,0.000,0.000,117905.8,5.749,1.00,5.00
96.090,12.000,12.000,0.000,2648.349,0.000,0.000,0.000,0.000,0.000,117905.8,5.749,1.00,5.00
96.100,12.000,12.000,0.000,2648.349,0.000,0.000,0.000,0.000,0.000,117905.8,5.749,1.00,5.00
96.110,12.000,12.000,0.000,2648.349,0.000,0.000,0.000,0.000,0.000,117905.8,5.749,1.00,5.00
96.120,12.000,12.000,0.000,2648.349,0.000,0.000,0.000,0.000,0.000,117905.8,5.749,1.00,5.00
96.130,12.000,12.000,0.000,2648.349,0.000,0.000,0.000,0.000,0.000,117905.8,5.749,1.00,5.00
96.140,12.000,12.000,0.000,2648.349,0.000,0.000,0.000,0.000,0.000,117905.8,5.749,1.00,5.00
96.150,12.000,12.000,0.000,2648.349,0.000,0.000,0.000,0.000,0.000,117905.8,5.749,1.00,5.00
96.160,12.000,12.000,0.000,2648.349,0.000,0.000,0.000,0.000,0.000,117905.8,5.749,1.00,5.00
96.170,12.000,12.000,0.000,2648.349,0.000,0.000,0.000,0.000,0.000,117905.8,5.749,1.00,5.00
96.180,12.000,12.000,0.000,2648.349,0.000,0.000,0.000,0.000,0.000,117905.8,5.749,1.00,5.00
96.190,12.000,12.000,0.000,2648.349,0.000,0.000,0.000,0.000,0.000,117905.8,5.749,1.00,5.00
96.200,12.000,12.000,0.000,2648.349,0.000,0.000,0.000,0.000,0.000,117905.8,5.749,1.00,5.00
96.210,12.000,12.000,0.000,2648.349,0.000,0.000,0.000,0.000,0.000,117905.8,5.749,1.00,5.00
96.220,12.000,12.000,0.000,2648.349,0.000,0.000,0.000,0.000,0.000,117905.8,5.749,1.00,5.00
96.230,12.000,12.000,0.000,2648.349,0.000,0.000,0.000,0.000,0.000,117905.8,5.749,1.00,5.00
96.240,12.000,12.000,0.000,2648.349,0.000,0.000,0.000,0.000,0.000,117905.8,5.749,1.00,5.00
96.250,12.000,12.000,0.000,2648.349,0.000,0.000,0.000,0.000,0.000,117905.8,5.749,1.00,5.00
96.260,12.000,12.000,0.000,2648.349,0.000,0.000,0.000,0.000,0.000,117905.8,5.749,1.00,5.00
96.270,12.000,12.000,0.000,2648.349,0.000,0.000,0.000,0.000,0.000,117905.8,5.749,1.00,5.00
96.280,12.000,12.000,0.000,2648.349,0.000,0.000,0.000,0.000,0.000,117905.8,5.749,1.00,5.00
96.290,12.000,12.000,0.000,2648.349,0.000,0.000,0.000,0.000,0.000,117905.8,5.749,1.00,5.00
96.300,12.000,12.000,0.000,2648.349,0.000,0.000,0.000,0.000,0.000,117905.8,5.749,1.00,5.00
96.310,12.000,12.000,0.000,2648.349,0.000,0.000,0.000,0.000,0.000,117905.8,5.749,1.00,5.00
96.320,12.000,12.000,0.000,2648.349,0.000,0.000,0.000,0.000,0.000,117905.8,5.749,1.00,5.00
96.330,12.000,12.000,0.000,2648.349,0.000,0.000,0.000,0.000,0.000,117905.8,5.749,1.00,5.00
96.340,12.000,12.000,0.000,2648.349,0.000,0.000,0.000,0.000,0.000,117905.8,5.749,1.00,5.00
96.350,12.000,12.000,0.000,2648.349,0.000,0.000,0.000,0.000,0.000,117905.8,5.749,1.00,5.00
96.360,12.000,12.000,0.000,2648.349,0.000,0.000,0.000,0.000,0.000,117905.8,5.749,1.00,5.00
96.370,12.000,12.000,0.000,2648.349,0.000,0.000,0.000,0.000,0.000,117905.8,5.749,1.00,5.00
96.380,12.000,12.000,0.000,2648.349,0.000,0.000,0.000,0.000,0.000,117905.8,5.749,1.00,5.00
96.390,12.000,12.000,0.000,2648.349,0.000,0.000,0.000,0.000,0.000,117905.8,5.749,1.00,5.00
96.400,12.000,12.000,0.000,2648.349,0.000,0.000,0.000,0.000,0.000,117905.8,5.749,1.00,5.00
96.410,12.000,12.000,0.000,2648.349,0.000,0.000,0.000,0.000,0.000,117905.8,5.749,1.00,5.00
96.420,12.000,12.000,0.000,2648.349,0.000,0.000,0.000,0.000,0.000,117905.8,5.749,1.00,5.00
96.430,12.000,12.000,0.000,2648.349,0.000,0.000,0.000,0.000,0.000,117905.8,5.749,1.00,5.00
96.440,12.000,12.000,0.000,2648.349,0.000,0.000,0.000,0.000,0.000,117905.8,5.749,1.00,5.00
96.450,12.000,12.000,0.000,2648.349,0.000,0.000,0.000,0.000,0.000,117905.8,5.749,1.00,5.00
96.460,12.000,12.000,0.000,2648.349,0.000,0.000,0.000,0.000,0.000,117905.8,5.749,1.00,5.00
96.470,12.000,12.000,0.000,2648.349,0.000,0.000,0.000,0.000,0.000,117905.8,5.749,1.00,5.00
96.480,12.000,12.000,0.000,2648.349,0.000,0.000,0.000,0.000,0.000,117905.8,5.749,1.00,5.00
96.490,12.000,12.000,0.000,2648.349,0.000,0.000,0.000,0.000,0.000,117905.8,5.749,1.00,5.00
96.500,12.000,12.000,0.000,2648.349,0.000,0.000,0.000,0.000,0.000,117905.8,5.749,1.00,5.00
96.510,12.000,12.000,0.000,2648.349,0.000,0.000,0.000,0.000,0.000,117905.8,5.749,1.00,5.00
96.520,12.000,12.000,0.000,2648.349,0.000,0.000,0.000,0.000,0.000,117905.8,5.749,1.00,5.00
96.530,12.000,12.000,0.000,2648.349,0.000,0.000,0.000,0.000,0.000,117905.8,5.749,1.00,5.00
96.540,12.000,12.000,0.000,2648.349,0.000,0.000,0.000,0.000,0.000,117905.8,5.749,1.00,5.00
96.550,12.000,12.000,0.000,2648.349,0.000,0.000,0.000,0.000,0.000,117905.8,5.749,1.00,5.00
96.560,12.000,12.000,0.000,2648.349,0.000,0.000,0.000,0.000,0.000,117905.8,5.749,1.00,5.00
96.570,12.000,12.000,0.000,2648.349,0.000,0.000,0.000,0.000,0.000,117905.8,5.749,1.00,5.00
96.580,12.000,12.000,0.000,2648.349,0.000,0.000,0.000,0.000,0.000,117905.8,5.749,1.00,5.00
96.590,12.000,12.000,0.000,2648.349,0.000,0.000,0.000,0.000,0.000,117905.8,5.749,1.00,5.00
96.600,12.000,12.000,0.000,2648.349,0.000,0.000,0.000,0.000,0.000,117905.8,5.749,1.00,5.00
96.610,12.000,12.000,0.000,2648.349,0.000,0.000,0.000,0.000,0.000,117905.8,5.749,1.00,5.00
96.620,12.000,12.000,0.000,2648.349,0.000,0.000,0.000,0.000,0.000,117905.8,5.749,1.00,5.00
96.630,12.000,12.000,0.000,2648.349,0.000,0.000,0.000,0.000,0.000,117905.8,5.749,1.00,5.00
96.640,12.000,12.000,0.000,2648.349,0.000,0.000,0.000,0.000,0.000,117905.8,5.749,1.00,5.00
96.650,12.000,12.000,0.000,2648.349,0.000,0.000,0.000,0.000,0.000,117905.8,5.749,1.00,5.00
96.660,12.000,12.000,0.000,2648.349,0.000,0.000,0.000,0.000,0.000,117905.8,5.749,1.00,5.00
96.670,12.000,12.000,0.000,2648.349,0.000,0.000,0.000,0.000,0.000,117905.8,5.749,1.00,5.00
96.680,12.000,12.000,0.000,2648.349,0.000,0.000,0.000,0.000,0.000,117905.8,5.749,1.00,5.00
96.690,12.000,12.000,0.000,2648.349,0.000,0.000,0.000,0.000,0.000,117905.8,5.749,1.00,5.00
96.700,12.000,12.000,0.000,2648.349,0.000,0.000,0.000,0.000,0.000,117905.8,5.749,1.00,5.00
96.710,12.000,12.000,0.000,2648.349,0.000,0.000,0.000,0.000,0.000,117905.8,5.749,1.00,5.00
96.720,12.000,12.000,0.000,2648.349,0.000,0.000,0.000,0.000,0.000,117905.8,5.749,1.00,5.00
96.730,12.000,12.000,0.000,2648.349,0.000,0.000,0.000,0.000,0.000,117905.8,5.749,1.00,5.00
96.740,12.000,12.000,0.000,2648.349,0.000,0.000,0.000,0.000,0.000,117905.8,5.749,1.00,5.00
96.750,12.000,12.000,0.000,2648.349,0.000,0.000,0.000,0.000,0.000,117905.8,5.749,1.00,5.00
96.760,12.000,12.000,0.000,2648.349,0.000,0.000,0.000,0.000,0.000,117905.8,5.749,1.00,5.00
96.770,12.000,12.000,0.000,2648.349,0.000,0.000,0.000,0.000,0.000,117905.8,5.749,1.00,5.00
96.780,12.000,12.000,0.000,2648.349,0.000,0.000,0.000,0.000,0.000,117905.8,5.749,1.00,5.00
96.790,12.000,12.000,0.000,2648.349,0.000,0.000,0.000,0.000,0.000,117905.8,5.749,1.00,5.00
96.800,12.000,12.000,0.000,2648.349,0.000,0.000,0.000,0.000,0.000,117905.8,5.749,1.00,5.00
96.810,12.000,12.000,0.000,2648.349,0.000,0.000,0.000,0.000,0.000,117905.8,5.749,1.00,5.00
96.820,12.000,12.000,0.000,2648.349,0.000,0.000,0.000,0.000,0.000,117905.8,5.749,1.00,5.00
96.830,12.000,12.000,0.000,2648.349,0.000,0.000,0.000,0.000,0.000,117905.8,5.749,1.00,5.00
96.840,12.000,12.000,0.000,2648.349,0.000,0.000,0.000,0.000,0.000,117905.8,5.749,1.00,5.00
96.850,12.000,12.000,0.000,2648.349,0.000,0.000,0.000,0.000,0.000,117905.8,5.749,1.00,5.00
96.860,12.000,12.000,0.000,2648.349,0.000,0.000,0.000,0.000,0.000,117905.8,5.749,1.00,5.00
96.870,12.000,12.000,0.000,2648.349,0.000,0.000,0.000,0.000,0.000,117905.8,5.749,1.00,5.00
96.880,12.000,12.000,0.000,2648.349,0.000,0.000,0.000,0.000,0.000,117905.8,5.749,1.00,5.00
96.890,12.000,12.000,0.000,2648.349,0.000,0.000,0.000,0.000,0.000,117905.8,5.749,1.00,5.00
96.900,12.000,12.000,0.000,2648.349,0.000,0.000,0.000,0.000,0.000,117905.8,5.749,1.00,5.00
96.910,12.000,12.000,0.000,2648.349,0.000,0.000,0.000,0.000,0.000,117905.8,5.749,1.00,5.00
96.920,12.000,12.000,0.000,2648.349,0.000,0.000,0.000,0.000,0.000,117905.8,5.749,1.00,5.00
96.930,12.000,12.000,0.000,2648.349,0.000,0.000,0.000,0.000,0.000,117905.8,5.749,1.00,5.00
96.940,12.000,12.000,0.000,2648.349,0.000,0.000,0.000,0.000,0.000,117905.8,5.749,1.00,5.00
96.950,12.000,12.000,0.000,2648.349,0.000,0.000,0.000,0.000,0.000,117905.8,5.749,1.00,5.00
96.960,12.000,12.000,0.000,2648.349,0.000,0.000,0.000,0.000,0.000,117905.8,5.749,1.00,5.00
96.970,12.000,12.000,0.000,2648.349,0.000,0.000,0.000,0.000,0.000,117905.8,5.749,1.00,5.00
96.980,12.000,12.000,0.000,2648.349,0.000,0.000,0.000,0.000,0.000,117905.8,5.749,1.00,5.00
96.990,12.000,12.000,0.000,2648.349,0.000,0.000,0.000,0.000,0.000,117905.8,5.749,1.00,5.00
97.000,12.000,12.000,0.000,2648.349,0.000,0.000,0.000,0.000,0.000,117905.8,5.749,1.00,5.00
97.010,12.000,12.000,0.000,2648.349,0.000,0.000,0.000,0.000,0.000,117905.8,5.749,1.00,5.00
97.020,12.000,12.000,0.000,2648.349,0.000,0.000,0.000,0.000,0.000,117905.8,5.749,1.00,5.00
97.030,12.000,12.000,0.000,2648.349,0.000,0.000,0.000,0.000,0.000,117905.8,5.749,1.00,5.00
97.040,12.000,12.000,0.000,2648.349,0.000,0.000,0.000,0.000,0.000,117905.8,5.749,1.00,5.00
97.050,12.000,12.000,0.000,2648.349,0.000,0.000,0.000,0.000,0.000,117905.8,5.749,1.00,5.00
97.060,12.000,12.000,0.000,2648.349,0.000,0.000,0.000,0.000,0.000,117905.8,5.749,1.00,5.00
97.070,12.000,12.000,0.000,2648.349,0.000,0.000,0.000,0.000,0.000,117905.8,5.749,1.00,5.00
97.080,12.000,12.000,0.000,2648.349,0.000,0.000,0.000,0.000,0.000,117905.8,5.749,1.00,5.00
97.090,12.000,12.000,0.000,2648.349,0.000,0.000,0.000,0.000,0.000,117905.8,5.749,1.00,5.00
97.100,12.000,12.000,0.000,2648.349,0.000,0.000,0.000,0.000,0.000,117905.8,5.749,1.00,5.00
97.110,12.000,12.000,0.000,2648.349,0.000,0.000,0.000,0.000,0.000,117905.8,5.749,1.00,5.00
97.120,12.000,12.000,0.000,2648.349,0.000,0.000,0.000,0.000,0.000,117905.8,5.749,1.00,5.00
97.130,12.000,12.000,0.000,2648.349,0.000,0.000,0.000,0.000,0.000,117905.8,5.749,1.00,5.00
97.140,12.000,12.000,0.000,2648.349,0.000,0.000,0.000,0.000,0.000,117905.8,5.749,1.00,5.00
97.150,12.000,12.010,-0.010,0.000,34.401,0.000,0.000,0.000,0.000,117901.4,5.677,1.00,5.00
97.160,12.000,12.010,-0.010,0.000,1.656,0.000,0.000,0.000,0.000,117897.0,5.605,1.00,5.00
97.170,12.000,12.000,0.000,20329.559,0.000,0.000,0.000,0.000,0.000,117897.0,5.672,1.00,5.00
97.180,12.000,12.000,0.000,2647.894,0.000,0.000,0.000,0.000,0.000,117897.0,5.738,1.00,5.00
97.190,12.000,12.000,0.000,2649.449,0.000,0.000,0.000,0.000,0.000,117913.9,5.774,1.00,5.00
97.200,12.000,12.000,0.000,2649.449,0.000,0.000,0.000,0.000,0.000,117913.9,5.774,1.00,5.00
97.210,12.000,12.000,0.000,2649.449,0.000,0.000,0.000,0.000,0.000,117913.9,5.774,1.00,5.00
97.220,12.000,12.000,0.000,2649.449,0.000,0.000,0.000,0.000,0.000,117913.9,5.774,1.00,5.00
97.230,12.000,12.000,0.000,2649.449,0.000,0.000,0.000,0.000,0.000,117913.9,5.774,1.00,5.00
97.240,12.000,12.000,0.000,2649.449,0.000,0.000,0.000,0.000,0.000,117913.9,5.774,1.00,5.00
97.250,12.000,12.000,0.000,2649.449,0.000,0.000,0.000,0.000,0.000,117913.9,5.774,1.00,5.00
97.260,12.000,12.000,0.000,2649.449,0.000,0.000,0.000,0.000,0.000,117913.9,5.774,1.00,5.00
97.270,12.000,12.000,0.000,2649.449,0.000,0.000,0.000,0.000,0.000,117913.9,5.774,1.00,5.00
97.280,12.000,12.000,0.000,2649.449,0.000,0.000,0.000,0.000,0.000,117913.9,5.774,1.00,5.00
97.290,12.000,12.000,0.000,2649.449,0.000,0.000,0.000,0.000,0.000,117913.9,5.774,1.00,5.00
97.300,12.000,12.000,0.000,2649.449,0.000,0.000,0.000,0.000,0.000,117913.9,5.774,1.00,5.00
97.310,12.000,12.000,0.000,2649.449,0.000,0.000,0.000,0.000,0.000,117913.9,5.774,1.00,5.00
97.320,12.000,12.000,0.000,2649.449,0.000,0.000,0.000,0.000,0.000,117913.9,5.774,1.00,5.00
97.330,12.000,12.000,0.000,2649.449,0.000,0.000,0.000,0.000,0.000,117913.9,5.774,1.00,5.00
97.340,12.000,12.000,0.000,2649.449,0.000,0.000,0.000,0.000,0.000,117913.9,5.774,1.00,5.00
97.350,12.000,12.000,0.000,2649.449,0.000,0.000,0.000,0.000,0.000,117913.9,5.774,1.00,5.00
97.360,12.000,12.000,0.000,2649.449,0.000,0.000,0.000,0.000,0.000,117913.9,5.774,1.00,5.00
97.370,12.000,12.000,0.000,2649.449,0.000,0.000,0.000,0.000,0.000,117913.9,5.774,1.00,5.00
97.380,12.000,12.000,0.000,2649.449,0.000,0.000,0.000,0.000,0.000,117913.9,5.774,1.00,5.00
97.390,12.000,12.000,0.000,2649.449,0.000,0.000,0.000,0.000,0.000,117913.9,5.774,1.00,5.00
97.400,12.000,12.000,0.000,2649.449,0.000,0.000,0.000,0.000,0.000,117913.9,5.774,1.00,5.00
97.410,12.000,12.000,0.000,2649.449,0.000,0.000,0.000,0.000,0.000,117913.9,5.774,1.00,5.00
97.420,12.000,12.000,0.000,2649.449,0.000,0.000,0.000,0.000,0.000,117913.9,5.774,1.00,5.00
97.430,12.000,12.000,0.000,2649.449,0.000,0.000,0.000,0.000,0.000,117913.9,5.774,1.00,5.00
97.440,12.000,12.000,0.000,2649.449,0.000,0.000,0.000,0.000,0.000,117913.9,5.774,1.00,5.00
97.450,12.000,12.000,0.000,2649.449,0.000,0.000,0.000,0.000,0.000,117913.9,5.774,1.00,5.00
97.460,12.000,12.000,0.000,2649.449,0.000,0.000,0.000,0.000,0.000,117913.9,5.774,1.00,5.00
97.470,12.000,12.000,0.000,2649.449,0.000,0.000,0.000,0.000,0.000,117913.9,5.774,1.00,5.00
97.480,12.000,12.000,0.000,2649.449,0.000,0.000,0.000,0.000,0.000,117913.9,5.774,1.00,5.00
97.490,12.000,12.000,0.000,2649.449,0.000,0.000,0.000,0.000,0.000,117913.9,5.774,1.00,5.00
97.500,12.000,12.000,0.000,2649.449,0.000,0.000,0.000,0.000,0.000,117913.9,5.774,1.00,5.00
97.510,12.000,12.000,0.000,2649.449,0.000,0.000,0.000,0.000,0.000,117913.9,5.774,1.00,5.00
97.520,12.000,12.000,0.000,2649.449,0.000,0.000,0.000,0.000,0.000,117913.9,5.774,1.00,5.00
97.530,12.000,12.000,0.000,2649.449,0.000,0.000,0.000,0.000,0.000,117913.9,5.774,1.00,5.00
97.540,12.000,12.000,0.000,2649.449,0.000,0.000,0.000,0.000,0.000,117913.9,5.774,1.00,5.00
97.550,12.000,12.000,0.000,2649.449,0.000,0.000,0.000,0.000,0.000,117913.9,5.774,1.00,5.00
97.560,12.000,12.000,0.000,2649.449,0.000,0.000,0.000,0.000,0.000,117913.9,5.774,1.00,5.00
97.570,12.000,12.000,0.000,2649.449,0.000,0.000,0.000,0.000,0.000,117913.9,5.774,1.00,5.00
97.580,12.000,12.000,0.000,2649.449,0.000,0.000,0.000,0.000,0.000,117913.9,5.774,1.00,5.00
97.590,12.000,12.000,0.000,2649.449,0.000,0.000,0.000,0.000,0.000,117913.9,5.774,1.00,5.00
97.600,12.000,12.000,0.000,2649.449,0.000,0.000,0.000,0.000,0.000,117913.9,5.774,1.00,5.00
97.610,12.000,12.000,0.000,2649.449,0.000,0.000,0.000,0.000,0.000,117913.9,5.774,1.00,5.00
97.620,12.000,12.000,0.000,2649.449,0.000,0.000,0.000,0.000,0.000,117913.9,5.774,1.00,5.00
97.630,12.000,12.000,0.000,2649.449,0.000,0.000,0.000,0.000,0.000,117913.9,5.774,1.00,5.00
97.640,12.000,12.000,0.000,2649.449,0.000,0.000,0.000,0.000,0.000,117913.9,5.774,1.00,5.00
97.650,12.000,12.000,0.000,2649.449,0.000,0.000,0.000,0.000,0.000,117913.9,5.774,1.00,5.00
97.660,12.000,12.000,0.000,2649.449,0.000,0.000,0.000,0.000,0.000,117913.9,5.774,1.00,5.00
97.670,12.000,12.000,0.000,2649.449,0.000,0.000,0.000,0.000,0.000,117913.9,5.774,1.00,5.00
97.680,12.000,12.000,0.000,2649.449,0.000,0.000,0.000,0.000,0.000,117913.9,5.774,1.00,5.00
97.690,12.000,12.000,0.000,2649.449,0.000,0.000,0.000,0.000,0.000,117913.9,5.774,1.00,5.00
97.700,12.000,12.000,0.000,2649.449,0.000,0.000,0.000,0.000,0.000,117913.9,5.774,1.00,5.00
97.710,12.000,12.000,0.000,2649.449,0.000,0.000,0.000,0.000,0.000,117913.9,5.774,1.00,5.00
97.720,12.000,12.000,0.000,2649.449,0.000,0.000,0.000,0.000,0.000,117913.9,5.774,1.00,5.00
97.730,12.000,12.000,0.000,2649.449,0.000,0.000,0.000,0.000,0.000,117913.9,5.774,1.00,5.00
97.740,12.000,12.000,0.000,2649.449,0.000,0.000,0.000,0.000,0.000,117913.9,5.774,1.00,5.00
97.750,12.000,12.010,-0.010,0.000,34.402,0.000,0.000,0.000,0.000,117909.5,5.702,1.00,5.00
97.760,12.000,12.000,0.000,20332.764,0.000,0.000,0.000,0.000,0.000,117909.5,5.702,1.00,5.00
97.770,12.000,12.000,0.000,2649.221,0.000,0.000,0.000,0.000,0.000,117909.5,5.769,1.00,5.00
97.780,12.000,12.000,0.000,2650.776,0.000,0.000,0.000,0.000,0.000,117926.4,5.805,1.00,5.00
97.790,12.000,12.000,0.000,2650.776,0.000,0.000,0.000,0.000,0.000,117926.4,5.805,1.00,5.00
97.800,12.000,12.000,0.000,2650.776,0.000,0.000,0.000,0.000,0.000,117926.4,5.805,1.00,5.00
97.810,12.000,12.010,-0.010,0.000,34.403,0.000,0.000,0.000,0.000,117922.0,5.733,1.00,5.00
97.820,12.000,12.010,-0.010,0.000,1.653,0.000,0.000,0.000,0.000,117917.6,5.661,1.00,5.00
97.830,12.000,12.000,0.000,20335.079,0.000,0.000,0.000,0.000,0.000,117917.6,5.728,1.00,5.00
97.840,12.000,12.000,0.000,2650.321,0.000,0.000,0.000,0.000,0.000,117917.6,5.794,1.00,5.00
97.850,12.000,12.000,0.000,2651.876,0.000,0.000,0.000,0.000,0.000,117934.6,5.830,1.00,5.00
97.860,12.000,12.000,0.000,2651.875,0.000,0.000,0.000,0.000,0.000,117934.6,5.830,1.00,5.00
97.870,12.000,12.000,0.000,2651.875,0.000,0.000,0.000,0.000,0.000,117934.6,5.830,1.00,5.00
97.880,12.000,12.000,0.000,2651.875,0.000,0.000,0.000,0.000,0.000,117934.6,5.830,1.00,5.00
97.890,12.000,12.000,0.000,2651.875,0.000,0.000,0.000,0.000,0.000,117934.6,5.830,1.00,5.00
97.900,12.000,12.000,0.000,2651.875,0.000,0.000,0.000,0.000,0.000,117934.6,5.830,1.00,5.00
97.910,12.000,12.000,0.000,2651.875,0.000,0.000,0.000,0.000,0.000,117934.6,5.830,1.00,5.00
97.920,12.000,12.000,0.000,2651.875,0.000,0.000,0.000,0.000,0.000,117934.6,5.830,1.00,5.00
97.930,12.000,12.000,0.000,2651.875,0.000,0.000,0.000,0.000,0.000,117934.6,5.830,1.00,5.00
97.940,12.000,12.000,0.000,2651.875,0.000,0.000,0.000,0.000,0.000,117934.6,5.830,1.00,5.00
97.950,12.000,12.000,0.000,2651.875,0.000,0.000,0.000,0.000,0.000,117934.6,5.830,1.00,5.00
97.960,12.000,12.000,0.000,2651.875,0.000,0.000,0.000,0.000,0.000,117934.6,5.830,1.00,5.00
97.970,12.000,12.000,0.000,2651.875,0.000,0.000,0.000,0.000,0.000,117934.6,5.830,1.00,5.00
97.980,12.000,12.000,0.000,2651.875,0.000,0.000,0.000,0.000,0.000,117934.6,5.830,1.00,5.00
97.990,12.000,12.000,0.000,2651.875,0.000,0.000,0.000,0.000,0.000,117934.6,5.830,1.00,5.00
98.000,12.000,12.000,0.000,2651.875,0.000,0.000,0.000,0.000,0.000,117934.6,5.830,1.00,5.00
98.010,12.000,12.000,0.000,2651.875,0.000,0.000,0.000,0.000,0.000,117934.6,5.830,1.00,5.00
98.020,12.000,12.000,0.000,2651.875,0.000,0.000,0.000,0.000,0.000,117934.6,5.830,1.00,5.00
98.030,12.000,12.000,0.000,2651.875,0.000,0.000,0.000,0.000,0.000,117934.6,5.830,1.00,5.00
98.040,12.000,12.000,0.000,2651.875,0.000,0.000,0.000,0.000,0.000,117934.6,5.830,1.00,5.00
98.050,12.000,12.000,0.000,2651.875,0.000,0.000,0.000,0.000,0.000,117934.6,5.830,1.00,5.00
98.060,12.000,12.000,0.000,2651.875,0.000,0.000,0.000,0.000,0.000,117934.6,5.830,1.00,5.00
98.070,12.000,12.000,0.000,2651.875,0.000,0.000,0.000,0.000,0.000,117934.6,5.830,1.00,5.00
98.080,12.000,12.000,0.000,2651.875,0.000,0.000,0.000,0.000,0.000,117934.6,5.830,1.00,5.00
98.090,12.000,12.000,0.000,2651.875,0.000,0.000,0.000,0.000,0.000,117934.6,5.830,1.00,5.00
98.100,12.000,12.000,0.000,2651.875,0.000,0.000,0.000,0.000,0.000,117934.6,5.830,1.00,5.00
98.110,12.000,12.000,0.000,2651.875,0.000,0.000,0.000,0.000,0.000,117934.6,5.830,1.00,5.00
98.120,12.000,12.000,0.000,2651.875,0.000,0.000,0.000,0.000,0.000,117934.6,5.830,1.00,5.00
98.130,12.000,12.000,0.000,2651.875,0.000,0.000,0.000,0.000,0.000,117934.6,5.830,1.00,5.00
98.140,12.000,12.000,0.000,2651.875,0.000,0.000,0.000,0.000,0.000,117934.6,5.830,1.00,5.00
98.150,12.000,12.000,0.000,2651.875,0.000,0.000,0.000,0.000,0.000,117934.6,5.830,1.00,5.00
98.160,12.000,12.000,0.000,2651.875,0.000,0.000,0.000,0.000,0.000,117934.6,5.830,1.00,5.00
98.170,12.000,12.000,0.000,2651.875,0.000,0.000,0.000,0.000,0.000,117934.6,5.830,1.00,5.00
98.180,12.000,12.000,0.000,2651.875,0.000,0.000,0.000,0.000,0.000,117934.6,5.830,1.00,5.00
98.190,12.000,12.000,0.000,2651.875,0.000,0.000,0.000,0.000,0.000,117934.6,5.830,1.00,5.00
98.200,12.000,12.000,0.000,2651.875,0.000,0.000,0.000,0.000,0.000,117934.6,5.830,1.00,5.00
98.210,12.000,12.000,0.000,2651.875,0.000,0.000,0.000,0.000,0.000,117934.6,5.830,1.00,5.00
98.220,12.000,12.000,0.000,2651.875,0.000,0.000,0.000,0.000,0.000,117934.6,5.830,1.00,5.00
98.230,12.000,12.000,0.000,2651.875,0.000,0.000,0.000,0.000,0.000,117934.6,5.830,1.00,5.00
98.240,12.000,12.000,0.000,2651.875,0.000,0.000,0.000,0.000,0.000,117934.6,5.830,1.00,5.00
98.250,12.000,12.000,0.000,2651.875,0.000,0.000,0.000,0.000,0.000,117934.6,5.830,1.00,5.00
98.260,12.000,12.000,0.000,2651.875,0.000,0.000,0.000,0.000,0.000,117934.6,5.830,1.00,5.00
98.270,12.000,12.000,0.000,2651.875,0.000,0.000,0.000,0.000,0.000,117934.6,5.830,1.00,5.00
98.280,12.000,12.000,0.000,2651.875,0.000,0.000,0.000,0.000,0.000,117934.6,5.830,1.00,5.00
98.290,12.000,12.000,0.000,2651.875,0.000,0.000,0.000,0.000,0.000,117934.6,5.830,1.00,5.00
98.300,12.000,12.000,0.000,2651.875,0.000,0.000,0.000,0.000,0.000,117934.6,5.830,1.00,5.00
98.310,12.000,12.000,0.000,2651.875,0.000,0.000,0.000,0.000,0.000,117934.6,5.830,1.00,5.00
98.320,12.000,12.000,0.000,2651.875,0.000,0.000,0.000,0.000,0.000,117934.6,5.830,1.00,5.00
98.330,12.000,12.000,0.000,2651.875,0.000,0.000,0.000,0.000,0.000,117934.6,5.830,1.00,5.00
98.340,12.000,12.000,0.000,2651.875,0.000,0.000,0.000,0.000,0.000,117934.6,5.830,1.00,5.00
98.360,12.000,12.000,0.000,2651.875,0.000,0.000,0.000,0.000,0.000,117934.6,5.830,1.00,5.00
98.370,12.000,12.000,0.000,2651.875,0.000,0.000,0.000,0.000,0.000,117934.6,5.830,1.00,5.00
98.380,12.000,12.000,0.000,2651.875,0.000,0.000,0.000,0.000,0.000,117934.6,5.830,1.00,5.00
98.390,12.000,12.000,0.000,2651.875,0.000,0.000,0.000,0.000,0.000,117934.6,5.830,1.00,5.00
98.400,12.000,12.000,0.000,2651.875,0.000,0.000,0.000,0.000,0.000,117934.6,5.830,1.00,5.00
98.410,12.000,12.000,0.000,2651.875,0.000,0.000,0.000,0.000,0.000,117934.6,5.830,1.00,5.00
98.420,12.000,12.010,-0.010,0.000,34.404,0.000,0.000,0.000,0.000,117930.1,5.758,1.00,5.00
98.430,12.000,12.010,-0.010,0.000,1.651,0.000,0.000,0.000,0.000,117925.7,5.686,1.00,5.00
98.440,12.000,12.010,-0.010,0.000,1.652,0.000,0.000,0.000,0.000,117925.7,5.681,1.00,5.00
98.450,12.000,12.000,0.000,20337.161,0.000,0.000,0.000,0.000,0.000,117925.7,5.748,1.00,5.00
98.460,12.000,12.000,0.000,2651.187,0.000,0.000,0.000,0.000,0.000,117925.7,5.815,1.00,5.00
98.470,12.000,12.000,0.000,2652.742,0.000,0.000,0.000,0.000,0.000,117942.7,5.851,1.00,5.00
98.480,12.000,12.000,0.000,2652.742,0.000,0.000,0.000,0.000,0.000,117942.7,5.850,1.00,5.00
98.490,12.000,12.000,0.000,2652.742,0.000,0.000,0.000,0.000,0.000,117942.7,5.850,1.00,5.00
98.510,12.000,12.000,0.000,2652.742,0.000,0.000,0.000,0.000,0.000,117942.7,5.850,1.00,5.00
98.520,12.000,12.000,0.000,2652.742,0.000,0.000,0.000,0.000,0.000,117942.7,5.850,1.00,5.00
98.530,12.000,12.000,0.000,2652.742,0.000,0.000,0.000,0.000,0.000,117942.7,5.850,1.00,5.00
98.540,12.000,12.000,0.000,2652.742,0.000,0.000,0.000,0.000,0.000,117942.7,5.850,1.00,5.00
98.550,12.000,12.000,0.000,2652.742,0.000,0.000,0.000,0.000,0.000,117942.7,5.850,1.00,5.00
98.560,12.000,12.000,0.000,2652.742,0.000,0.000,0.000,0.000,0.000,117942.7,5.850,1.00,5.00
98.570,12.000,12.000,0.000,2652.742,0.000,0.000,0.000,0.000,0.000,117942.7,5.850,1.00,5.00
98.580,12.000,12.000,0.000,2652.742,0.000,0.000,0.000,0.000,0.000,117942.7,5.850,1.00,5.00
98.590,12.000,12.000,0.000,2652.742,0.000,0.000,0.000,0.000,0.000,117942.7,5.850,1.00,5.00
98.600,12.000,12.000,0.000,2652.742,0.000,0.000,0.000,0.000,0.000,117942.7,5.850,1.00,5.00
98.610,12.000,12.000,0.000,2652.742,0.000,0.000,0.000,0.000,0.000,117942.7,5.850,1.00,5.00
98.620,12.000,12.000,0.000,2652.742,0.000,0.000,0.000,0.000,0.000,117942.7,5.850,1.00,5.00
98.630,12.000,12.000,0.000,2652.742,0.000,0.000,0.000,0.000,0.000,117942.7,5.850,1.00,5.00
98.640,12.000,12.000,0.000,2652.742,0.000,0.000,0.000,0.000,0.000,117942.7,5.850,1.00,5.00
98.650,12.000,12.000,0.000,2652.742,0.000,0.000,0.000,0.000,0.000,117942.7,5.850,1.00,5.00
98.660,12.000,12.000,0.000,2652.742,0.000,0.000,0.000,0.000,0.000,117942.7,5.850,1.00,5.00
98.670,12.000,12.000,0.000,2652.742,0.000,0.000,0.000,0.000,0.000,117942.7,5.850,1.00,5.00
98.680,12.000,12.000,0.000,2652.742,0.000,0.000,0.000,0.000,0.000,117942.7,5.850,1.00,5.00
98.690,12.000,12.000,0.000,2652.742,0.000,0.000,0.000,0.000,0.000,117942.7,5.850,1.00,5.00
98.700,12.000,12.000,0.000,2652.742,0.000,0.000,0.000,0.000,0.000,117942.7,5.850,1.00,5.00
98.710,12.000,12.000,0.000,2652.742,0.000,0.000,0.000,0.000,0.000,117942.7,5.850,1.00,5.00
98.720,12.000,12.000,0.000,2652.742,0.000,0.000,0.000,0.000,0.000,117942.7,5.850,1.00,5.00
98.730,12.000,12.000,0.000,2652.742,0.000,0.000,0.000,0.000,0.000,117942.7,5.850,1.00,5.00
98.740,12.000,12.000,0.000,2652.742,0.000,0.000,0.000,0.000,0.000,117942.7,5.850,1.00,5.00
98.750,12.000,12.000,0.000,2652.742,0.000,0.000,0.000,0.000,0.000,117942.7,5.850,1.00,5.00
98.760,12.000,12.000,0.000,2652.742,0.000,0.000,0.000,0.000,0.000,117942.7,5.850,1.00,5.00
98.770,12.000,12.000,0.000,2652.742,0.000,0.000,0.000,0.000,0.000,117942.7,5.850,1.00,5.00
98.780,12.000,12.000,0.000,2652.742,0.000,0.000,0.000,0.000,0.000,117942.7,5.850,1.00,5.00
98.790,12.000,12.000,0.000,2652.742,0.000,0.000,0.000,0.000,0.000,117942.7,5.850,1.00,5.00
98.800,12.000,12.000,0.000,2652.742,0.000,0.000,0.000,0.000,0.000,117942.7,5.850,1.00,5.00
98.810,12.000,12.000,0.000,2652.742,0.000,0.000,0.000,0.000,0.000,117942.7,5.850,1.00,5.00
98.820,12.000,12.000,0.000,2652.742,0.000,0.000,0.000,0.000,0.000,117942.7,5.850,1.00,5.00
98.830,12.000,12.000,0.000,2652.742,0.000,0.000,0.000,0.000,0.000,117942.7,5.850,1.00,5.00
98.840,12.000,12.000,0.000,2652.742,0.000,0.000,0.000,0.000,0.000,117942.7,5.850,1.00,5.00
98.850,12.000,12.000,0.000,2652.742,0.000,0.000,0.000,0.000,0.000,117942.7,5.850,1.00,5.00
98.860,12.000,12.000,0.000,2652.742,0.000,0.000,0.000,0.000,0.000,117942.7,5.850,1.00,5.00
98.870,12.000,12.000,0.000,2652.742,0.000,0.000,0.000,0.000,0.000,117942.7,5.850,1.00,5.00
98.880,12.000,12.000,0.000,2652.742,0.000,0.000,0.000,0.000,0.000,117942.7,5.850,1.00,5.00
98.890,12.000,12.000,0.000,2652.742,0.000,0.000,0.000,0.000,0.000,117942.7,5.850,1.00,5.00
98.900,12.000,12.000,0.000,2652.742,0.000,0.000,0.000,0.000,0.000,117942.7,5.850,1.00,5.00
98.910,12.000,12.000,0.000,2652.742,0.000,0.000,0.000,0.000,0.000,117942.7,5.850,1.00,5.00
98.920,12.000,12.000,0.000,2652.742,0.000,0.000,0.000,0.000,0.000,117942.7,5.850,1.00,5.00
98.930,12.000,12.000,0.000,2652.742,0.000,0.000,0.000,0.000,0.000,117942.7,5.850,1.00,5.00
98.940,12.000,12.000,0.000,2652.742,0.000,0.000,0.000,0.000,0.000,117942.7,5.850,1.00,5.00
98.950,12.000,12.000,0.000,2652.742,0.000,0.000,0.000,0.000,0.000,117942.7,5.850,1.00,5.00
98.960,12.000,12.000,0.000,2652.742,0.000,0.000,0.000,0.000,0.000,117942.7,5.850,1.00,5.00
98.970,12.000,12.000,0.000,2652.742,0.000,0.000,0.000,0.000,0.000,117942.7,5.850,1.00,5.00
98.980,12.000,12.000,0.000,2652.742,0.000,0.000,0.000,0.000,0.000,117942.7,5.850,1.00,5.00
98.990,12.000,12.000,0.000,2652.742,0.000,0.000,0.000,0.000,0.000,117942.7,5.850,1.00,5.00
99.000,12.000,12.000,0.000,2652.742,0.000,0.000,0.000,0.000,0.000,117942.7,5.850,1.00,5.00
99.010,12.000,12.000,0.000,2652.742,0.000,0.000,0.000,0.000,0.000,117942.7,5.850,1.00,5.00
99.020,12.000,12.000,0.000,2652.742,0.000,0.000,0.000,0.000,0.000,117942.7,5.850,1.00,5.00
99.030,12.000,12.000,0.000,2652.742,0.000,0.000,0.000,0.000,0.000,117942.7,5.850,1.00,5.00
99.040,12.000,12.000,0.000,2652.742,0.000,0.000,0.000,0.000,0.000,117942.7,5.850,1.00,5.00
99.050,12.000,12.000,0.000,2652.742,0.000,0.000,0.000,0.000,0.000,117942.7,5.850,1.00,5.00
99.060,12.000,12.000,0.000,2652.742,0.000,0.000,0.000,0.000,0.000,117942.7,5.850,1.00,5.00
99.070,12.000,12.000,0.000,2652.742,0.000,0.000,0.000,0.000,0.000,117942.7,5.850,1.00,5.00
99.080,12.000,12.000,0.000,2652.742,0.000,0.000,0.000,0.000,0.000,117942.7,5.850,1.00,5.00
99.090,12.000,12.000,0.000,2652.742,0.000,0.000,0.000,0.000,0.000,117942.7,5.850,1.00,5.00
99.100,12.000,12.000,0.000,2652.742,0.000,0.000,0.000,0.000,0.000,117942.7,5.850,1.00,5.00
99.110,12.000,12.000,0.000,2652.742,0.000,0.000,0.000,0.000,0.000,117942.7,5.850,1.00,5.00
99.120,12.000,12.000,0.000,2652.742,0.000,0.000,0.000,0.000,0.000,117942.7,5.850,1.00,5.00
99.130,12.000,12.000,0.000,2652.742,0.000,0.000,0.000,0.000,0.000,117942.7,5.850,1.00,5.00
99.140,12.000,12.000,0.000,2652.742,0.000,0.000,0.000,0.000,0.000,117942.7,5.850,1.00,5.00
99.150,12.000,12.000,0.000,2652.742,0.000,0.000,0.000,0.000,0.000,117942.7,5.850,1.00,5.00
99.160,12.000,12.000,0.000,2652.742,0.000,0.000,0.000,0.000,0.000,117942.7,5.850,1.00,5.00
99.170,12.000,12.000,0.000,2652.742,0.000,0.000,0.000,0.000,0.000,117942.7,5.850,1.00,5.00
99.180,12.000,12.000,0.000,2652.742,0.000,0.000,0.000,0.000,0.000,117942.7,5.850,1.00,5.00
99.190,12.000,12.000,0.000,2652.742,0.000,0.000,0.000,0.000,0.000,117942.7,5.850,1.00,5.00
99.200,12.000,12.000,0.000,2652.742,0.000,0.000,0.000,0.000,0.000,117942.7,5.850,1.00,5.00
99.210,12.000,12.000,0.000,2652.742,0.000,0.000,0.000,0.000,0.000,117942.7,5.850,1.00,5.00
99.220,12.000,12.000,0.000,2652.742,0.000,0.000,0.000,0.000,0.000,117942.7,5.850,1.00,5.00
99.230,12.000,12.000,0.000,2652.742,0.000,0.000,0.000,0.000,0.000,117942.7,5.850,1.00,5.00
99.240,12.000,12.000,0.000,2652.742,0.000,0.000,0.000,0.000,0.000,117942.7,5.850,1.00,5.00
99.250,12.000,12.000,0.000,2652.742,0.000,0.000,0.000,0.000,0.000,117942.7,5.850,1.00,5.00
99.260,12.000,12.000,0.000,2652.742,0.000,0.000,0.000,0.000,0.000,117942.7,5.850,1.00,5.00
99.270,12.000,12.000,0.000,2652.742,0.000,0.000,0.000,0.000,0.000,117942.7,5.850,1.00,5.00
99.280,12.000,12.000,0.000,2652.742,0.000,0.000,0.000,0.000,0.000,117942.7,5.850,1.00,5.00
99.290,12.000,12.000,0.000,2652.742,0.000,0.000,0.000,0.000,0.000,117942.7,5.850,1.00,5.00
99.300,12.000,12.000,0.000,2652.742,0.000,0.000,0.000,0.000,0.000,117942.7,5.850,1.00,5.00
99.310,12.000,12.000,0.000,2652.742,0.000,0.000,0.000,0.000,0.000,117942.7,5.850,1.00,5.00
99.320,12.000,12.000,0.000,2652.742,0.000,0.000,0.000,0.000,0.000,117942.7,5.850,1.00,5.00
99.330,12.000,12.000,0.000,2652.742,0.000,0.000,0.000,0.000,0.000,117942.7,5.850,1.00,5.00
99.340,12.000,12.000,0.000,2652.742,0.000,0.000,0.000,0.000,0.000,117942.7,5.850,1.00,5.00
99.350,12.000,12.000,0.000,2652.742,0.000,0.000,0.000,0.000,0.000,117942.7,5.850,1.00,5.00
99.360,12.000,12.000,0.000,2652.742,0.000,0.000,0.000,0.000,0.000,117942.7,5.850,1.00,5.00
99.370,12.000,12.000,0.000,2652.742,0.000,0.000,0.000,0.000,0.000,117942.7,5.850,1.00,5.00
99.380,12.000,12.000,0.000,2652.742,0.000,0.000,0.000,0.000,0.000,117942.7,5.850,1.00,5.00
99.390,12.000,12.000,0.000,2652.742,0.000,0.000,0.000,0.000,0.000,117942.7,5.850,1.00,5.00
99.400,12.000,12.000,0.000,2652.742,0.000,0.000,0.000,0.000,0.000,117942.7,5.850,1.00,5.00
99.410,12.000,12.000,0.000,2652.742,0.000,0.000,0.000,0.000,0.000,117942.7,5.850,1.00,5.00
99.420,12.000,12.000,0.000,2652.742,0.000,0.000,0.000,0.000,0.000,117942.7,5.850,1.00,5.00
99.430,12.000,12.000,0.000,2652.742,0.000,0.000,0.000,0.000,0.000,117942.7,5.850,1.00,5.00
99.440,12.000,12.000,0.000,2652.742,0.000,0.000,0.000,0.000,0.000,117942.7,5.850,1.00,5.00
99.450,12.000,12.000,0.000,2652.742,0.000,0.000,0.000,0.000,0.000,117942.7,5.850,1.00,5.00
99.460,12.000,12.000,0.000,2652.742,0.000,0.000,0.000,0.000,0.000,117942.7,5.850,1.00,5.00
99.470,12.000,12.000,0.000,2652.742,0.000,0.000,0.000,0.000,0.000,117942.7,5.850,1.00,5.00
99.480,12.000,12.000,0.000,2652.742,0.000,0.000,0.000,0.000,0.000,117942.7,5.850,1.00,5.00
99.490,12.000,12.000,0.000,2652.742,0.000,0.000,0.000,0.000,0.000,117942.7,5.850,1.00,5.00
99.500,12.000,12.000,0.000,2652.742,0.000,0.000,0.000,0.000,0.000,117942.7,5.850,1.00,5.00
99.510,12.000,12.000,0.000,2652.742,0.000,0.000,0.000,0.000,0.000,117942.7,5.850,1.00,5.00
99.520,12.000,12.000,0.000,2652.742,0.000,0.000,0.000,0.000,0.000,117942.7,5.850,1.00,5.00
99.530,12.000,12.000,0.000,2652.742,0.000,0.000,0.000,0.000,0.000,117942.7,5.850,1.00,5.00
99.540,12.000,12.000,0.000,2652.742,0.000,0.000,0.000,0.000,0.000,117942.7,5.850,1.00,5.00
99.550,12.000,12.010,-0.010,0.000,34.405,0.000,0.000,0.000,0.000,117938.2,5.778,1.00,5.00
99.560,12.000,12.010,-0.010,0.000,1.650,0.000,0.000,0.000,0.000,117933.8,5.707,1.00,5.00
99.570,12.000,12.000,0.000,20339.476,0.000,0.000,0.000,0.000,0.000,117933.8,5.773,1.00,5.00
99.580,12.000,12.000,0.000,2652.286,0.000,0.000,0.000,0.000,0.000,117933.8,5.840,1.00,5.00
99.590,12.000,12.000,0.000,2653.841,0.000,0.000,0.000,0.000,0.000,117950.8,5.876,1.00,5.00
99.600,12.000,12.000,0.000,2653.841,0.000,0.000,0.000,0.000,0.000,117950.8,5.876,1.00,5.00
99.610,12.000,12.000,0.000,2653.841,0.000,0.000,0.000,0.000,0.000,117950.8,5.876,1.00,5.00
99.620,12.000,12.000,0.000,2653.841,0.000,0.000,0.000,0.000,0.000,117950.8,5.876,1.00,5.00
99.630,12.000,12.000,0.000,2653.841,0.000,0.000,0.000,0.000,0.000,117950.8,5.876,1.00,5.00
99.640,12.000,12.000,0.000,2653.841,0.000,0.000,0.000,0.000,0.000,117950.8,5.876,1.00,5.00
99.650,12.000,12.000,0.000,2653.841,0.000,0.000,0.000,0.000,0.000,117950.8,5.876,1.00,5.00
99.660,12.000,12.000,0.000,2653.841,0.000,0.000,0.000,0.000,0.000,117950.8,5.876,1.00,5.00
99.670,12.000,12.000,0.000,2653.841,0.000,0.000,0.000,0.000,0.000,117950.8,5.876,1.00,5.00
99.680,12.000,12.000,0.000,2653.841,0.000,0.000,0.000,0.000,0.000,117950.8,5.876,1.00,5.00
99.690,12.000,12.000,0.000,2653.841,0.000,0.000,0.000,0.000,0.000,117950.8,5.876,1.00,5.00
99.700,12.000,12.000,0.000,2653.841,0.000,0.000,0.000,0.000,0.000,117950.8,5.876,1.00,5.00
99.710,12.000,12.000,0.000,2653.841,0.000,0.000,0.000,0.000,0.000,117950.8,5.876,1.00,5.00
99.720,12.000,12.000,0.000,2653.841,0.000,0.000,0.000,0.000,0.000,117950.8,5.876,1.00,5.00
99.730,12.000,12.000,0.000,2653.841,0.000,0.000,0.000,0.000,0.000,117950.8,5.876,1.00,5.00
99.740,12.000,12.000,0.000,2653.841,0.000,0.000,0.000,0.000,0.000,117950.8,5.876,1.00,5.00
99.750,12.000,12.000,0.000,2653.841,0.000,0.000,0.000,0.000,0.000,117950.8,5.876,1.00,5.00
99.760,12.000,12.000,0.000,2653.841,0.000,0.000,0.000,0.000,0.000,117950.8,5.876,1.00,5.00
99.770,12.000,12.000,0.000,2653.841,0.000,0.000,0.000,0.000,0.000,117950.8,5.876,1.00,5.00
99.780,12.000,12.000,0.000,2653.841,0.000,0.000,0.000,0.000,0.000,117950.8,5.876,1.00,5.00
99.790,12.000,12.000,0.000,2653.841,0.000,0.000,0.000,0.000,0.000,117950.8,5.876,1.00,5.00
99.800,12.000,12.000,0.000,2653.841,0.000,0.000,0.000,0.000,0.000,117950.8,5.876,1.00,5.00
99.810,12.000,12.000,0.000,2653.841,0.000,0.000,0.000,0.000,0.000,117950.8,5.876,1.00,5.00
99.820,12.000,12.000,0.000,2653.841,0.000,0.000,0.000,0.000,0.000,117950.8,5.876,1.00,5.00
99.830,12.000,12.000,0.000,2653.841,0.000,0.000,0.000,0.000,0.000,117950.8,5.876,1.00,5.00
99.840,12.000,12.000,0.000,2653.841,0.000,0.000,0.000,0.000,0.000,117950.8,5.876,1.00,5.00
99.850,12.000,12.000,0.000,2653.841,0.000,0.000,0.000,0.000,0.000,117950.8,5.876,1.00,5.00
99.860,12.000,12.000,0.000,2653.841,0.000,0.000,0.000,0.000,0.000,117950.8,5.876,1.00,5.00
99.870,12.000,12.000,0.000,2653.841,0.000,0.000,0.000,0.000,0.000,117950.8,5.876,1.00,5.00
99.880,12.000,12.000,0.000,2653.841,0.000,0.000,0.000,0.000,0.000,117950.8,5.876,1.00,5.00
99.890,12.000,12.000,0.000,2653.841,0.000,0.000,0.000,0.000,0.000,117950.8,5.876,1.00,5.00
99.900,12.000,12.000,0.000,2653.841,0.000,0.000,0.000,0.000,0.000,117950.8,5.876,1.00,5.00
99.910,12.000,12.000,0.000,2653.841,0.000,0.000,0.000,0.000,0.000,117950.8,5.876,1.00,5.00
99.920,12.000,12.000,0.000,2653.841,0.000,0.000,0.000,0.000,0.000,117950.8,5.876,1.00,5.00
99.930,12.000,12.000,0.000,2653.841,0.000,0.000,0.000,0.000,0.000,117950.8,5.876,1.00,5.00
99.940,12.000,12.000,0.000,2653.841,0.000,0.000,0.000,0.000,0.000,117950.8,5.876,1.00,5.00
99.950,12.000,12.000,0.000,2653.841,0.000,0.000,0.000,0.000,0.000,117950.8,5.876,1.00,5.00
99.960,12.000,12.000,0.000,2653.841,0.000,0.000,0.000,0.000,0.000,117950.8,5.876,1.00,5.00
99.970,12.000,12.000,0.000,2653.841,0.000,0.000,0.000,0.000,0.000,117950.8,5.876,1.00,5.00
99.980,12.000,12.000,0.000,2653.841,0.000,0.000,0.000,0.000,0.000,117950.8,5.876,1.00,5.00
99.990,12.000,12.000,0.000,2653.841,0.000,0.000,0.000,0.000,0.000,117950.8,5.876,1.00,5.00
100.000,12.000,12.000,0.000,2653.841,0.000,0.000,0.000,0.000,0.000,117950.8,5.876,1.00,5.00
100.010,12.000,12.000,0.000,2653.841,0.000,0.000,0.000,0.000,0.000,117950.8,5.876,1.00,5.00
100.020,12.000,12.000,0.000,2653.841,0.000,0.000,0.000,0.000,0.000,117950.8,5.876,1.00,5.00
100.030,12.000,12.000,0.000,2653.841,0.000,0.000,0.000,0.000,0.000,117950.8,5.876,1.00,5.00
100.040,12.000,12.000,0.000,2653.841,0.000,0.000,0.000,0.000,0.000,117950.8,5.876,1.00,5.00
100.050,12.000,12.000,0.000,2653.841,0.000,0.000,0.000,0.000,0.000,117950.8,5.876,1.00,5.00
100.060,12.000,12.000,0.000,2653.841,0.000,0.000,0.000,0.000,0.000,117950.8,5.876,1.00,5.00
100.070,12.000,12.000,0.000,2653.841,0.000,0.000,0.000,0.000,0.000,117950.8,5.876,1.00,5.00
100.080,12.000,12.000,0.000,2653.841,0.000,0.000,0.000,0.000,0.000,117950.8,5.876,1.00,5.00
100.090,12.000,12.000,0.000,2653.841,0.000,0.000,0.000,0.000,0.000,117950.8,5.876,1.00,5.00
100.100,12.000,12.000,0.000,2653.841,0.000,0.000,0.000,0.000,0.000,117950.8,5.876,1.00,5.00
100.110,12.000,12.000,0.000,2653.841,0.000,0.000,0.000,0.000,0.000,117950.8,5.876,1.00,5.00
100.120,12.000,12.000,0.000,2653.841,0.000,0.000,0.000,0.000,0.000,117950.8,5.876,1.00,5.00
100.130,12.000,12.000,0.000,2653.841,0.000,0.000,0.000,0.000,0.000,117950.8,5.876,1.00,5.00
100.140,12.000,12.000,0.000,2653.841,0.000,0.000,0.000,0.000,0.000,117950.8,5.876,1.00,5.00
100.150,12.000,12.000,0.000,2653.841,0.000,0.000,0.000,0.000,0.000,117950.8,5.876,1.00,5.00
100.160,12.000,12.010,-0.010,0.000,34.406,0.000,0.000,0.000,0.000,117946.3,5.804,1.00,5.00
100.170,12.000,12.000,0.000,20342.681,0.000,0.000,0.000,0.000,0.000,117946.3,5.804,1.00,5.00
100.180,12.000,12.000,0.000,2653.613,0.000,0.000,0.000,0.000,0.000,117946.3,5.871,1.00,5.00
100.190,12.000,12.000,0.000,2655.168,0.000,0.000,0.000,0.000,0.000,117963.3,5.907,1.00,5.00
100.200,12.000,12.000,0.000,2655.167,0.000,0.000,0.000,0.000,0.000,117963.3,5.907,1.00,5.00
100.210,12.000,12.000,0.000,2655.167,0.000,0.000,0.000,0.000,0.000,117963.3,5.907,1.00,5.00
100.220,12.000,12.010,-0.010,0.000,34.408,0.000,0.000,0.000,0.000,117958.9,5.835,1.00,5.00
100.230,12.000,12.000,0.000,20345.887,0.000,0.000,0.000,0.000,0.000,117958.9,5.835,1.00,5.00
100.240,12.000,12.000,0.000,2654.939,0.000,0.000,0.000,0.000,0.000,117958.9,5.901,1.00,5.00
100.250,12.000,12.000,0.000,2656.494,0.000,0.000,0.000,0.000,0.000,117975.8,5.937,1.00,5.00
100.260,12.000,12.000,0.000,2656.494,0.000,0.000,0.000,0.000,0.000,117975.8,5.937,1.00,5.00
100.270,12.000,12.010,-0.010,0.000,34.409,0.000,0.000,0.000,0.000,117971.4,5.865,1.00,5.00
100.280,12.000,12.000,0.000,20349.092,0.000,0.000,0.000,0.000,0.000,117971.4,5.865,1.00,5.00
100.290,12.000,12.000,0.000,2656.266,0.000,0.000,0.000,0.000,0.000,117971.4,5.932,1.00,5.00
100.300,12.000,12.000,0.000,2657.821,0.000,0.000,0.000,0.000,0.000,117988.3,5.968,1.00,5.00
100.310,12.000,12.000,0.000,2657.821,0.000,0.000,0.000,0.000,0.000,117988.3,5.968,1.00,5.00
100.320,12.000,12.000,0.000,2657.821,0.000,0.000,0.000,0.000,0.000,117988.3,5.968,1.00,5.00
100.330,12.000,12.000,0.000,2657.821,0.000,0.000,0.000,0.000,0.000,117988.3,5.968,1.00,5.00
100.340,12.000,12.010,-0.010,0.000,34.411,0.000,0.000,0.000,0.000,117983.9,5.896,1.00,5.00
100.350,12.000,12.010,-0.010,0.000,1.643,0.000,0.000,0.000,0.000,117979.5,5.824,1.00,5.00
100.360,12.000,12.000,0.000,20351.405,0.000,0.000,0.000,0.000,0.000,117979.5,5.891,1.00,5.00
100.370,12.000,12.000,0.000,2657.364,0.000,0.000,0.000,0.000,0.000,117979.5,5.958,1.00,5.00
100.380,12.000,12.000,0.000,2658.919,0.000,0.000,0.000,0.000,0.000,117996.4,5.994,1.00,5.00
100.390,12.000,12.000,0.000,2658.919,0.000,0.000,0.000,0.000,0.000,117996.4,5.993,1.00,5.00
100.400,12.000,12.000,0.000,2658.919,0.000,0.000,0.000,0.000,0.000,117996.4,5.993,1.00,5.00
100.410,12.000,12.000,0.000,2658.919,0.000,0.000,0.000,0.000,0.000,117996.4,5.993,1.00,5.00
100.420,12.000,12.000,0.000,2658.919,0.000,0.000,0.000,0.000,0.000,117996.4,5.993,1.00,5.00
100.430,12.000,12.000,0.000,2658.919,0.000,0.000,0.000,0.000,0.000,117996.4,5.993,1.00,5.00
100.440,12.000,12.000,0.000,2658.919,0.000,0.000,0.000,0.000,0.000,117996.4,5.993,1.00,5.00
100.450,12.000,12.000,0.000,2658.919,0.000,0.000,0.000,0.000,0.000,117996.4,5.993,1.00,5.00
100.460,12.000,12.000,0.000,2658.919,0.000,0.000,0.000,0.000,0.000,117996.4,5.993,1.00,5.00
100.470,12.000,12.000,0.000,2658.919,0.000,0.000,0.000,0.000,0.000,117996.4,5.993,1.00,5.00
100.480,12.000,12.000,0.000,2658.919,0.000,0.000,0.000,0.000,0.000,117996.4,5.993,1.00,5.00
100.490,12.000,12.000,0.000,2658.919,0.000,0.000,0.000,0.000,0.000,117996.4,5.993,1.00,5.00
100.500,12.000,12.000,0.000,2658.919,0.000,0.000,0.000,0.000,0.000,117996.4,5.993,1.00,5.00
100.510,12.000,12.000,0.000,2658.919,0.000,0.000,0.000,0.000,0.000,117996.4,5.993,1.00,5.00
100.520,12.000,12.000,0.000,2658.919,0.000,0.000,0.000,0.000,0.000,117996.4,5.993,1.00,5.00
100.530,12.000,12.000,0.000,2658.919,0.000,0.000,0.000,0.000,0.000,117996.4,5.993,1.00,5.00
100.540,12.000,12.000,0.000,2658.919,0.000,0.000,0.000,0.000,0.000,117996.4,5.993,1.00,5.00
100.550,12.000,12.000,0.000,2658.919,0.000,0.000,0.000,0.000,0.000,117996.4,5.993,1.00,5.00
100.560,12.000,12.000,0.000,2658.919,0.000,0.000,0.000,0.000,0.000,117996.4,5.993,1.00,5.00
100.570,12.000,12.000,0.000,2658.919,0.000,0.000,0.000,0.000,0.000,117996.4,5.993,1.00,5.00
100.580,12.000,12.000,0.000,2658.919,0.000,0.000,0.000,0.000,0.000,117996.4,5.993,1.00,5.00
100.590,12.000,12.000,0.000,2658.919,0.000,0.000,0.000,0.000,0.000,117996.4,5.993,1.00,5.00
100.600,12.000,12.000,0.000,2658.919,0.000,0.000,0.000,0.000,0.000,117996.4,5.993,1.00,5.00
100.610,12.000,12.000,0.000,2658.919,0.000,0.000,0.000,0.000,0.000,117996.4,5.993,1.00,5.00
100.620,12.000,12.000,0.000,2658.919,0.000,0.000,0.000,0.000,0.000,117996.4,5.993,1.00,5.00
100.630,12.000,12.000,0.000,2658.919,0.000,0.000,0.000,0.000,0.000,117996.4,5.993,1.00,5.00
100.640,12.000,12.000,0.000,2658.919,0.000,0.000,0.000,0.000,0.000,117996.4,5.993,1.00,5.00
100.650,12.000,12.000,0.000,2658.919,0.000,0.000,0.000,0.000,0.000,117996.4,5.993,1.00,5.00
100.660,12.000,12.000,0.000,2658.919,0.000,0.000,0.000,0.000,0.000,117996.4,5.993,1.00,5.00
100.670,12.000,12.000,0.000,2658.919,0.000,0.000,0.000,0.000,0.000,117996.4,5.993,1.00,5.00
100.680,12.000,12.000,0.000,2658.919,0.000,0.000,0.000,0.000,0.000,117996.4,5.993,1.00,5.00
100.690,12.000,12.000,0.000,2658.919,0.000,0.000,0.000,0.000,0.000,117996.4,5.993,1.00,5.00
100.700,12.000,12.000,0.000,2658.919,0.000,0.000,0.000,0.000,0.000,117996.4,5.993,1.00,5.00
100.710,12.000,12.000,0.000,2658.919,0.000,0.000,0.000,0.000,0.000,117996.4,5.993,1.00,5.00
100.720,12.000,12.000,0.000,2658.919,0.000,0.000,0.000,0.000,0.000,117996.4,5.993,1.00,5.00
100.730,12.000,12.000,0.000,2658.919,0.000,0.000,0.000,0.000,0.000,117996.4,5.993,1.00,5.00
100.740,12.000,12.000,0.000,2658.919,0.000,0.000,0.000,0.000,0.000,117996.4,5.993,1.00,5.00
100.750,12.000,12.000,0.000,2658.919,0.000,0.000,0.000,0.000,0.000,117996.4,5.993,1.00,5.00
100.760,12.000,12.000,0.000,2658.919,0.000,0.000,0.000,0.000,0.000,117996.4,5.993,1.00,5.00
100.770,12.000,12.000,0.000,2658.919,0.000,0.000,0.000,0.000,0.000,117996.4,5.993,1.00,5.00
100.780,12.000,12.000,0.000,2658.919,0.000,0.000,0.000,0.000,0.000,117996.4,5.993,1.00,5.00
100.790,12.000,12.000,0.000,2658.919,0.000,0.000,0.000,0.000,0.000,117996.4,5.993,1.00,5.00
100.800,12.000,12.000,0.000,2658.919,0.000,0.000,0.000,0.000,0.000,117996.4,5.993,1.00,5.00
100.810,12.000,12.000,0.000,2658.919,0.000,0.000,0.000,0.000,0.000,117996.4,5.993,1.00,5.00
100.820,12.000,12.000,0.000,2658.919,0.000,0.000,0.000,0.000,0.000,117996.4,5.993,1.00,5.00
100.830,12.000,12.000,0.000,2658.919,0.000,0.000,0.000,0.000,0.000,117996.4,5.993,1.00,5.00
100.840,12.000,12.000,0.000,2658.919,0.000,0.000,0.000,0.000,0.000,117996.4,5.993,1.00,5.00
100.850,12.000,12.000,0.000,2658.919,0.000,0.000,0.000,0.000,0.000,117996.4,5.993,1.00,5.00
100.860,12.000,12.000,0.000,2658.919,0.000,0.000,0.000,0.000,0.000,117996.4,5.993,1.00,5.00
100.870,12.000,12.000,0.000,2658.919,0.000,0.000,0.000,0.000,0.000,117996.4,5.993,1.00,5.00
100.880,12.000,12.000,0.000,2658.919,0.000,0.000,0.000,0.000,0.000,117996.4,5.993,1.00,5.00
100.890,12.000,12.000,0.000,2658.919,0.000,0.000,0.000,0.000,0.000,117996.4,5.993,1.00,5.00
100.900,12.000,12.000,0.000,2658.919,0.000,0.000,0.000,0.000,0.000,117996.4,5.993,1.00,5.00
100.910,12.000,12.000,0.000,2658.919,0.000,0.000,0.000,0.000,0.000,117996.4,5.993,1.00,5.00
100.920,12.000,12.010,-0.010,0.000,34.412,0.000,0.000,0.000,0.000,117992.0,5.921,1.00,5.00
100.930,12.000,12.010,-0.010,0.000,1.642,0.000,0.000,0.000,0.000,117987.6,5.850,1.00,5.00
100.940,12.000,12.010,-0.010,0.000,1.642,0.000,0.000,0.000,0.000,117987.6,5.844,1.00,5.00
100.950,12.000,12.010,-0.010,0.000,1.643,0.000,0.000,0.000,0.000,117987.6,5.839,1.00,5.00
100.960,12.000,12.010,-0.010,0.000,1.643,0.000,0.000,0.000,0.000,117987.6,5.833,1.00,5.00
100.970,12.000,12.000,0.000,20353.017,0.000,0.000,0.000,0.000,0.000,117987.6,5.900,1.00,5.00
100.980,12.000,11.990,0.010,23898.207,0.000,0.000,0.000,0.000,0.000,117987.6,6.039,1.00,5.00
100.990,12.000,11.990,0.010,6206.254,0.000,0.000,0.000,0.000,0.000,118038.5,6.147,1.00,5.00
101.000,12.000,11.990,0.010,6208.829,0.000,0.000,0.000,0.000,0.000,118062.3,6.190,1.00,5.00
101.010,12.000,11.990,0.010,6209.170,0.000,0.000,0.000,0.000,0.000,118063.4,6.197,1.00,5.00
101.020,12.000,12.000,0.000,0.000,27.858,0.000,0.000,0.000,0.000,118054.1,6.132,1.00,5.00
101.030,12.000,12.000,0.000,2662.126,0.000,0.000,0.000,0.000,0.000,118044.7,6.068,1.00,5.00
101.040,12.000,11.990,0.010,23912.615,0.000,0.000,0.000,0.000,0.000,118044.7,6.134,1.00,5.00
101.050,12.000,12.000,0.000,0.000,27.855,0.000,0.000,0.000,0.000,118044.7,6.134,1.00,5.00
101.060,12.000,12.000,0.000,2663.760,0.000,0.000,0.000,0.000,0.000,118028.8,6.106,1.00,5.00
101.070,12.000,11.990,0.010,23911.377,0.000,0.000,0.000,0.000,0.000,118028.8,6.172,1.00,5.00
101.080,12.000,11.990,0.010,6210.294,0.000,0.000,0.000,0.000,0.000,118033.2,6.244,1.00,5.00
101.090,12.000,12.000,0.000,0.000,27.841,0.000,0.000,0.000,0.000,118017.3,6.215,1.00,5.00
101.100,12.000,12.000,0.000,2665.710,0.000,0.000,0.000,0.000,0.000,118008.0,6.151,1.00,5.00
101.110,12.000,11.990,0.010,23909.575,0.000,0.000,0.000,0.000,0.000,118008.0,6.217,1.00,5.00
101.120,12.000,11.990,0.010,6211.616,0.000,0.000,0.000,0.000,0.000,118012.4,6.289,1.00,5.00
101.130,12.000,12.000,0.000,0.000,27.832,0.000,0.000,0.000,0.000,117996.5,6.260,1.00,5.00
101.140,12.000,11.990,0.010,23909.866,0.000,0.000,0.000,0.000,0.000,117997.5,6.268,1.00,5.00
101.150,12.000,11.990,0.010,6213.109,0.000,0.000,0.000,0.000,0.000,117997.5,6.334,1.00,5.00
101.160,12.000,12.000,0.000,0.000,27.824,0.000,0.000,0.000,0.000,117981.6,6.305,1.00,5.00
101.170,12.000,12.000,0.000,2669.603,0.000,0.000,0.000,0.000,0.000,117972.3,6.241,1.00,5.00
101.180,12.000,12.000,0.000,2669.368,0.000,0.000,0.000,0.000,0.000,117972.3,6.235,1.00,5.00
101.190,12.000,12.000,0.000,2669.368,0.000,0.000,0.000,0.000,0.000,117972.3,6.235,1.00,5.00
101.200,12.000,12.000,0.000,2669.368,0.000,0.000,0.000,0.000,0.000,117972.3,6.235,1.00,5.00
101.210,12.000,12.000,0.000,2669.368,0.000,0.000,0.000,0.000,0.000,117972.3,6.235,1.00,5.00
101.220,12.000,12.000,0.000,2669.368,0.000,0.000,0.000,0.000,0.000,117972.3,6.235,1.00,5.00
101.230,12.000,12.000,0.000,2669.368,0.000,0.000,0.000,0.000,0.000,117972.3,6.235,1.00,5.00
101.240,12.000,12.000,0.000,2669.368,0.000,0.000,0.000,0.000,0.000,117972.3,6.235,1.00,5.00
101.250,12.000,12.000,0.000,2669.368,0.000,0.000,0.000,0.000,0.000,117972.3,6.235,1.00,5.00
101.260,12.000,12.000,0.000,2669.368,0.000,0.000,0.000,0.000,0.000,117972.3,6.235,1.00,5.00
101.270,12.000,12.000,0.000,2669.368,0.000,0.000,0.000,0.000,0.000,117972.3,6.235,1.00,5.00
101.280,12.000,12.000,0.000,2669.368,0.000,0.000,0.000,0.000,0.000,117972.3,6.235,1.00,5.00
101.290,12.000,12.000,0.000,2669.368,0.000,0.000,0.000,0.000,0.000,117972.3,6.235,1.00,5.00
101.300,12.000,12.000,0.000,2669.368,0.000,0.000,0.000,0.000,0.000,117972.3,6.235,1.00,5.00
101.310,12.000,12.000,0.000,2669.368,0.000,0.000,0.000,0.000,0.000,117972.3,6.235,1.00,5.00
101.320,12.000,12.000,0.000,2669.368,0.000,0.000,0.000,0.000,0.000,117972.3,6.235,1.00,5.00
101.330,12.000,12.000,0.000,2669.368,0.000,0.000,0.000,0.000,0.000,117972.3,6.235,1.00,5.00
101.340,12.000,12.000,0.000,2669.368,0.000,0.000,0.000,0.000,0.000,117972.3,6.235,1.00,5.00
101.350,12.000,12.000,0.000,2669.368,0.000,0.000,0.000,0.000,0.000,117972.3,6.235,1.00,5.00
101.360,12.000,12.000,0.000,2669.368,0.000,0.000,0.000,0.000,0.000,117972.3,6.235,1.00,5.00
101.370,12.000,12.000,0.000,2669.368,0.000,0.000,0.000,0.000,0.000,117972.3,6.235,1.00,5.00
101.380,12.000,12.000,0.000,2669.368,0.000,0.000,0.000,0.000,0.000,117972.3,6.235,1.00,5.00
101.390,12.000,12.000,0.000,2669.368,0.000,0.000,0.000,0.000,0.000,117972.3,6.235,1.00,5.00
101.400,12.000,12.000,0.000,2669.368,0.000,0.000,0.000,0.000,0.000,117972.3,6.235,1.00,5.00
101.410,12.000,12.000,0.000,2669.368,0.000,0.000,0.000,0.000,0.000,117972.3,6.235,1.00,5.00
101.420,12.000,12.000,0.000,2669.368,0.000,0.000,0.000,0.000,0.000,117972.3,6.235,1.00,5.00
101.430,12.000,12.000,0.000,2669.368,0.000,0.000,0.000,0.000,0.000,117972.3,6.235,1.00,5.00
101.440,12.000,12.000,0.000,2669.368,0.000,0.000,0.000,0.000,0.000,117972.3,6.235,1.00,5.00
101.450,12.000,12.000,0.000,2669.368,0.000,0.000,0.000,0.000,0.000,117972.3,6.235,1.00,5.00
101.460,12.000,12.000,0.000,2669.368,0.000,0.000,0.000,0.000,0.000,117972.3,6.235,1.00,5.00
101.470,12.000,12.000,0.000,2669.368,0.000,0.000,0.000,0.000,0.000,117972.3,6.235,1.00,5.00
101.480,12.000,12.000,0.000,2669.368,0.000,0.000,0.000,0.000,0.000,117972.3,6.235,1.00,5.00
101.490,12.000,12.000,0.000,2669.368,0.000,0.000,0.000,0.000,0.000,117972.3,6.235,1.00,5.00
101.500,12.000,12.000,0.000,2669.368,0.000,0.000,0.000,0.000,0.000,117972.3,6.235,1.00,5.00
101.510,12.000,12.000,0.000,2669.368,0.000,0.000,0.000,0.000,0.000,117972.3,6.235,1.00,5.00
101.520,12.000,12.000,0.000,2669.368,0.000,0.000,0.000,0.000,0.000,117972.3,6.235,1.00,5.00
101.530,12.000,12.000,0.000,2669.368,0.000,0.000,0.000,0.000,0.000,117972.3,6.235,1.00,5.00
101.540,12.000,12.000,0.000,2669.368,0.000,0.000,0.000,0.000,0.000,117972.3,6.235,1.00,5.00
101.550,12.000,12.000,0.000,2669.368,0.000,0.000,0.000,0.000,0.000,117972.3,6.235,1.00,5.00
101.560,12.000,12.000,0.000,2669.368,0.000,0.000,0.000,0.000,0.000,117972.3,6.235,1.00,5.00
101.570,12.000,12.000,0.000,2669.368,0.000,0.000,0.000,0.000,0.000,117972.3,6.235,1.00,5.00
101.580,12.000,12.000,0.000,2669.368,0.000,0.000,0.000,0.000,0.000,117972.3,6.235,1.00,5.00
101.590,12.000,12.000,0.000,2669.368,0.000,0.000,0.000,0.000,0.000,117972.3,6.235,1.00,5.00
101.600,12.000,12.000,0.000,2669.368,0.000,0.000,0.000,0.000,0.000,117972.3,6.235,1.00,5.00
101.610,12.000,12.000,0.000,2669.368,0.000,0.000,0.000,0.000,0.000,117972.3,6.235,1.00,5.00
101.620,12.000,12.000,0.000,2669.368,0.000,0.000,0.000,0.000,0.000,117972.3,6.235,1.00,5.00
101.630,12.000,12.000,0.000,2669.368,0.000,0.000,0.000,0.000,0.000,117972.3,6.235,1.00,5.00
101.640,12.000,12.000,0.000,2669.368,0.000,0.000,0.000,0.000,0.000,117972.3,6.235,1.00,5.00
101.650,12.000,12.000,0.000,2669.368,0.000,0.000,0.000,0.000,0.000,117972.3,6.235,1.00,5.00
101.660,12.000,12.000,0.000,2669.368,0.000,0.000,0.000,0.000,0.000,117972.3,6.235,1.00,5.00
101.670,12.000,12.000,0.000,2669.368,0.000,0.000,0.000,0.000,0.000,117972.3,6.235,1.00,5.00
101.680,12.000,12.000,0.000,2669.368,0.000,0.000,0.000,0.000,0.000,117972.3,6.235,1.00,5.00
101.690,12.000,12.000,0.000,2669.368,0.000,0.000,0.000,0.000,0.000,117972.3,6.235,1.00,5.00
101.700,12.000,12.000,0.000,2669.368,0.000,0.000,0.000,0.000,0.000,117972.3,6.235,1.00,5.00
101.710,12.000,12.000,0.000,2669.368,0.000,0.000,0.000,0.000,0.000,117972.3,6.235,1.00,5.00
101.720,12.000,12.000,0.000,2669.368,0.000,0.000,0.000,0.000,0.000,117972.3,6.235,1.00,5.00
101.730,12.000,12.000,0.000,2669.368,0.000,0.000,0.000,0.000,0.000,117972.3,6.235,1.00,5.00
101.740,12.000,12.000,0.000,2669.368,0.000,0.000,0.000,0.000,0.000,117972.3,6.235,1.00,5.00
101.750,12.000,12.000,0.000,2669.368,0.000,0.000,0.000,0.000,0.000,117972.3,6.235,1.00,5.00
101.760,12.000,12.000,0.000,2669.368,0.000,0.000,0.000,0.000,0.000,117972.3,6.235,1.00,5.00
101.770,12.000,12.000,0.000,2669.368,0.000,0.000,0.000,0.000,0.000,117972.3,6.235,1.00,5.00
101.780,12.000,12.000,0.000,2669.368,0.000,0.000,0.000,0.000,0.000,117972.3,6.235,1.00,5.00
101.790,12.000,12.000,0.000,2669.368,0.000,0.000,0.000,0.000,0.000,117972.3,6.235,1.00,5.00
101.800,12.000,12.000,0.000,2669.368,0.000,0.000,0.000,0.000,0.000,117972.3,6.235,1.00,5.00
101.810,12.000,12.000,0.000,2669.368,0.000,0.000,0.000,0.000,0.000,117972.3,6.235,1.00,5.00
101.820,12.000,12.000,0.000,2669.368,0.000,0.000,0.000,0.000,0.000,117972.3,6.235,1.00,5.00
101.830,12.000,12.000,0.000,2669.368,0.000,0.000,0.000,0.000,0.000,117972.3,6.235,1.00,5.00
101.840,12.000,12.000,0.000,2669.368,0.000,0.000,0.000,0.000,0.000,117972.3,6.235,1.00,5.00
101.850,12.000,12.000,0.000,2669.368,0.000,0.000,0.000,0.000,0.000,117972.3,6.235,1.00,5.00
101.860,12.000,12.000,0.000,2669.368,0.000,0.000,0.000,0.000,0.000,117972.3,6.235,1.00,5.00
101.870,12.000,12.000,0.000,2669.368,0.000,0.000,0.000,0.000,0.000,117972.3,6.235,1.00,5.00
101.880,12.000,12.000,0.000,2669.368,0.000,0.000,0.000,0.000,0.000,117972.3,6.235,1.00,5.00
101.890,12.000,12.000,0.000,2669.368,0.000,0.000,0.000,0.000,0.000,117972.3,6.235,1.00,5.00
101.900,12.000,12.000,0.000,2669.368,0.000,0.000,0.000,0.000,0.000,117972.3,6.235,1.00,5.00
101.910,12.000,12.000,0.000,2669.368,0.000,0.000,0.000,0.000,0.000,117972.3,6.235,1.00,5.00
101.920,12.000,12.000,0.000,2669.368,0.000,0.000,0.000,0.000,0.000,117972.3,6.235,1.00,5.00
101.930,12.000,12.000,0.000,2669.368,0.000,0.000,0.000,0.000,0.000,117972.3,6.235,1.00,5.00
101.940,12.000,12.000,0.000,2669.368,0.000,0.000,0.000,0.000,0.000,117972.3,6.235,1.00,5.00
101.950,12.000,12.000,0.000,2669.368,0.000,0.000,0.000,0.000,0.000,117972.3,6.235,1.00,5.00
101.960,12.000,12.000,0.000,2669.368,0.000,0.000,0.000,0.000,0.000,117972.3,6.235,1.00,5.00
101.970,12.000,12.000,0.000,2669.368,0.000,0.000,0.000,0.000,0.000,117972.3,6.235,1.00,5.00
101.980,12.000,12.000,0.000,2669.368,0.000,0.000,0.000,0.000,0.000,117972.3,6.235,1.00,5.00
101.990,12.000,12.000,0.000,2669.368,0.000,0.000,0.000,0.000,0.000,117972.3,6.235,1.00,5.00
102.000,12.000,12.000,0.000,2669.368,0.000,0.000,0.000,0.000,0.000,117972.3,6.235,1.00,5.00
102.010,12.000,12.000,0.000,2669.368,0.000,0.000,0.000,0.000,0.000,117972.3,6.235,1.00,5.00
102.020,12.000,12.000,0.000,2669.368,0.000,0.000,0.000,0.000,0.000,117972.3,6.235,1.00,5.00
102.030,12.000,12.000,0.000,2669.368,0.000,0.000,0.000,0.000,0.000,117972.3,6.235,1.00,5.00
102.050,12.000,12.000,0.000,2669.368,0.000,0.000,0.000,0.000,0.000,117972.3,6.235,1.00,5.00
102.060,12.000,12.000,0.000,2669.368,0.000,0.000,0.000,0.000,0.000,117972.3,6.235,1.00,5.00
102.070,12.000,12.000,0.000,2669.368,0.000,0.000,0.000,0.000,0.000,117972.3,6.235,1.00,5.00
102.080,12.000,12.000,0.000,2669.368,0.000,0.000,0.000,0.000,0.000,117972.3,6.235,1.00,5.00
102.090,12.000,12.000,0.000,2669.368,0.000,0.000,0.000,0.000,0.000,117972.3,6.235,1.00,5.00
102.100,12.000,12.000,0.000,2669.368,0.000,0.000,0.000,0.000,0.000,117972.3,6.235,1.00,5.00
102.110,12.000,12.000,0.000,2669.368,0.000,0.000,0.000,0.000,0.000,117972.3,6.235,1.00,5.00
102.120,12.000,12.000,0.000,2669.368,0.000,0.000,0.000,0.000,0.000,117972.3,6.235,1.00,5.00
102.130,12.000,12.000,0.000,2669.368,0.000,0.000,0.000,0.000,0.000,117972.3,6.235,1.00,5.00
102.140,12.000,12.000,0.000,2669.368,0.000,0.000,0.000,0.000,0.000,117972.3,6.235,1.00,5.00
102.150,12.000,12.000,0.000,2669.368,0.000,0.000,0.000,0.000,0.000,117972.3,6.235,1.00,5.00
                                                                                                                                                                                                                                                                                                                                                                                                                                                                                                                                                                                                                                                                                                                                                                                                                                                                                                                                                                                                                                                                                                                                                                                                                                                                                                                                                                                                                                                                                                                                                                 